STATION,STATION_NAME,DATE,PRCP,SNWD,SNOW,TMAX,TMIN,AWND,WDF2,WDF5,WSF2,WSF5,PGTM,FMTM
GHCND:USW00003812,ASHEVILLE REGIONAL AIRPORT NC US,20070101,8,0,0,178,17,51,340,340,125,148,1705,1639
GHCND:USW00003812,ASHEVILLE REGIONAL AIRPORT NC US,20070102,0,0,0,128,-17,49,330,320,143,179,344,345
GHCND:USW00003812,ASHEVILLE REGIONAL AIRPORT NC US,20070103,0,0,0,128,-50,21,190,200,67,76,1655,1423
GHCND:USW00003812,ASHEVILLE REGIONAL AIRPORT NC US,20070104,15,0,0,172,6,28,200,190,72,89,1616,1559
GHCND:USW00003812,ASHEVILLE REGIONAL AIRPORT NC US,20070105,218,0,0,172,94,26,180,180,80,107,1721,1722
GHCND:USW00003812,ASHEVILLE REGIONAL AIRPORT NC US,20070106,0,0,0,189,61,21,330,320,54,63,1911,1920
GHCND:USW00003812,ASHEVILLE REGIONAL AIRPORT NC US,20070107,485,0,0,106,33,15,190,190,63,72,1254,1251
GHCND:USW00003812,ASHEVILLE REGIONAL AIRPORT NC US,20070108,41,0,0,122,-17,51,340,350,107,134,1153,1404
GHCND:USW00003812,ASHEVILLE REGIONAL AIRPORT NC US,20070109,10,0,23,56,-50,43,330,330,112,148,2353,2323
GHCND:USW00003812,ASHEVILLE REGIONAL AIRPORT NC US,20070110,0,0,0,39,-50,39,320,310,107,148,7,115
GHCND:USW00003812,ASHEVILLE REGIONAL AIRPORT NC US,20070111,0,0,0,72,-61,29,140,130,67,80,1421,1422
GHCND:USW00003812,ASHEVILLE REGIONAL AIRPORT NC US,20070112,0,0,0,133,44,24,190,170,58,76,1322,1352
GHCND:USW00003812,ASHEVILLE REGIONAL AIRPORT NC US,20070113,0,0,0,183,67,23,180,190,63,76,1344,1344
GHCND:USW00003812,ASHEVILLE REGIONAL AIRPORT NC US,20070114,0,0,0,189,39,22,180,190,67,72,1623,1510
GHCND:USW00003812,ASHEVILLE REGIONAL AIRPORT NC US,20070115,0,0,0,189,111,49,200,200,89,116,1450,1450
GHCND:USW00003812,ASHEVILLE REGIONAL AIRPORT NC US,20070116,0,0,0,117,-22,71,330,330,130,161,2036,2103
GHCND:USW00003812,ASHEVILLE REGIONAL AIRPORT NC US,20070117,0,0,0,28,-39,37,330,340,98,116,46,46
GHCND:USW00003812,ASHEVILLE REGIONAL AIRPORT NC US,20070118,3,0,0,28,-28,17,330,330,54,63,2329,2326
GHCND:USW00003812,ASHEVILLE REGIONAL AIRPORT NC US,20070119,0,0,0,61,-11,67,350,350,116,148,2154,2149
GHCND:USW00003812,ASHEVILLE REGIONAL AIRPORT NC US,20070120,0,0,0,67,-28,50,330,330,107,139,925,551
GHCND:USW00003812,ASHEVILLE REGIONAL AIRPORT NC US,20070121,71,0,0,33,0,29,170,140,67,80,1237,2136
GHCND:USW00003812,ASHEVILLE REGIONAL AIRPORT NC US,20070122,0,0,0,67,11,43,340,340,89,107,1514,1514
GHCND:USW00003812,ASHEVILLE REGIONAL AIRPORT NC US,20070123,0,0,0,33,-11,51,340,360,76,112,254,416
GHCND:USW00003812,ASHEVILLE REGIONAL AIRPORT NC US,20070124,0,0,0,72,-22,47,340,350,89,103,423,420
GHCND:USW00003812,ASHEVILLE REGIONAL AIRPORT NC US,20070125,0,0,0,33,-39,72,330,320,125,148,1631,1624
GHCND:USW00003812,ASHEVILLE REGIONAL AIRPORT NC US,20070126,0,0,0,94,-67,31,330,330,98,134,37,101
GHCND:USW00003812,ASHEVILLE REGIONAL AIRPORT NC US,20070127,0,0,0,156,-61,30,220,220,94,116,1653,1653
GHCND:USW00003812,ASHEVILLE REGIONAL AIRPORT NC US,20070128,0,0,0,67,-100,63,290,310,116,174,2127,2128
GHCND:USW00003812,ASHEVILLE REGIONAL AIRPORT NC US,20070129,0,0,0,11,-128,38,340,360,112,143,319,2359
GHCND:USW00003812,ASHEVILLE REGIONAL AIRPORT NC US,20070130,0,0,0,89,-72,30,310,310,107,156,1341,1341
GHCND:USW00003812,ASHEVILLE REGIONAL AIRPORT NC US,20070131,0,0,0,33,-100,42,350,360,94,130,546,543
GHCND:USW00003812,ASHEVILLE REGIONAL AIRPORT NC US,20070201,30,0,0,17,-28,28,190,190,76,98,345,346
GHCND:USW00003812,ASHEVILLE REGIONAL AIRPORT NC US,20070202,0,0,0,78,-39,33,340,340,103,139,2043,1950
GHCND:USW00003812,ASHEVILLE REGIONAL AIRPORT NC US,20070203,0,0,0,33,-72,28,310,270,94,148,1154,1427
GHCND:USW00003812,ASHEVILLE REGIONAL AIRPORT NC US,20070204,0,0,0,44,-67,33,320,310,98,130,1514,1632
GHCND:USW00003812,ASHEVILLE REGIONAL AIRPORT NC US,20070205,0,0,0,0,-83,50,20,360,89,107,1500,1401
GHCND:USW00003812,ASHEVILLE REGIONAL AIRPORT NC US,20070206,0,0,0,67,-89,37,190,210,67,89,2238,1638
GHCND:USW00003812,ASHEVILLE REGIONAL AIRPORT NC US,20070207,0,0,0,111,-17,64,340,320,107,148,423,2053
GHCND:USW00003812,ASHEVILLE REGIONAL AIRPORT NC US,20070208,0,0,0,67,-28,59,330,340,107,130,551,407
GHCND:USW00003812,ASHEVILLE REGIONAL AIRPORT NC US,20070209,0,0,0,28,-50,61,340,330,98,125,512,512
GHCND:USW00003812,ASHEVILLE REGIONAL AIRPORT NC US,20070210,0,0,0,44,-67,55,330,360,94,116,1851,934
GHCND:USW00003812,ASHEVILLE REGIONAL AIRPORT NC US,20070211,0,0,0,100,-89,18,160,150,54,72,1338,1650
GHCND:USW00003812,ASHEVILLE REGIONAL AIRPORT NC US,20070212,0,0,0,178,-50,22,160,190,67,89,1448,1652
GHCND:USW00003812,ASHEVILLE REGIONAL AIRPORT NC US,20070213,79,0,0,94,28,24,180,140,63,76,958,1632
GHCND:USW00003812,ASHEVILLE REGIONAL AIRPORT NC US,20070214,3,0,0,50,-67,71,340,340,139,174,1246,1551
GHCND:USW00003812,ASHEVILLE REGIONAL AIRPORT NC US,20070215,0,0,0,11,-83,69,340,340,125,156,126,127
GHCND:USW00003812,ASHEVILLE REGIONAL AIRPORT NC US,20070216,0,0,0,11,-89,53,340,360,89,116,428,1509
GHCND:USW00003812,ASHEVILLE REGIONAL AIRPORT NC US,20070217,0,0,0,50,-100,25,210,210,80,98,1441,1349
GHCND:USW00003812,ASHEVILLE REGIONAL AIRPORT NC US,20070218,0,0,25,39,-50,78,330,340,148,183,2012,2104
GHCND:USW00003812,ASHEVILLE REGIONAL AIRPORT NC US,20070219,0,0,0,117,-67,30,350,360,80,112,2356,2356
GHCND:USW00003812,ASHEVILLE REGIONAL AIRPORT NC US,20070220,0,0,0,133,-28,27,190,200,67,94,2203,2132
GHCND:USW00003812,ASHEVILLE REGIONAL AIRPORT NC US,20070221,51,0,0,183,44,21,360,10,94,116,1158,1158
GHCND:USW00003812,ASHEVILLE REGIONAL AIRPORT NC US,20070222,0,0,0,178,28,81,320,330,148,206,1453,1719
GHCND:USW00003812,ASHEVILLE REGIONAL AIRPORT NC US,20070223,0,0,0,111,6,73,340,330,148,179,12,359
GHCND:USW00003812,ASHEVILLE REGIONAL AIRPORT NC US,20070224,0,0,0,133,-50,30,150,150,63,89,1454,1751
GHCND:USW00003812,ASHEVILLE REGIONAL AIRPORT NC US,20070225,206,0,0,111,22,37,180,200,72,98,1639,1652
GHCND:USW00003812,ASHEVILLE REGIONAL AIRPORT NC US,20070226,0,0,0,144,6,33,330,330,98,116,1754,1758
GHCND:USW00003812,ASHEVILLE REGIONAL AIRPORT NC US,20070227,0,0,0,156,-17,25,10,10,72,94,1714,1714
GHCND:USW00003812,ASHEVILLE REGIONAL AIRPORT NC US,20070228,0,0,0,167,-33,22,150,160,63,94,1650,1633
GHCND:USW00003812,ASHEVILLE REGIONAL AIRPORT NC US,20070301,605,0,0,128,39,24,160,110,54,67,1249,1220
GHCND:USW00003812,ASHEVILLE REGIONAL AIRPORT NC US,20070302,5,0,0,139,33,46,340,280,103,148,1550,534
GHCND:USW00003812,ASHEVILLE REGIONAL AIRPORT NC US,20070303,0,0,0,144,-6,46,340,280,107,148,1610,2258
GHCND:USW00003812,ASHEVILLE REGIONAL AIRPORT NC US,20070304,0,0,0,33,-39,61,340,330,94,116,945,1440
GHCND:USW00003812,ASHEVILLE REGIONAL AIRPORT NC US,20070305,0,0,0,139,-22,59,330,10,98,134,135,1712
GHCND:USW00003812,ASHEVILLE REGIONAL AIRPORT NC US,20070306,0,0,0,144,22,48,330,320,139,165,247,244
GHCND:USW00003812,ASHEVILLE REGIONAL AIRPORT NC US,20070307,0,0,0,200,-6,25,280,300,94,130,1653,1203
GHCND:USW00003812,ASHEVILLE REGIONAL AIRPORT NC US,20070308,0,0,0,183,-11,13,170,180,67,94,1552,1429
GHCND:USW00003812,ASHEVILLE REGIONAL AIRPORT NC US,20070309,0,0,0,139,11,26,120,130,67,94,1639,1639
GHCND:USW00003812,ASHEVILLE REGIONAL AIRPORT NC US,20070310,0,0,0,178,28,19,170,180,80,98,1153,1142
GHCND:USW00003812,ASHEVILLE REGIONAL AIRPORT NC US,20070311,0,0,0,189,61,30,330,360,72,103,1248,1641
GHCND:USW00003812,ASHEVILLE REGIONAL AIRPORT NC US,20070312,0,0,0,200,11,7,190,190,45,54,1929,1930
GHCND:USW00003812,ASHEVILLE REGIONAL AIRPORT NC US,20070313,0,0,0,239,11,10,200,200,40,54,1857,1858
GHCND:USW00003812,ASHEVILLE REGIONAL AIRPORT NC US,20070314,3,0,0,239,89,19,200,200,94,130,1452,1452
GHCND:USW00003812,ASHEVILLE REGIONAL AIRPORT NC US,20070315,43,0,0,222,67,25,180,210,89,116,1349,1328
GHCND:USW00003812,ASHEVILLE REGIONAL AIRPORT NC US,20070316,378,0,0,139,0,51,340,340,130,156,2205,2206
GHCND:USW00003812,ASHEVILLE REGIONAL AIRPORT NC US,20070317,0,0,0,50,-17,71,330,340,143,174,404,406
GHCND:USW00003812,ASHEVILLE REGIONAL AIRPORT NC US,20070318,0,0,0,83,-39,30,330,350,80,112,849,1704
GHCND:USW00003812,ASHEVILLE REGIONAL AIRPORT NC US,20070319,3,0,0,172,-50,30,210,210,89,103,1653,1704
GHCND:USW00003812,ASHEVILLE REGIONAL AIRPORT NC US,20070320,18,0,0,217,56,25,340,360,72,89,1249,1249
GHCND:USW00003812,ASHEVILLE REGIONAL AIRPORT NC US,20070321,0,0,0,167,94,18,130,150,63,76,1616,1626
GHCND:USW00003812,ASHEVILLE REGIONAL AIRPORT NC US,20070322,0,0,0,217,100,36,180,170,89,103,1240,1241
GHCND:USW00003812,ASHEVILLE REGIONAL AIRPORT NC US,20070323,0,0,0,250,44,9,190,210,58,72,1848,1849
GHCND:USW00003812,ASHEVILLE REGIONAL AIRPORT NC US,20070324,0,0,0,256,72,15,340,340,63,76,1220,1206
GHCND:USW00003812,ASHEVILLE REGIONAL AIRPORT NC US,20070325,0,0,0,272,78,15,140,160,63,72,1443,1436
GHCND:USW00003812,ASHEVILLE REGIONAL AIRPORT NC US,20070326,0,0,0,233,128,34,170,120,58,76,1646,2136
GHCND:USW00003812,ASHEVILLE REGIONAL AIRPORT NC US,20070327,0,0,0,256,106,15,340,10,58,80,1210,1236
GHCND:USW00003812,ASHEVILLE REGIONAL AIRPORT NC US,20070328,0,0,0,261,100,16,350,350,89,107,1713,1720
GHCND:USW00003812,ASHEVILLE REGIONAL AIRPORT NC US,20070329,36,0,0,167,78,23,160,160,54,67,1735,1744
GHCND:USW00003812,ASHEVILLE REGIONAL AIRPORT NC US,20070330,0,0,0,189,78,26,160,180,54,67,1326,1335
GHCND:USW00003812,ASHEVILLE REGIONAL AIRPORT NC US,20070331,0,0,0,239,83,22,190,190,89,112,1728,1728
GHCND:USW00003812,ASHEVILLE REGIONAL AIRPORT NC US,20070401,13,0,0,194,144,39,200,210,80,112,1047,1048
GHCND:USW00003812,ASHEVILLE REGIONAL AIRPORT NC US,20070402,0,0,0,250,106,16,340,10,58,89,1242,1255
GHCND:USW00003812,ASHEVILLE REGIONAL AIRPORT NC US,20070403,0,0,0,256,67,24,340,330,107,148,2345,2346
GHCND:USW00003812,ASHEVILLE REGIONAL AIRPORT NC US,20070404,20,0,0,211,67,61,340,330,116,143,1555,1556
GHCND:USW00003812,ASHEVILLE REGIONAL AIRPORT NC US,20070405,0,0,0,100,6,74,330,340,125,143,320,150
GHCND:USW00003812,ASHEVILLE REGIONAL AIRPORT NC US,20070406,0,0,0,100,-33,62,330,330,116,134,2307,2228
GHCND:USW00003812,ASHEVILLE REGIONAL AIRPORT NC US,20070407,3,25,33,33,-67,50,350,340,112,143,3,3
GHCND:USW00003812,ASHEVILLE REGIONAL AIRPORT NC US,20070408,0,0,0,89,-56,38,340,330,89,98,1757,1758
GHCND:USW00003812,ASHEVILLE REGIONAL AIRPORT NC US,20070409,0,0,0,111,-11,17,310,210,54,67,1830,1853
GHCND:USW00003812,ASHEVILLE REGIONAL AIRPORT NC US,20070410,0,0,0,139,-39,20,160,110,72,89,1723,1507
GHCND:USW00003812,ASHEVILLE REGIONAL AIRPORT NC US,20070411,89,0,0,89,61,31,160,170,58,72,720,721
GHCND:USW00003812,ASHEVILLE REGIONAL AIRPORT NC US,20070412,0,0,0,194,33,42,280,310,112,161,1234,1349
GHCND:USW00003812,ASHEVILLE REGIONAL AIRPORT NC US,20070413,0,0,0,178,22,61,340,330,98,125,913,1024
GHCND:USW00003812,ASHEVILLE REGIONAL AIRPORT NC US,20070414,61,0,0,200,56,27,150,150,89,112,1403,1404
GHCND:USW00003812,ASHEVILLE REGIONAL AIRPORT NC US,20070415,150,0,0,150,33,98,340,330,219,295,2132,2140
GHCND:USW00003812,ASHEVILLE REGIONAL AIRPORT NC US,20070416,0,0,0,156,50,133,330,340,206,259,843,948
GHCND:USW00003812,ASHEVILLE REGIONAL AIRPORT NC US,20070417,0,0,0,194,83,97,330,330,192,250,32,145
GHCND:USW00003812,ASHEVILLE REGIONAL AIRPORT NC US,20070418,3,0,0,200,72,22,190,330,72,94,1333,1520
GHCND:USW00003812,ASHEVILLE REGIONAL AIRPORT NC US,20070419,104,0,0,144,56,27,330,360,89,107,1739,1823
GHCND:USW00003812,ASHEVILLE REGIONAL AIRPORT NC US,20070420,0,0,0,189,61,20,350,350,58,76,1418,1419
GHCND:USW00003812,ASHEVILLE REGIONAL AIRPORT NC US,20070421,0,0,0,217,28,16,180,160,54,72,1509,1509
GHCND:USW00003812,ASHEVILLE REGIONAL AIRPORT NC US,20070422,0,0,0,244,33,22,180,160,67,89,1547,1721
GHCND:USW00003812,ASHEVILLE REGIONAL AIRPORT NC US,20070423,0,0,0,250,39,21,200,210,76,103,1815,1821
GHCND:USW00003812,ASHEVILLE REGIONAL AIRPORT NC US,20070424,0,0,0,250,89,13,340,330,58,72,1156,1730
GHCND:USW00003812,ASHEVILLE REGIONAL AIRPORT NC US,20070425,0,0,0,272,100,31,180,170,89,130,1138,1139
GHCND:USW00003812,ASHEVILLE REGIONAL AIRPORT NC US,20070426,8,0,0,222,144,34,170,200,98,125,1115,1709
GHCND:USW00003812,ASHEVILLE REGIONAL AIRPORT NC US,20070427,0,0,0,228,111,37,330,330,94,116,2305,2309
GHCND:USW00003812,ASHEVILLE REGIONAL AIRPORT NC US,20070428,0,0,0,189,83,39,330,340,103,130,115,132
GHCND:USW00003812,ASHEVILLE REGIONAL AIRPORT NC US,20070429,0,0,0,233,67,36,310,330,98,116,1713,843
GHCND:USW00003812,ASHEVILLE REGIONAL AIRPORT NC US,20070430,0,0,0,283,56,20,330,330,67,94,1015,1117
GHCND:USW00003812,ASHEVILLE REGIONAL AIRPORT NC US,20070501,0,0,0,300,83,21,200,200,80,103,1535,1524
GHCND:USW00003812,ASHEVILLE REGIONAL AIRPORT NC US,20070502,8,0,0,289,100,9,180,190,40,45,1806,1805
GHCND:USW00003812,ASHEVILLE REGIONAL AIRPORT NC US,20070503,122,0,0,250,133,14,210,210,58,72,1335,1336
GHCND:USW00003812,ASHEVILLE REGIONAL AIRPORT NC US,20070504,5,0,0,167,117,34,150,160,63,76,1402,1332
GHCND:USW00003812,ASHEVILLE REGIONAL AIRPORT NC US,20070505,104,0,0,161,106,20,150,150,54,63,509,509
GHCND:USW00003812,ASHEVILLE REGIONAL AIRPORT NC US,20070506,0,0,0,222,106,24,140,150,63,80,1423,1427
GHCND:USW00003812,ASHEVILLE REGIONAL AIRPORT NC US,20070507,0,0,0,217,22,17,170,160,63,72,1630,1633
GHCND:USW00003812,ASHEVILLE REGIONAL AIRPORT NC US,20070508,0,0,0,239,22,20,130,90,63,89,1340,1506
GHCND:USW00003812,ASHEVILLE REGIONAL AIRPORT NC US,20070509,0,0,0,244,139,26,90,80,58,76,1645,1646
GHCND:USW00003812,ASHEVILLE REGIONAL AIRPORT NC US,20070510,0,0,0,272,117,14,170,170,67,89,1643,1644
GHCND:USW00003812,ASHEVILLE REGIONAL AIRPORT NC US,20070511,0,0,0,278,150,19,50,60,63,80,1432,1433
GHCND:USW00003812,ASHEVILLE REGIONAL AIRPORT NC US,20070512,0,0,0,239,144,23,340,340,76,94,1255,1256
GHCND:USW00003812,ASHEVILLE REGIONAL AIRPORT NC US,20070513,0,0,0,267,133,37,330,320,89,107,1236,1136
GHCND:USW00003812,ASHEVILLE REGIONAL AIRPORT NC US,20070514,0,0,0,222,100,30,150,160,63,89,1410,1444
GHCND:USW00003812,ASHEVILLE REGIONAL AIRPORT NC US,20070515,0,0,0,267,100,22,170,210,67,89,1655,1818
GHCND:USW00003812,ASHEVILLE REGIONAL AIRPORT NC US,20070516,5,0,0,228,117,31,340,340,112,134,1658,1659
GHCND:USW00003812,ASHEVILLE REGIONAL AIRPORT NC US,20070517,0,0,0,211,94,46,320,310,94,116,1340,1633
GHCND:USW00003812,ASHEVILLE REGIONAL AIRPORT NC US,20070518,0,0,0,161,72,62,330,320,116,161,1328,1155
GHCND:USW00003812,ASHEVILLE REGIONAL AIRPORT NC US,20070519,0,0,0,217,50,35,330,330,80,107,1401,1402
GHCND:USW00003812,ASHEVILLE REGIONAL AIRPORT NC US,20070520,0,0,0,256,61,32,330,330,72,94,1237,1247
GHCND:USW00003812,ASHEVILLE REGIONAL AIRPORT NC US,20070521,0,0,0,278,44,12,170,160,45,63,1734,1816
GHCND:USW00003812,ASHEVILLE REGIONAL AIRPORT NC US,20070522,0,0,0,278,67,15,170,150,72,89,1454,1437
GHCND:USW00003812,ASHEVILLE REGIONAL AIRPORT NC US,20070523,0,0,0,256,111,18,160,160,72,98,1152,1153
GHCND:USW00003812,ASHEVILLE REGIONAL AIRPORT NC US,20070524,0,0,0,244,128,22,160,160,63,98,1239,1242
GHCND:USW00003812,ASHEVILLE REGIONAL AIRPORT NC US,20070525,0,0,0,272,89,12,350,360,58,72,1208,1049
GHCND:USW00003812,ASHEVILLE REGIONAL AIRPORT NC US,20070526,0,0,0,283,117,17,160,160,63,76,1547,1547
GHCND:USW00003812,ASHEVILLE REGIONAL AIRPORT NC US,20070527,0,0,0,289,117,14,170,140,63,76,1538,1809
GHCND:USW00003812,ASHEVILLE REGIONAL AIRPORT NC US,20070528,0,0,0,278,128,19,170,150,67,94,1310,1708
GHCND:USW00003812,ASHEVILLE REGIONAL AIRPORT NC US,20070529,0,0,0,289,100,14,160,150,63,80,1541,1708
GHCND:USW00003812,ASHEVILLE REGIONAL AIRPORT NC US,20070530,0,0,0,294,94,13,180,150,63,80,1413,1414
GHCND:USW00003812,ASHEVILLE REGIONAL AIRPORT NC US,20070531,0,0,0,294,128,14,340,150,54,72,1615,2240
GHCND:USW00003812,ASHEVILLE REGIONAL AIRPORT NC US,20070601,0,0,0,289,150,18,340,320,89,112,1351,1353
GHCND:USW00003812,ASHEVILLE REGIONAL AIRPORT NC US,20070602,3,0,0,244,144,15,140,110,45,67,1512,1814
GHCND:USW00003812,ASHEVILLE REGIONAL AIRPORT NC US,20070603,20,0,0,244,156,44,320,320,103,125,1240,1241
GHCND:USW00003812,ASHEVILLE REGIONAL AIRPORT NC US,20070604,0,0,0,294,139,24,310,240,67,89,1631,2113
GHCND:USW00003812,ASHEVILLE REGIONAL AIRPORT NC US,20070605,0,0,0,289,133,33,350,290,76,107,953,2318
GHCND:USW00003812,ASHEVILLE REGIONAL AIRPORT NC US,20070606,0,0,0,283,133,24,350,330,63,72,1228,1004
GHCND:USW00003812,ASHEVILLE REGIONAL AIRPORT NC US,20070607,0,0,0,311,122,27,170,160,89,107,1423,1146
GHCND:USW00003812,ASHEVILLE REGIONAL AIRPORT NC US,20070608,18,0,0,317,178,29,330,350,112,139,1914,1342
GHCND:USW00003812,ASHEVILLE REGIONAL AIRPORT NC US,20070609,0,0,0,283,161,47,330,320,107,130,1502,1502
GHCND:USW00003812,ASHEVILLE REGIONAL AIRPORT NC US,20070610,0,0,0,311,167,24,340,330,58,67,1808,1753
GHCND:USW00003812,ASHEVILLE REGIONAL AIRPORT NC US,20070611,3,0,0,250,161,13,340,190,54,63,1434,1934
GHCND:USW00003812,ASHEVILLE REGIONAL AIRPORT NC US,20070612,0,0,0,256,144,16,160,160,67,98,1238,1239
GHCND:USW00003812,ASHEVILLE REGIONAL AIRPORT NC US,20070613,25,0,0,256,139,25,160,350,67,80,1652,2120
GHCND:USW00003812,ASHEVILLE REGIONAL AIRPORT NC US,20070614,25,0,0,256,133,17,230,230,63,80,1604,1604
GHCND:USW00003812,ASHEVILLE REGIONAL AIRPORT NC US,20070615,13,0,0,228,150,26,210,150,58,80,1324,1453
GHCND:USW00003812,ASHEVILLE REGIONAL AIRPORT NC US,20070616,66,0,0,267,167,13,330,330,107,139,1351,1351
GHCND:USW00003812,ASHEVILLE REGIONAL AIRPORT NC US,20070617,0,0,0,300,133,14,330,310,58,67,1214,1404
GHCND:USW00003812,ASHEVILLE REGIONAL AIRPORT NC US,20070618,25,0,0,317,133,9,220,310,76,103,1523,1540
GHCND:USW00003812,ASHEVILLE REGIONAL AIRPORT NC US,20070619,0,0,0,300,172,25,210,220,76,112,1737,1729
GHCND:USW00003812,ASHEVILLE REGIONAL AIRPORT NC US,20070620,3,0,0,278,156,53,330,320,112,134,1341,958
GHCND:USW00003812,ASHEVILLE REGIONAL AIRPORT NC US,20070621,0,0,0,300,111,22,340,350,63,76,1000,1001
GHCND:USW00003812,ASHEVILLE REGIONAL AIRPORT NC US,20070622,0,0,0,300,111,25,340,330,76,94,1412,1746
GHCND:USW00003812,ASHEVILLE REGIONAL AIRPORT NC US,20070623,340,0,0,306,144,19,180,190,67,76,1736,1737
GHCND:USW00003812,ASHEVILLE REGIONAL AIRPORT NC US,20070624,46,0,0,289,172,18,360,10,72,116,1434,1434
GHCND:USW00003812,ASHEVILLE REGIONAL AIRPORT NC US,20070625,94,0,0,283,183,14,180,200,116,156,1258,1303
GHCND:USW00003812,ASHEVILLE REGIONAL AIRPORT NC US,20070626,48,0,0,294,172,9,210,200,76,98,1324,1325
GHCND:USW00003812,ASHEVILLE REGIONAL AIRPORT NC US,20070627,0,0,0,300,161,12,190,180,54,63,1533,1538
GHCND:USW00003812,ASHEVILLE REGIONAL AIRPORT NC US,20070628,10,0,0,300,172,9,200,220,45,63,1329,1355
GHCND:USW00003812,ASHEVILLE REGIONAL AIRPORT NC US,20070629,0,0,0,289,178,23,350,320,80,98,2211,2149
GHCND:USW00003812,ASHEVILLE REGIONAL AIRPORT NC US,20070630,0,0,0,294,172,25,330,330,76,94,1658,1659
GHCND:USW00003812,ASHEVILLE REGIONAL AIRPORT NC US,20070701,0,0,0,278,183,19,170,170,76,94,1401,1402
GHCND:USW00003812,ASHEVILLE REGIONAL AIRPORT NC US,20070702,5,0,0,211,161,17,160,30,45,58,822,1155
GHCND:USW00003812,ASHEVILLE REGIONAL AIRPORT NC US,20070703,0,0,0,256,156,26,160,180,67,80,1451,1119
GHCND:USW00003812,ASHEVILLE REGIONAL AIRPORT NC US,20070704,0,0,0,283,144,20,190,190,67,89,1727,1728
GHCND:USW00003812,ASHEVILLE REGIONAL AIRPORT NC US,20070705,0,0,0,294,144,17,190,200,58,67,1818,1650
GHCND:USW00003812,ASHEVILLE REGIONAL AIRPORT NC US,20070706,5,0,0,294,172,18,230,270,54,63,1605,1308
GHCND:USW00003812,ASHEVILLE REGIONAL AIRPORT NC US,20070707,0,0,0,283,167,13,360,10,54,67,1755,1756
GHCND:USW00003812,ASHEVILLE REGIONAL AIRPORT NC US,20070708,0,0,0,306,167,15,180,180,58,67,1825,1826
GHCND:USW00003812,ASHEVILLE REGIONAL AIRPORT NC US,20070709,310,0,0,317,172,17,300,300,130,148,1750,1751
GHCND:USW00003812,ASHEVILLE REGIONAL AIRPORT NC US,20070710,224,0,0,294,189,21,170,160,134,246,1153,1153
GHCND:USW00003812,ASHEVILLE REGIONAL AIRPORT NC US,20070711,41,0,0,278,183,21,320,240,67,94,1052,1503
GHCND:USW00003812,ASHEVILLE REGIONAL AIRPORT NC US,20070712,0,0,0,283,167,29,330,330,76,89,1801,1801
GHCND:USW00003812,ASHEVILLE REGIONAL AIRPORT NC US,20070713,0,0,0,222,150,16,340,340,45,58,1153,1156
GHCND:USW00003812,ASHEVILLE REGIONAL AIRPORT NC US,20070714,0,0,0,261,128,20,170,170,67,72,1839,1836
GHCND:USW00003812,ASHEVILLE REGIONAL AIRPORT NC US,20070715,0,0,0,261,156,16,160,150,58,67,1433,1433
GHCND:USW00003812,ASHEVILLE REGIONAL AIRPORT NC US,20070716,0,0,0,300,156,19,320,310,89,98,1621,1620
GHCND:USW00003812,ASHEVILLE REGIONAL AIRPORT NC US,20070717,5,0,0,283,183,14,180,180,80,94,1627,1627
GHCND:USW00003812,ASHEVILLE REGIONAL AIRPORT NC US,20070718,5,0,0,300,183,26,350,350,130,161,1537,1537
GHCND:USW00003812,ASHEVILLE REGIONAL AIRPORT NC US,20070719,61,0,0,306,161,22,330,330,89,125,1434,1435
GHCND:USW00003812,ASHEVILLE REGIONAL AIRPORT NC US,20070720,10,0,0,272,178,38,340,330,89,107,1603,1604
GHCND:USW00003812,ASHEVILLE REGIONAL AIRPORT NC US,20070721,0,0,0,267,139,11,160,140,45,72,1620,1620
GHCND:USW00003812,ASHEVILLE REGIONAL AIRPORT NC US,20070722,0,0,0,250,139,9,330,320,58,63,1729,1729
GHCND:USW00003812,ASHEVILLE REGIONAL AIRPORT NC US,20070723,0,0,0,256,122,14,330,350,89,103,1509,1506
GHCND:USW00003812,ASHEVILLE REGIONAL AIRPORT NC US,20070724,5,0,0,228,150,9,170,180,31,36,1354,1440
GHCND:USW00003812,ASHEVILLE REGIONAL AIRPORT NC US,20070725,211,0,0,278,172,20,330,320,89,98,1736,1736
GHCND:USW00003812,ASHEVILLE REGIONAL AIRPORT NC US,20070726,0,0,0,272,167,9,230,200,63,72,1343,1338
GHCND:USW00003812,ASHEVILLE REGIONAL AIRPORT NC US,20070727,137,0,0,283,161,13,330,320,63,72,1655,1655
GHCND:USW00003812,ASHEVILLE REGIONAL AIRPORT NC US,20070728,94,0,0,244,178,8,310,350,31,40,1608,1736
GHCND:USW00003812,ASHEVILLE REGIONAL AIRPORT NC US,20070729,69,0,0,256,206,13,170,160,63,72,1345,1252
GHCND:USW00003812,ASHEVILLE REGIONAL AIRPORT NC US,20070730,51,0,0,272,189,9,30,40,54,72,1539,1540
GHCND:USW00003812,ASHEVILLE REGIONAL AIRPORT NC US,20070731,0,0,0,289,178,20,340,330,54,58,547,544
GHCND:USW00003812,ASHEVILLE REGIONAL AIRPORT NC US,20070801,0,0,0,300,178,12,140,140,54,67,1702,1703
GHCND:USW00003812,ASHEVILLE REGIONAL AIRPORT NC US,20070802,0,0,0,289,178,13,330,330,63,72,1632,1628
GHCND:USW00003812,ASHEVILLE REGIONAL AIRPORT NC US,20070803,114,0,0,300,178,9,160,-9999,40,-9999,-9999,1430
GHCND:USW00003812,ASHEVILLE REGIONAL AIRPORT NC US,20070804,0,0,0,317,172,16,330,340,58,72,1112,1109
GHCND:USW00003812,ASHEVILLE REGIONAL AIRPORT NC US,20070805,0,0,0,300,178,12,330,320,76,89,1325,1326
GHCND:USW00003812,ASHEVILLE REGIONAL AIRPORT NC US,20070806,0,0,0,317,189,17,330,320,63,76,1418,1539
GHCND:USW00003812,ASHEVILLE REGIONAL AIRPORT NC US,20070807,0,0,0,322,189,13,320,300,45,63,1631,1427
GHCND:USW00003812,ASHEVILLE REGIONAL AIRPORT NC US,20070808,3,0,0,333,200,13,300,290,80,107,1407,1408
GHCND:USW00003812,ASHEVILLE REGIONAL AIRPORT NC US,20070809,0,0,0,344,194,13,230,330,58,76,1446,1659
GHCND:USW00003812,ASHEVILLE REGIONAL AIRPORT NC US,20070810,0,0,0,333,189,17,340,340,67,80,1812,1813
GHCND:USW00003812,ASHEVILLE REGIONAL AIRPORT NC US,20070811,0,0,0,322,194,25,320,330,72,80,1727,1730
GHCND:USW00003812,ASHEVILLE REGIONAL AIRPORT NC US,20070812,30,0,0,294,211,18,180,190,45,72,1633,1448
GHCND:USW00003812,ASHEVILLE REGIONAL AIRPORT NC US,20070813,0,0,0,322,178,26,330,330,76,89,1309,1140
GHCND:USW00003812,ASHEVILLE REGIONAL AIRPORT NC US,20070814,0,0,0,317,167,17,330,320,63,76,1544,1545
GHCND:USW00003812,ASHEVILLE REGIONAL AIRPORT NC US,20070815,0,0,0,339,144,18,330,360,58,72,1249,1603
GHCND:USW00003812,ASHEVILLE REGIONAL AIRPORT NC US,20070816,3,0,0,344,178,9,330,330,80,98,1545,1545
GHCND:USW00003812,ASHEVILLE REGIONAL AIRPORT NC US,20070817,0,0,0,333,189,22,320,320,72,80,1308,1308
GHCND:USW00003812,ASHEVILLE REGIONAL AIRPORT NC US,20070818,0,0,0,322,156,17,170,160,67,80,1430,1430
GHCND:USW00003812,ASHEVILLE REGIONAL AIRPORT NC US,20070819,0,0,0,322,172,22,190,180,72,94,1341,1426
GHCND:USW00003812,ASHEVILLE REGIONAL AIRPORT NC US,20070820,0,0,0,328,167,15,190,200,67,89,1529,1526
GHCND:USW00003812,ASHEVILLE REGIONAL AIRPORT NC US,20070821,41,0,0,333,172,15,350,360,125,143,1411,1411
GHCND:USW00003812,ASHEVILLE REGIONAL AIRPORT NC US,20070822,0,0,0,333,189,17,330,320,67,94,1157,1234
GHCND:USW00003812,ASHEVILLE REGIONAL AIRPORT NC US,20070823,0,0,0,311,194,13,70,70,72,98,2214,2214
GHCND:USW00003812,ASHEVILLE REGIONAL AIRPORT NC US,20070824,119,0,0,328,183,12,330,310,116,148,1358,1407
GHCND:USW00003812,ASHEVILLE REGIONAL AIRPORT NC US,20070825,0,0,0,322,183,16,210,20,45,63,1302,1538
GHCND:USW00003812,ASHEVILLE REGIONAL AIRPORT NC US,20070826,56,0,0,300,189,20,90,60,67,89,1240,1308
GHCND:USW00003812,ASHEVILLE REGIONAL AIRPORT NC US,20070827,0,0,0,278,183,10,170,150,54,72,1449,1537
GHCND:USW00003812,ASHEVILLE REGIONAL AIRPORT NC US,20070828,0,0,0,300,183,10,180,140,54,89,1250,1256
GHCND:USW00003812,ASHEVILLE REGIONAL AIRPORT NC US,20070829,0,0,0,306,178,16,320,260,63,80,1411,1119
GHCND:USW00003812,ASHEVILLE REGIONAL AIRPORT NC US,20070830,356,0,0,278,194,30,330,330,116,130,2106,2107
GHCND:USW00003812,ASHEVILLE REGIONAL AIRPORT NC US,20070831,0,0,0,272,183,17,170,170,58,63,1552,1553
GHCND:USW00003812,ASHEVILLE REGIONAL AIRPORT NC US,20070901,0,0,0,261,172,9,110,120,40,58,1247,1230
GHCND:USW00003812,ASHEVILLE REGIONAL AIRPORT NC US,20070902,0,0,0,261,172,10,180,160,40,54,1252,1331
GHCND:USW00003812,ASHEVILLE REGIONAL AIRPORT NC US,20070903,0,0,0,294,150,17,340,340,67,80,1357,1358
GHCND:USW00003812,ASHEVILLE REGIONAL AIRPORT NC US,20070904,0,0,0,300,156,11,330,50,45,54,1157,1012
GHCND:USW00003812,ASHEVILLE REGIONAL AIRPORT NC US,20070905,0,0,0,306,128,7,160,150,40,58,1554,1622
GHCND:USW00003812,ASHEVILLE REGIONAL AIRPORT NC US,20070906,0,0,0,300,144,17,160,180,67,94,1434,1108
GHCND:USW00003812,ASHEVILLE REGIONAL AIRPORT NC US,20070907,0,0,0,283,156,14,180,160,67,94,1319,1319
GHCND:USW00003812,ASHEVILLE REGIONAL AIRPORT NC US,20070908,0,0,0,300,133,9,160,150,54,76,1335,1635
GHCND:USW00003812,ASHEVILLE REGIONAL AIRPORT NC US,20070909,0,0,0,311,133,5,30,70,40,54,1347,1348
GHCND:USW00003812,ASHEVILLE REGIONAL AIRPORT NC US,20070910,0,0,0,306,167,4,160,130,45,63,1252,1250
GHCND:USW00003812,ASHEVILLE REGIONAL AIRPORT NC US,20070911,0,0,0,294,161,18,250,240,63,89,1123,1123
GHCND:USW00003812,ASHEVILLE REGIONAL AIRPORT NC US,20070912,0,0,0,272,178,30,330,350,63,76,452,1748
GHCND:USW00003812,ASHEVILLE REGIONAL AIRPORT NC US,20070913,0,0,0,244,172,21,160,150,58,72,1306,1702
GHCND:USW00003812,ASHEVILLE REGIONAL AIRPORT NC US,20070914,864,0,0,217,178,13,290,350,63,72,2304,709
GHCND:USW00003812,ASHEVILLE REGIONAL AIRPORT NC US,20070915,0,0,0,222,133,47,330,330,94,112,1511,1512
GHCND:USW00003812,ASHEVILLE REGIONAL AIRPORT NC US,20070916,0,0,0,206,83,13,160,160,54,58,1624,1625
GHCND:USW00003812,ASHEVILLE REGIONAL AIRPORT NC US,20070917,0,0,0,217,100,12,160,150,54,63,1607,1624
GHCND:USW00003812,ASHEVILLE REGIONAL AIRPORT NC US,20070918,0,0,0,239,100,9,150,170,54,76,1437,1438
GHCND:USW00003812,ASHEVILLE REGIONAL AIRPORT NC US,20070919,0,0,0,250,100,15,180,190,58,72,1435,1436
GHCND:USW00003812,ASHEVILLE REGIONAL AIRPORT NC US,20070920,0,0,0,228,100,14,340,330,58,63,843,843
GHCND:USW00003812,ASHEVILLE REGIONAL AIRPORT NC US,20070921,0,0,0,228,178,10,160,140,40,54,1438,1453
GHCND:USW00003812,ASHEVILLE REGIONAL AIRPORT NC US,20070922,0,0,0,289,172,4,80,100,36,63,1502,1503
GHCND:USW00003812,ASHEVILLE REGIONAL AIRPORT NC US,20070923,0,0,0,294,144,9,120,110,36,45,1512,1519
GHCND:USW00003812,ASHEVILLE REGIONAL AIRPORT NC US,20070924,0,0,0,289,144,6,160,110,45,63,1448,1445
GHCND:USW00003812,ASHEVILLE REGIONAL AIRPORT NC US,20070925,0,0,0,289,144,6,160,150,45,63,1539,1648
GHCND:USW00003812,ASHEVILLE REGIONAL AIRPORT NC US,20070926,0,0,0,283,139,6,150,150,54,72,1440,1441
GHCND:USW00003812,ASHEVILLE REGIONAL AIRPORT NC US,20070927,0,0,0,272,111,15,330,330,63,76,1520,1550
GHCND:USW00003812,ASHEVILLE REGIONAL AIRPORT NC US,20070928,0,0,0,244,100,41,330,320,103,125,1316,719
GHCND:USW00003812,ASHEVILLE REGIONAL AIRPORT NC US,20070929,0,0,0,250,50,7,340,330,54,67,858,900
GHCND:USW00003812,ASHEVILLE REGIONAL AIRPORT NC US,20070930,0,0,0,228,44,7,170,120,58,67,1413,1424
GHCND:USW00003812,ASHEVILLE REGIONAL AIRPORT NC US,20071001,0,0,0,228,44,12,160,160,58,72,1456,1245
GHCND:USW00003812,ASHEVILLE REGIONAL AIRPORT NC US,20071002,0,0,0,233,67,9,170,130,58,67,1515,1455
GHCND:USW00003812,ASHEVILLE REGIONAL AIRPORT NC US,20071003,0,0,0,244,161,9,140,160,40,54,1611,1612
GHCND:USW00003812,ASHEVILLE REGIONAL AIRPORT NC US,20071004,170,0,0,222,183,6,150,180,31,40,1444,1943
GHCND:USW00003812,ASHEVILLE REGIONAL AIRPORT NC US,20071005,61,0,0,250,178,5,150,130,45,63,1417,1417
GHCND:USW00003812,ASHEVILLE REGIONAL AIRPORT NC US,20071006,0,0,0,261,150,5,170,190,54,67,1426,1427
GHCND:USW00003812,ASHEVILLE REGIONAL AIRPORT NC US,20071007,0,0,0,278,144,11,330,330,40,54,1128,1129
GHCND:USW00003812,ASHEVILLE REGIONAL AIRPORT NC US,20071008,0,0,0,278,122,7,180,200,36,45,1700,1707
GHCND:USW00003812,ASHEVILLE REGIONAL AIRPORT NC US,20071009,114,0,0,283,133,20,330,320,94,103,1513,1513
GHCND:USW00003812,ASHEVILLE REGIONAL AIRPORT NC US,20071010,0,0,0,250,128,31,340,340,76,94,2351,2338
GHCND:USW00003812,ASHEVILLE REGIONAL AIRPORT NC US,20071011,0,0,0,144,72,58,330,340,130,161,1033,1034
GHCND:USW00003812,ASHEVILLE REGIONAL AIRPORT NC US,20071012,0,0,0,167,56,32,330,330,98,116,1040,1040
GHCND:USW00003812,ASHEVILLE REGIONAL AIRPORT NC US,20071013,0,0,0,206,33,8,350,320,45,80,1510,1511
GHCND:USW00003812,ASHEVILLE REGIONAL AIRPORT NC US,20071014,0,0,0,233,50,8,160,140,45,58,1700,1705
GHCND:USW00003812,ASHEVILLE REGIONAL AIRPORT NC US,20071015,0,0,0,239,72,13,150,120,54,67,1600,1549
GHCND:USW00003812,ASHEVILLE REGIONAL AIRPORT NC US,20071016,0,0,0,206,100,14,160,160,54,63,1433,1434
GHCND:USW00003812,ASHEVILLE REGIONAL AIRPORT NC US,20071017,0,0,0,228,117,12,170,160,54,63,1402,1403
GHCND:USW00003812,ASHEVILLE REGIONAL AIRPORT NC US,20071018,5,0,0,222,167,29,200,200,63,80,1149,1238
GHCND:USW00003812,ASHEVILLE REGIONAL AIRPORT NC US,20071019,23,0,0,228,100,33,190,180,72,98,1413,1414
GHCND:USW00003812,ASHEVILLE REGIONAL AIRPORT NC US,20071020,0,0,0,211,61,22,350,350,67,94,958,1348
GHCND:USW00003812,ASHEVILLE REGIONAL AIRPORT NC US,20071021,0,0,0,222,22,14,160,160,63,76,1244,1508
GHCND:USW00003812,ASHEVILLE REGIONAL AIRPORT NC US,20071022,76,0,0,172,72,16,170,160,54,63,2256,1439
GHCND:USW00003812,ASHEVILLE REGIONAL AIRPORT NC US,20071023,249,0,0,239,172,41,180,180,107,125,1120,1121
GHCND:USW00003812,ASHEVILLE REGIONAL AIRPORT NC US,20071024,66,0,0,194,139,20,330,330,72,80,453,400
GHCND:USW00003812,ASHEVILLE REGIONAL AIRPORT NC US,20071025,3,0,0,178,122,34,160,160,76,98,1338,1339
GHCND:USW00003812,ASHEVILLE REGIONAL AIRPORT NC US,20071026,0,0,0,194,100,24,170,160,58,72,1635,1635
GHCND:USW00003812,ASHEVILLE REGIONAL AIRPORT NC US,20071027,0,0,0,172,89,52,330,320,103,130,2133,2134
GHCND:USW00003812,ASHEVILLE REGIONAL AIRPORT NC US,20071028,0,0,0,156,44,60,330,330,103,112,1230,1231
GHCND:USW00003812,ASHEVILLE REGIONAL AIRPORT NC US,20071029,0,0,0,144,-6,11,160,170,36,45,1800,1801
GHCND:USW00003812,ASHEVILLE REGIONAL AIRPORT NC US,20071030,0,0,0,183,-22,9,160,160,58,67,1351,1425
GHCND:USW00003812,ASHEVILLE REGIONAL AIRPORT NC US,20071031,0,0,0,194,-28,12,190,200,67,80,1605,1606
GHCND:USW00003812,ASHEVILLE REGIONAL AIRPORT NC US,20071101,0,0,0,206,33,23,340,330,76,89,1546,1545
GHCND:USW00003812,ASHEVILLE REGIONAL AIRPORT NC US,20071102,0,0,0,189,33,15,320,360,54,67,1540,1437
GHCND:USW00003812,ASHEVILLE REGIONAL AIRPORT NC US,20071103,0,0,0,183,-11,38,340,350,94,107,1607,1607
GHCND:USW00003812,ASHEVILLE REGIONAL AIRPORT NC US,20071104,0,0,0,172,11,32,340,330,76,94,1538,1539
GHCND:USW00003812,ASHEVILLE REGIONAL AIRPORT NC US,20071105,0,0,0,200,-6,24,210,210,67,89,2310,2314
GHCND:USW00003812,ASHEVILLE REGIONAL AIRPORT NC US,20071106,3,0,0,150,11,67,330,330,125,143,1316,1317
GHCND:USW00003812,ASHEVILLE REGIONAL AIRPORT NC US,20071107,0,0,0,89,-28,43,340,360,98,125,1129,1021
GHCND:USW00003812,ASHEVILLE REGIONAL AIRPORT NC US,20071108,0,0,0,100,-50,16,170,170,54,67,1511,1419
GHCND:USW00003812,ASHEVILLE REGIONAL AIRPORT NC US,20071109,0,0,0,156,-17,16,350,350,58,67,2255,2255
GHCND:USW00003812,ASHEVILLE REGIONAL AIRPORT NC US,20071110,0,0,0,111,-11,45,330,340,98,112,1451,1405
GHCND:USW00003812,ASHEVILLE REGIONAL AIRPORT NC US,20071111,0,0,0,139,-39,12,170,170,54,67,1111,1138
GHCND:USW00003812,ASHEVILLE REGIONAL AIRPORT NC US,20071112,0,0,0,200,-6,16,340,340,63,76,1125,1133
GHCND:USW00003812,ASHEVILLE REGIONAL AIRPORT NC US,20071113,0,0,0,183,50,12,340,340,58,72,1800,1811
GHCND:USW00003812,ASHEVILLE REGIONAL AIRPORT NC US,20071114,20,0,0,222,78,23,190,210,67,89,2056,2230
GHCND:USW00003812,ASHEVILLE REGIONAL AIRPORT NC US,20071115,135,0,0,156,11,83,330,330,139,179,1830,2059
GHCND:USW00003812,ASHEVILLE REGIONAL AIRPORT NC US,20071116,0,0,0,83,-22,40,330,320,103,143,2359,2355
GHCND:USW00003812,ASHEVILLE REGIONAL AIRPORT NC US,20071117,0,0,0,133,-39,12,180,180,45,63,1636,1636
GHCND:USW00003812,ASHEVILLE REGIONAL AIRPORT NC US,20071118,0,0,0,178,-6,11,340,330,36,40,1753,2045
GHCND:USW00003812,ASHEVILLE REGIONAL AIRPORT NC US,20071119,0,0,0,194,28,10,330,330,76,89,1442,1443
GHCND:USW00003812,ASHEVILLE REGIONAL AIRPORT NC US,20071120,0,0,0,217,39,7,210,210,45,58,1649,1649
GHCND:USW00003812,ASHEVILLE REGIONAL AIRPORT NC US,20071121,3,0,0,200,28,21,210,200,76,103,1453,1453
GHCND:USW00003812,ASHEVILLE REGIONAL AIRPORT NC US,20071122,86,0,0,178,28,56,340,340,134,156,1425,1425
GHCND:USW00003812,ASHEVILLE REGIONAL AIRPORT NC US,20071123,0,0,0,39,-33,54,330,320,116,143,115,115
GHCND:USW00003812,ASHEVILLE REGIONAL AIRPORT NC US,20071124,0,0,0,50,-61,18,180,170,58,67,1121,1122
GHCND:USW00003812,ASHEVILLE REGIONAL AIRPORT NC US,20071125,41,0,0,61,33,18,170,170,54,63,1758,1759
GHCND:USW00003812,ASHEVILLE REGIONAL AIRPORT NC US,20071126,91,0,0,139,56,40,180,200,98,130,1841,1839
GHCND:USW00003812,ASHEVILLE REGIONAL AIRPORT NC US,20071127,0,0,0,122,6,57,340,330,112,139,1026,922
GHCND:USW00003812,ASHEVILLE REGIONAL AIRPORT NC US,20071128,0,0,0,139,-28,20,150,150,63,89,1431,1456
GHCND:USW00003812,ASHEVILLE REGIONAL AIRPORT NC US,20071129,0,0,0,139,-28,33,330,330,89,107,1350,1233
GHCND:USW00003812,ASHEVILLE REGIONAL AIRPORT NC US,20071130,0,0,0,133,-22,22,330,340,67,80,1936,1937
GHCND:USW00003812,ASHEVILLE REGIONAL AIRPORT NC US,20071201,0,0,0,156,-17,25,170,350,72,89,211,1531
GHCND:USW00003812,ASHEVILLE REGIONAL AIRPORT NC US,20071202,3,0,0,150,28,43,190,180,103,125,1425,1422
GHCND:USW00003812,ASHEVILLE REGIONAL AIRPORT NC US,20071203,13,0,0,133,-6,70,320,320,112,161,638,639
GHCND:USW00003812,ASHEVILLE REGIONAL AIRPORT NC US,20071204,0,0,0,72,-33,37,330,340,80,94,1629,1602
GHCND:USW00003812,ASHEVILLE REGIONAL AIRPORT NC US,20071205,0,0,0,150,-28,33,340,360,112,139,1847,2053
GHCND:USW00003812,ASHEVILLE REGIONAL AIRPORT NC US,20071206,0,0,0,39,-33,35,320,320,112,148,19,33
GHCND:USW00003812,ASHEVILLE REGIONAL AIRPORT NC US,20071207,0,0,0,100,-28,22,150,150,54,63,1456,1457
GHCND:USW00003812,ASHEVILLE REGIONAL AIRPORT NC US,20071208,0,0,0,194,11,7,330,330,40,45,217,218
GHCND:USW00003812,ASHEVILLE REGIONAL AIRPORT NC US,20071209,13,0,0,189,56,10,190,210,54,67,1929,1925
GHCND:USW00003812,ASHEVILLE REGIONAL AIRPORT NC US,20071210,0,0,0,233,89,10,330,310,40,45,1531,1906
GHCND:USW00003812,ASHEVILLE REGIONAL AIRPORT NC US,20071211,0,0,0,228,39,17,180,180,89,107,1453,1419
GHCND:USW00003812,ASHEVILLE REGIONAL AIRPORT NC US,20071212,0,0,0,228,44,12,350,350,67,80,1518,1518
GHCND:USW00003812,ASHEVILLE REGIONAL AIRPORT NC US,20071213,3,0,0,200,67,26,330,330,76,89,2215,2216
GHCND:USW00003812,ASHEVILLE REGIONAL AIRPORT NC US,20071214,0,0,0,156,28,33,340,340,67,76,1930,1848
GHCND:USW00003812,ASHEVILLE REGIONAL AIRPORT NC US,20071215,170,0,0,78,17,20,110,110,67,76,2225,2225
GHCND:USW00003812,ASHEVILLE REGIONAL AIRPORT NC US,20071216,15,0,0,61,-28,63,340,330,125,156,2330,1438
GHCND:USW00003812,ASHEVILLE REGIONAL AIRPORT NC US,20071217,0,0,0,39,-50,53,340,330,116,165,344,345
GHCND:USW00003812,ASHEVILLE REGIONAL AIRPORT NC US,20071218,0,0,0,67,-89,20,180,160,54,63,1436,2150
GHCND:USW00003812,ASHEVILLE REGIONAL AIRPORT NC US,20071219,0,0,0,94,-17,28,330,330,76,94,1412,1343
GHCND:USW00003812,ASHEVILLE REGIONAL AIRPORT NC US,20071220,20,0,0,61,-22,14,170,180,45,58,1511,1637
GHCND:USW00003812,ASHEVILLE REGIONAL AIRPORT NC US,20071221,51,0,0,56,44,9,20,50,31,40,630,824
GHCND:USW00003812,ASHEVILLE REGIONAL AIRPORT NC US,20071222,56,0,0,78,33,27,180,180,63,72,2347,2348
GHCND:USW00003812,ASHEVILLE REGIONAL AIRPORT NC US,20071223,188,0,0,156,0,38,340,340,112,134,1641,1642
GHCND:USW00003812,ASHEVILLE REGIONAL AIRPORT NC US,20071224,0,0,0,100,-11,42,330,330,76,94,1113,923
GHCND:USW00003812,ASHEVILLE REGIONAL AIRPORT NC US,20071225,18,0,0,94,11,17,180,140,54,67,2219,2228
GHCND:USW00003812,ASHEVILLE REGIONAL AIRPORT NC US,20071226,81,0,3,111,0,26,170,150,54,63,2310,1709
GHCND:USW00003812,ASHEVILLE REGIONAL AIRPORT NC US,20071227,0,0,0,161,50,23,100,100,58,67,1617,1617
GHCND:USW00003812,ASHEVILLE REGIONAL AIRPORT NC US,20071228,244,0,0,106,56,26,140,140,58,76,1052,1053
GHCND:USW00003812,ASHEVILLE REGIONAL AIRPORT NC US,20071229,0,0,0,133,33,47,330,330,89,98,1712,1713
GHCND:USW00003812,ASHEVILLE REGIONAL AIRPORT NC US,20071230,157,0,0,83,33,22,330,330,80,103,2052,2213
GHCND:USW00003812,ASHEVILLE REGIONAL AIRPORT NC US,20071231,0,0,0,111,-28,13,170,140,58,67,1620,1430
GHCND:USW00003812,ASHEVILLE REGIONAL AIRPORT NC US,20080101,0,0,0,56,-50,49,330,330,107,143,1156,1157
GHCND:USW00003812,ASHEVILLE REGIONAL AIRPORT NC US,20080102,0,25,18,-50,-94,81,340,340,143,192,1134,1124
GHCND:USW00003812,ASHEVILLE REGIONAL AIRPORT NC US,20080103,0,0,0,0,-117,50,340,340,103,125,47,48
GHCND:USW00003812,ASHEVILLE REGIONAL AIRPORT NC US,20080104,0,0,0,61,-111,16,140,150,58,72,2128,2129
GHCND:USW00003812,ASHEVILLE REGIONAL AIRPORT NC US,20080105,0,0,0,122,-39,26,160,190,63,76,1529,1852
GHCND:USW00003812,ASHEVILLE REGIONAL AIRPORT NC US,20080106,5,0,0,172,6,13,170,180,45,58,1755,2015
GHCND:USW00003812,ASHEVILLE REGIONAL AIRPORT NC US,20080107,0,0,0,194,-6,16,170,170,58,67,1556,1606
GHCND:USW00003812,ASHEVILLE REGIONAL AIRPORT NC US,20080108,3,0,0,161,106,38,190,180,98,116,2241,1338
GHCND:USW00003812,ASHEVILLE REGIONAL AIRPORT NC US,20080109,0,0,0,167,22,46,200,200,112,139,240,241
GHCND:USW00003812,ASHEVILLE REGIONAL AIRPORT NC US,20080110,163,0,0,122,17,27,180,130,72,98,2254,2357
GHCND:USW00003812,ASHEVILLE REGIONAL AIRPORT NC US,20080111,99,0,0,144,39,53,330,330,94,107,1652,1112
GHCND:USW00003812,ASHEVILLE REGIONAL AIRPORT NC US,20080112,0,0,0,117,-6,17,340,330,63,76,16,20
GHCND:USW00003812,ASHEVILLE REGIONAL AIRPORT NC US,20080113,5,0,0,83,-11,10,160,150,54,63,1452,1526
GHCND:USW00003812,ASHEVILLE REGIONAL AIRPORT NC US,20080114,0,0,0,78,-22,47,330,330,103,130,718,727
GHCND:USW00003812,ASHEVILLE REGIONAL AIRPORT NC US,20080115,0,0,0,22,-50,47,350,360,103,139,1021,1022
GHCND:USW00003812,ASHEVILLE REGIONAL AIRPORT NC US,20080116,20,0,38,44,-67,24,180,180,67,94,2036,2041
GHCND:USW00003812,ASHEVILLE REGIONAL AIRPORT NC US,20080117,152,76,38,28,-28,15,330,320,54,67,2351,2353
GHCND:USW00003812,ASHEVILLE REGIONAL AIRPORT NC US,20080118,0,0,0,106,22,34,330,330,89,98,311,311
GHCND:USW00003812,ASHEVILLE REGIONAL AIRPORT NC US,20080119,0,0,0,28,-28,55,330,340,94,107,2138,253
GHCND:USW00003812,ASHEVILLE REGIONAL AIRPORT NC US,20080120,0,0,0,-28,-111,61,340,330,98,130,1037,1037
GHCND:USW00003812,ASHEVILLE REGIONAL AIRPORT NC US,20080121,0,0,0,6,-128,22,150,140,67,80,1530,1530
GHCND:USW00003812,ASHEVILLE REGIONAL AIRPORT NC US,20080122,3,0,0,83,-22,26,330,340,58,72,2347,2300
GHCND:USW00003812,ASHEVILLE REGIONAL AIRPORT NC US,20080123,0,0,0,94,-11,47,330,320,80,94,1109,1028
GHCND:USW00003812,ASHEVILLE REGIONAL AIRPORT NC US,20080124,0,0,0,28,-83,70,330,330,130,161,2151,2152
GHCND:USW00003812,ASHEVILLE REGIONAL AIRPORT NC US,20080125,0,0,0,44,-117,32,330,350,103,130,21,229
GHCND:USW00003812,ASHEVILLE REGIONAL AIRPORT NC US,20080126,0,0,0,94,-11,20,340,340,98,116,1941,1942
GHCND:USW00003812,ASHEVILLE REGIONAL AIRPORT NC US,20080127,0,0,0,78,-17,51,330,320,112,139,1405,1406
GHCND:USW00003812,ASHEVILLE REGIONAL AIRPORT NC US,20080128,0,0,0,144,-44,26,360,360,63,76,115,115
GHCND:USW00003812,ASHEVILLE REGIONAL AIRPORT NC US,20080129,33,0,0,161,39,40,170,170,103,125,1416,1418
GHCND:USW00003812,ASHEVILLE REGIONAL AIRPORT NC US,20080130,13,0,0,100,-33,65,330,330,139,174,433,423
GHCND:USW00003812,ASHEVILLE REGIONAL AIRPORT NC US,20080131,155,0,0,67,-72,23,170,160,76,94,1632,1557
GHCND:USW00003812,ASHEVILLE REGIONAL AIRPORT NC US,20080201,307,0,0,100,0,30,330,290,76,98,1448,2304
GHCND:USW00003812,ASHEVILLE REGIONAL AIRPORT NC US,20080202,0,0,0,161,-39,23,180,180,76,89,1522,1446
GHCND:USW00003812,ASHEVILLE REGIONAL AIRPORT NC US,20080203,30,0,0,161,-17,16,180,180,72,89,1726,1728
GHCND:USW00003812,ASHEVILLE REGIONAL AIRPORT NC US,20080204,18,0,0,139,44,15,180,180,54,67,1503,1504
GHCND:USW00003812,ASHEVILLE REGIONAL AIRPORT NC US,20080205,3,0,0,228,83,37,190,180,80,107,1609,1610
GHCND:USW00003812,ASHEVILLE REGIONAL AIRPORT NC US,20080206,76,0,0,172,67,50,190,180,112,143,140,140
GHCND:USW00003812,ASHEVILLE REGIONAL AIRPORT NC US,20080207,0,0,0,128,11,44,330,330,94,116,745,936
GHCND:USW00003812,ASHEVILLE REGIONAL AIRPORT NC US,20080208,0,0,0,139,-6,24,210,220,67,89,1728,1718
GHCND:USW00003812,ASHEVILLE REGIONAL AIRPORT NC US,20080209,0,0,0,161,-17,30,320,310,107,148,1359,1448
GHCND:USW00003812,ASHEVILLE REGIONAL AIRPORT NC US,20080210,0,0,0,133,-17,62,320,290,143,201,1142,1143
GHCND:USW00003812,ASHEVILLE REGIONAL AIRPORT NC US,20080211,0,0,0,117,-56,37,330,330,94,107,529,545
GHCND:USW00003812,ASHEVILLE REGIONAL AIRPORT NC US,20080212,0,0,0,100,-28,21,180,180,72,89,1204,1207
GHCND:USW00003812,ASHEVILLE REGIONAL AIRPORT NC US,20080213,48,0,0,94,-56,73,350,330,134,170,2244,2046
GHCND:USW00003812,ASHEVILLE REGIONAL AIRPORT NC US,20080214,0,0,0,111,-67,37,340,330,125,148,0,2357
GHCND:USW00003812,ASHEVILLE REGIONAL AIRPORT NC US,20080215,0,0,0,161,-33,31,330,330,72,80,1618,1655
GHCND:USW00003812,ASHEVILLE REGIONAL AIRPORT NC US,20080216,0,0,0,172,39,18,330,110,63,67,1541,118
GHCND:USW00003812,ASHEVILLE REGIONAL AIRPORT NC US,20080217,325,0,0,133,44,36,160,160,63,94,1208,1335
GHCND:USW00003812,ASHEVILLE REGIONAL AIRPORT NC US,20080218,0,0,0,133,22,42,340,340,107,130,1220,1217
GHCND:USW00003812,ASHEVILLE REGIONAL AIRPORT NC US,20080219,0,0,0,78,-17,43,290,260,103,143,1240,1531
GHCND:USW00003812,ASHEVILLE REGIONAL AIRPORT NC US,20080220,0,0,0,144,-33,35,300,310,103,148,1114,1136
GHCND:USW00003812,ASHEVILLE REGIONAL AIRPORT NC US,20080221,10,0,0,44,-6,36,150,150,72,94,2031,2035
GHCND:USW00003812,ASHEVILLE REGIONAL AIRPORT NC US,20080222,5,0,0,133,0,18,170,150,45,63,125,1247
GHCND:USW00003812,ASHEVILLE REGIONAL AIRPORT NC US,20080223,0,0,0,128,22,57,330,330,112,134,1824,1657
GHCND:USW00003812,ASHEVILLE REGIONAL AIRPORT NC US,20080224,0,0,0,78,-22,24,350,360,63,89,6,19
GHCND:USW00003812,ASHEVILLE REGIONAL AIRPORT NC US,20080225,0,0,0,161,39,32,340,330,72,80,514,515
GHCND:USW00003812,ASHEVILLE REGIONAL AIRPORT NC US,20080226,140,0,0,150,0,53,330,320,116,143,2330,2106
GHCND:USW00003812,ASHEVILLE REGIONAL AIRPORT NC US,20080227,0,0,0,0,-61,70,330,330,125,148,833,1406
GHCND:USW00003812,ASHEVILLE REGIONAL AIRPORT NC US,20080228,0,0,0,39,-72,40,340,340,89,112,953,951
GHCND:USW00003812,ASHEVILLE REGIONAL AIRPORT NC US,20080229,0,0,0,100,-39,38,180,170,103,139,1316,1249
GHCND:USW00003812,ASHEVILLE REGIONAL AIRPORT NC US,20080301,0,0,0,150,0,36,340,330,72,94,1514,1534
GHCND:USW00003812,ASHEVILLE REGIONAL AIRPORT NC US,20080302,0,0,0,167,-33,18,160,160,72,98,1530,1531
GHCND:USW00003812,ASHEVILLE REGIONAL AIRPORT NC US,20080303,0,0,0,178,-17,49,160,180,116,156,1543,2235
GHCND:USW00003812,ASHEVILLE REGIONAL AIRPORT NC US,20080304,411,0,0,161,61,51,170,180,134,161,1524,1535
GHCND:USW00003812,ASHEVILLE REGIONAL AIRPORT NC US,20080305,0,0,0,94,11,59,340,350,116,148,821,813
GHCND:USW00003812,ASHEVILLE REGIONAL AIRPORT NC US,20080306,0,0,0,172,-17,16,160,160,63,76,1744,1551
GHCND:USW00003812,ASHEVILLE REGIONAL AIRPORT NC US,20080307,170,0,0,106,33,26,180,180,63,76,1112,1121
GHCND:USW00003812,ASHEVILLE REGIONAL AIRPORT NC US,20080308,25,0,0,128,-39,66,330,210,116,174,454,1521
GHCND:USW00003812,ASHEVILLE REGIONAL AIRPORT NC US,20080309,0,0,0,106,-44,41,330,340,98,130,535,535
GHCND:USW00003812,ASHEVILLE REGIONAL AIRPORT NC US,20080310,0,0,0,156,-39,13,210,210,45,58,1812,1813
GHCND:USW00003812,ASHEVILLE REGIONAL AIRPORT NC US,20080311,0,0,0,144,-17,21,300,310,63,76,1624,1627
GHCND:USW00003812,ASHEVILLE REGIONAL AIRPORT NC US,20080312,0,0,0,178,17,45,320,330,103,134,1449,1450
GHCND:USW00003812,ASHEVILLE REGIONAL AIRPORT NC US,20080313,0,0,0,228,-6,10,180,180,67,80,1435,1436
GHCND:USW00003812,ASHEVILLE REGIONAL AIRPORT NC US,20080314,0,0,0,161,22,25,200,190,98,125,1509,1443
GHCND:USW00003812,ASHEVILLE REGIONAL AIRPORT NC US,20080315,157,0,0,144,61,19,320,330,67,76,2325,1639
GHCND:USW00003812,ASHEVILLE REGIONAL AIRPORT NC US,20080316,0,0,0,117,33,62,330,340,107,139,613,1232
GHCND:USW00003812,ASHEVILLE REGIONAL AIRPORT NC US,20080317,0,0,0,111,-6,28,170,160,76,94,1117,1131
GHCND:USW00003812,ASHEVILLE REGIONAL AIRPORT NC US,20080318,0,0,0,106,28,26,160,140,45,58,2151,2206
GHCND:USW00003812,ASHEVILLE REGIONAL AIRPORT NC US,20080319,300,0,0,167,72,46,360,330,112,148,2332,2314
GHCND:USW00003812,ASHEVILLE REGIONAL AIRPORT NC US,20080320,0,0,0,111,22,66,340,330,161,183,458,457
GHCND:USW00003812,ASHEVILLE REGIONAL AIRPORT NC US,20080321,0,0,0,183,-28,30,200,200,80,103,1733,1807
GHCND:USW00003812,ASHEVILLE REGIONAL AIRPORT NC US,20080322,0,0,0,217,22,43,330,310,107,139,1503,1813
GHCND:USW00003812,ASHEVILLE REGIONAL AIRPORT NC US,20080323,0,0,0,122,0,58,340,330,107,139,2037,2037
GHCND:USW00003812,ASHEVILLE REGIONAL AIRPORT NC US,20080324,0,0,0,67,-28,60,330,330,103,134,1348,1442
GHCND:USW00003812,ASHEVILLE REGIONAL AIRPORT NC US,20080325,0,0,0,122,-44,26,180,210,80,107,1737,1750
GHCND:USW00003812,ASHEVILLE REGIONAL AIRPORT NC US,20080326,0,0,0,200,-17,14,180,190,58,63,1528,1228
GHCND:USW00003812,ASHEVILLE REGIONAL AIRPORT NC US,20080327,0,0,0,217,39,27,190,180,80,112,2232,1657
GHCND:USW00003812,ASHEVILLE REGIONAL AIRPORT NC US,20080328,0,0,0,222,67,31,310,300,76,112,951,952
GHCND:USW00003812,ASHEVILLE REGIONAL AIRPORT NC US,20080329,74,0,0,139,39,32,330,150,67,72,1643,213
GHCND:USW00003812,ASHEVILLE REGIONAL AIRPORT NC US,20080330,5,0,0,61,22,27,170,160,54,63,1348,1840
GHCND:USW00003812,ASHEVILLE REGIONAL AIRPORT NC US,20080331,3,0,0,150,33,30,160,130,58,72,1904,2020
GHCND:USW00003812,ASHEVILLE REGIONAL AIRPORT NC US,20080401,3,0,0,244,94,37,340,360,76,103,1713,1713
GHCND:USW00003812,ASHEVILLE REGIONAL AIRPORT NC US,20080402,36,0,0,217,106,42,340,330,89,112,716,743
GHCND:USW00003812,ASHEVILLE REGIONAL AIRPORT NC US,20080403,43,0,0,122,50,29,160,140,63,80,938,1912
GHCND:USW00003812,ASHEVILLE REGIONAL AIRPORT NC US,20080404,102,0,0,183,50,40,340,190,80,107,1318,1822
GHCND:USW00003812,ASHEVILLE REGIONAL AIRPORT NC US,20080405,173,0,0,144,111,18,320,320,89,116,2208,2209
GHCND:USW00003812,ASHEVILLE REGIONAL AIRPORT NC US,20080406,8,0,0,183,94,28,170,120,63,76,1546,1617
GHCND:USW00003812,ASHEVILLE REGIONAL AIRPORT NC US,20080407,0,0,0,178,83,30,160,150,67,80,1555,1548
GHCND:USW00003812,ASHEVILLE REGIONAL AIRPORT NC US,20080408,0,0,0,139,89,30,160,160,67,76,1614,1611
GHCND:USW00003812,ASHEVILLE REGIONAL AIRPORT NC US,20080409,0,0,0,228,72,16,170,160,58,72,1754,1710
GHCND:USW00003812,ASHEVILLE REGIONAL AIRPORT NC US,20080410,0,0,0,222,72,22,160,170,76,98,1212,1204
GHCND:USW00003812,ASHEVILLE REGIONAL AIRPORT NC US,20080411,15,0,0,233,133,34,180,180,103,125,1238,1231
GHCND:USW00003812,ASHEVILLE REGIONAL AIRPORT NC US,20080412,28,0,0,222,100,36,300,300,94,143,1709,2028
GHCND:USW00003812,ASHEVILLE REGIONAL AIRPORT NC US,20080413,0,0,0,117,28,54,330,340,107,134,1015,1016
GHCND:USW00003812,ASHEVILLE REGIONAL AIRPORT NC US,20080414,8,0,0,72,17,48,340,340,103,130,1621,1602
GHCND:USW00003812,ASHEVILLE REGIONAL AIRPORT NC US,20080415,0,0,0,139,22,48,330,330,94,112,1617,1737
GHCND:USW00003812,ASHEVILLE REGIONAL AIRPORT NC US,20080416,0,0,0,200,-22,11,160,60,54,63,1434,1714
GHCND:USW00003812,ASHEVILLE REGIONAL AIRPORT NC US,20080417,0,0,0,239,6,19,330,330,76,94,1010,1011
GHCND:USW00003812,ASHEVILLE REGIONAL AIRPORT NC US,20080418,0,0,0,256,33,29,180,150,72,94,1215,1725
GHCND:USW00003812,ASHEVILLE REGIONAL AIRPORT NC US,20080419,25,0,0,189,78,35,180,170,94,107,1604,1605
GHCND:USW00003812,ASHEVILLE REGIONAL AIRPORT NC US,20080420,0,0,0,161,50,44,340,330,107,130,1523,1524
GHCND:USW00003812,ASHEVILLE REGIONAL AIRPORT NC US,20080421,0,0,0,206,56,53,330,330,98,116,1438,1142
GHCND:USW00003812,ASHEVILLE REGIONAL AIRPORT NC US,20080422,0,0,0,211,89,23,50,40,67,98,1325,1326
GHCND:USW00003812,ASHEVILLE REGIONAL AIRPORT NC US,20080423,0,0,0,233,117,17,170,160,54,72,1434,1500
GHCND:USW00003812,ASHEVILLE REGIONAL AIRPORT NC US,20080424,0,0,0,244,78,15,170,190,67,76,1612,1434
GHCND:USW00003812,ASHEVILLE REGIONAL AIRPORT NC US,20080425,20,0,0,250,94,17,170,190,67,94,1222,1156
GHCND:USW00003812,ASHEVILLE REGIONAL AIRPORT NC US,20080426,51,0,0,239,94,10,190,-9999,36,-9999,-9999,1516
GHCND:USW00003812,ASHEVILLE REGIONAL AIRPORT NC US,20080427,109,0,0,194,117,14,170,170,67,80,1127,1135
GHCND:USW00003812,ASHEVILLE REGIONAL AIRPORT NC US,20080428,102,0,0,167,67,43,340,330,103,130,1735,1740
GHCND:USW00003812,ASHEVILLE REGIONAL AIRPORT NC US,20080429,0,0,0,122,22,57,320,330,103,143,712,731
GHCND:USW00003812,ASHEVILLE REGIONAL AIRPORT NC US,20080430,0,0,0,206,-6,15,210,240,54,72,1701,1813
GHCND:USW00003812,ASHEVILLE REGIONAL AIRPORT NC US,20080501,0,0,0,233,44,31,180,180,107,130,1407,1407
GHCND:USW00003812,ASHEVILLE REGIONAL AIRPORT NC US,20080502,0,0,0,239,128,42,180,180,103,134,1116,1443
GHCND:USW00003812,ASHEVILLE REGIONAL AIRPORT NC US,20080503,0,0,0,189,117,44,190,210,89,116,1311,1320
GHCND:USW00003812,ASHEVILLE REGIONAL AIRPORT NC US,20080504,0,0,0,239,100,35,340,340,72,94,1947,1949
GHCND:USW00003812,ASHEVILLE REGIONAL AIRPORT NC US,20080505,0,0,0,239,89,39,330,330,94,112,1756,1733
GHCND:USW00003812,ASHEVILLE REGIONAL AIRPORT NC US,20080506,0,0,0,250,67,22,340,320,67,80,1328,1510
GHCND:USW00003812,ASHEVILLE REGIONAL AIRPORT NC US,20080507,0,0,0,244,106,30,200,210,94,112,1405,1404
GHCND:USW00003812,ASHEVILLE REGIONAL AIRPORT NC US,20080508,38,0,0,256,167,47,190,190,103,134,1331,1332
GHCND:USW00003812,ASHEVILLE REGIONAL AIRPORT NC US,20080509,15,0,0,261,144,33,340,10,67,89,1640,1735
GHCND:USW00003812,ASHEVILLE REGIONAL AIRPORT NC US,20080510,0,0,0,239,133,34,340,340,80,103,907,1157
GHCND:USW00003812,ASHEVILLE REGIONAL AIRPORT NC US,20080511,41,0,0,206,106,55,330,330,134,183,2335,2335
GHCND:USW00003812,ASHEVILLE REGIONAL AIRPORT NC US,20080512,0,0,0,172,94,104,330,330,197,232,941,902
GHCND:USW00003812,ASHEVILLE REGIONAL AIRPORT NC US,20080513,0,0,0,222,44,20,160,170,67,89,1658,1659
GHCND:USW00003812,ASHEVILLE REGIONAL AIRPORT NC US,20080514,5,0,0,200,89,30,190,190,89,107,1047,1047
GHCND:USW00003812,ASHEVILLE REGIONAL AIRPORT NC US,20080515,48,0,0,194,128,17,190,180,76,103,1414,1414
GHCND:USW00003812,ASHEVILLE REGIONAL AIRPORT NC US,20080516,3,0,0,222,100,41,340,320,103,130,2214,1534
GHCND:USW00003812,ASHEVILLE REGIONAL AIRPORT NC US,20080517,0,0,0,217,78,35,340,330,89,107,33,33
GHCND:USW00003812,ASHEVILLE REGIONAL AIRPORT NC US,20080518,30,0,0,211,67,16,340,340,67,80,1407,1417
GHCND:USW00003812,ASHEVILLE REGIONAL AIRPORT NC US,20080519,0,0,0,233,56,22,320,290,80,130,1206,1341
GHCND:USW00003812,ASHEVILLE REGIONAL AIRPORT NC US,20080520,5,0,0,267,128,30,290,280,98,125,1402,1403
GHCND:USW00003812,ASHEVILLE REGIONAL AIRPORT NC US,20080521,0,0,0,217,89,40,340,340,98,116,1716,1717
GHCND:USW00003812,ASHEVILLE REGIONAL AIRPORT NC US,20080522,0,0,0,250,56,29,330,360,72,89,920,1544
GHCND:USW00003812,ASHEVILLE REGIONAL AIRPORT NC US,20080523,0,0,0,272,106,17,200,170,54,67,1722,1853
GHCND:USW00003812,ASHEVILLE REGIONAL AIRPORT NC US,20080524,0,0,0,250,128,30,330,340,98,125,1438,1443
GHCND:USW00003812,ASHEVILLE REGIONAL AIRPORT NC US,20080525,0,0,0,250,89,23,180,210,63,80,1815,1755
GHCND:USW00003812,ASHEVILLE REGIONAL AIRPORT NC US,20080526,5,0,0,272,133,29,190,180,72,89,1622,1446
GHCND:USW00003812,ASHEVILLE REGIONAL AIRPORT NC US,20080527,15,0,0,278,133,15,190,180,80,98,1338,1339
GHCND:USW00003812,ASHEVILLE REGIONAL AIRPORT NC US,20080528,132,0,0,206,122,16,40,60,54,76,1658,1702
GHCND:USW00003812,ASHEVILLE REGIONAL AIRPORT NC US,20080529,0,0,0,250,117,22,160,160,58,72,1533,1515
GHCND:USW00003812,ASHEVILLE REGIONAL AIRPORT NC US,20080530,0,0,0,278,139,24,180,180,58,72,1620,1621
GHCND:USW00003812,ASHEVILLE REGIONAL AIRPORT NC US,20080531,0,0,0,306,178,25,300,310,80,103,1137,1138
GHCND:USW00003812,ASHEVILLE REGIONAL AIRPORT NC US,20080601,13,0,0,267,150,24,330,310,72,89,1455,1403
GHCND:USW00003812,ASHEVILLE REGIONAL AIRPORT NC US,20080602,0,0,0,278,150,29,320,320,63,72,104,105
GHCND:USW00003812,ASHEVILLE REGIONAL AIRPORT NC US,20080603,0,0,0,283,133,25,190,190,67,89,1733,1734
GHCND:USW00003812,ASHEVILLE REGIONAL AIRPORT NC US,20080604,0,0,0,328,172,29,210,210,80,107,1333,1334
GHCND:USW00003812,ASHEVILLE REGIONAL AIRPORT NC US,20080605,0,0,0,322,161,20,180,170,63,80,1307,1415
GHCND:USW00003812,ASHEVILLE REGIONAL AIRPORT NC US,20080606,0,0,0,322,161,19,180,130,67,89,1230,1602
GHCND:USW00003812,ASHEVILLE REGIONAL AIRPORT NC US,20080607,5,0,0,333,183,7,220,200,80,112,1415,1416
GHCND:USW00003812,ASHEVILLE REGIONAL AIRPORT NC US,20080608,0,0,0,339,167,17,330,330,63,72,1805,1806
GHCND:USW00003812,ASHEVILLE REGIONAL AIRPORT NC US,20080609,0,0,0,339,172,19,190,190,72,89,1546,1547
GHCND:USW00003812,ASHEVILLE REGIONAL AIRPORT NC US,20080610,56,0,0,322,178,20,350,360,89,107,1508,1508
GHCND:USW00003812,ASHEVILLE REGIONAL AIRPORT NC US,20080611,0,0,0,300,183,20,120,110,58,80,2117,2118
GHCND:USW00003812,ASHEVILLE REGIONAL AIRPORT NC US,20080612,3,0,0,294,183,21,170,160,72,89,1334,1334
GHCND:USW00003812,ASHEVILLE REGIONAL AIRPORT NC US,20080613,0,0,0,294,183,22,160,160,72,94,1213,1227
GHCND:USW00003812,ASHEVILLE REGIONAL AIRPORT NC US,20080614,8,0,0,283,167,23,340,150,72,94,956,1600
GHCND:USW00003812,ASHEVILLE REGIONAL AIRPORT NC US,20080615,0,0,0,294,172,39,330,330,72,94,1446,1356
GHCND:USW00003812,ASHEVILLE REGIONAL AIRPORT NC US,20080616,0,0,0,311,133,22,140,150,67,89,1534,1535
GHCND:USW00003812,ASHEVILLE REGIONAL AIRPORT NC US,20080617,5,0,0,294,161,42,330,320,98,125,1053,1457
GHCND:USW00003812,ASHEVILLE REGIONAL AIRPORT NC US,20080618,0,0,0,256,111,36,330,330,89,107,1610,1611
GHCND:USW00003812,ASHEVILLE REGIONAL AIRPORT NC US,20080619,0,0,0,272,122,25,320,310,72,89,1500,1605
GHCND:USW00003812,ASHEVILLE REGIONAL AIRPORT NC US,20080620,0,0,0,256,106,13,320,330,45,54,1805,2359
GHCND:USW00003812,ASHEVILLE REGIONAL AIRPORT NC US,20080621,0,0,0,261,161,19,180,180,72,94,1429,1430
GHCND:USW00003812,ASHEVILLE REGIONAL AIRPORT NC US,20080622,3,0,0,272,139,14,170,160,58,67,1632,1633
GHCND:USW00003812,ASHEVILLE REGIONAL AIRPORT NC US,20080623,8,0,0,289,139,19,330,320,72,89,1411,1412
GHCND:USW00003812,ASHEVILLE REGIONAL AIRPORT NC US,20080624,0,0,0,300,122,19,330,10,63,89,1445,1730
GHCND:USW00003812,ASHEVILLE REGIONAL AIRPORT NC US,20080625,0,0,0,317,117,13,350,160,54,67,1454,1130
GHCND:USW00003812,ASHEVILLE REGIONAL AIRPORT NC US,20080626,0,0,0,317,122,20,330,330,63,80,1423,1539
GHCND:USW00003812,ASHEVILLE REGIONAL AIRPORT NC US,20080627,10,0,0,306,156,18,300,300,89,112,1617,1618
GHCND:USW00003812,ASHEVILLE REGIONAL AIRPORT NC US,20080628,58,0,0,311,156,18,300,280,80,103,2133,2134
GHCND:USW00003812,ASHEVILLE REGIONAL AIRPORT NC US,20080629,0,0,0,294,172,25,180,210,76,94,1948,1444
GHCND:USW00003812,ASHEVILLE REGIONAL AIRPORT NC US,20080630,48,0,0,267,144,30,340,330,116,148,1702,1702
GHCND:USW00003812,ASHEVILLE REGIONAL AIRPORT NC US,20080701,0,0,0,256,100,32,340,330,112,143,1033,1033
GHCND:USW00003812,ASHEVILLE REGIONAL AIRPORT NC US,20080702,0,0,0,278,89,13,170,170,58,76,1418,1631
GHCND:USW00003812,ASHEVILLE REGIONAL AIRPORT NC US,20080703,0,0,0,289,100,11,170,170,58,67,1633,1633
GHCND:USW00003812,ASHEVILLE REGIONAL AIRPORT NC US,20080704,157,0,0,289,150,9,340,340,76,80,1451,1451
GHCND:USW00003812,ASHEVILLE REGIONAL AIRPORT NC US,20080705,3,0,0,283,172,14,330,330,63,72,1705,1707
GHCND:USW00003812,ASHEVILLE REGIONAL AIRPORT NC US,20080706,343,0,0,272,178,14,310,310,80,107,1422,1426
GHCND:USW00003812,ASHEVILLE REGIONAL AIRPORT NC US,20080707,5,0,0,294,172,21,150,160,58,72,1611,1611
GHCND:USW00003812,ASHEVILLE REGIONAL AIRPORT NC US,20080708,3,0,0,267,183,11,250,240,67,89,1208,1209
GHCND:USW00003812,ASHEVILLE REGIONAL AIRPORT NC US,20080709,137,0,0,294,178,20,350,320,89,107,1338,1325
GHCND:USW00003812,ASHEVILLE REGIONAL AIRPORT NC US,20080710,38,0,0,256,178,11,340,330,58,67,1644,1650
GHCND:USW00003812,ASHEVILLE REGIONAL AIRPORT NC US,20080711,0,0,0,294,189,31,330,320,80,103,1131,1131
GHCND:USW00003812,ASHEVILLE REGIONAL AIRPORT NC US,20080712,0,0,0,311,161,16,210,200,58,76,1613,1749
GHCND:USW00003812,ASHEVILLE REGIONAL AIRPORT NC US,20080713,168,0,0,278,172,17,300,310,76,89,1118,1119
GHCND:USW00003812,ASHEVILLE REGIONAL AIRPORT NC US,20080714,0,0,0,278,183,37,340,340,72,98,1508,1818
GHCND:USW00003812,ASHEVILLE REGIONAL AIRPORT NC US,20080715,0,0,0,289,156,23,330,310,72,80,1628,1511
GHCND:USW00003812,ASHEVILLE REGIONAL AIRPORT NC US,20080716,0,0,0,283,144,6,100,110,40,63,1803,1804
GHCND:USW00003812,ASHEVILLE REGIONAL AIRPORT NC US,20080717,0,0,0,283,133,10,70,110,40,58,1549,1628
GHCND:USW00003812,ASHEVILLE REGIONAL AIRPORT NC US,20080718,0,0,0,289,128,13,180,160,45,63,1346,1414
GHCND:USW00003812,ASHEVILLE REGIONAL AIRPORT NC US,20080719,0,0,0,317,150,15,320,330,72,80,1429,1429
GHCND:USW00003812,ASHEVILLE REGIONAL AIRPORT NC US,20080720,0,0,0,317,150,24,330,330,72,89,1430,1431
GHCND:USW00003812,ASHEVILLE REGIONAL AIRPORT NC US,20080721,0,0,0,339,206,35,330,330,89,107,1735,1735
GHCND:USW00003812,ASHEVILLE REGIONAL AIRPORT NC US,20080722,0,0,0,322,161,32,330,320,80,94,1024,1021
GHCND:USW00003812,ASHEVILLE REGIONAL AIRPORT NC US,20080723,0,0,0,294,183,34,340,330,94,116,1641,1651
GHCND:USW00003812,ASHEVILLE REGIONAL AIRPORT NC US,20080724,0,0,0,283,128,23,320,360,54,76,1331,1105
GHCND:USW00003812,ASHEVILLE REGIONAL AIRPORT NC US,20080725,0,0,0,267,172,13,150,150,58,67,1638,1639
GHCND:USW00003812,ASHEVILLE REGIONAL AIRPORT NC US,20080726,33,0,0,283,183,10,340,310,45,58,1654,1631
GHCND:USW00003812,ASHEVILLE REGIONAL AIRPORT NC US,20080727,0,0,0,322,183,31,320,320,76,107,1252,1553
GHCND:USW00003812,ASHEVILLE REGIONAL AIRPORT NC US,20080728,3,0,0,317,156,31,330,330,89,103,1934,1935
GHCND:USW00003812,ASHEVILLE REGIONAL AIRPORT NC US,20080729,122,0,0,306,189,18,300,300,72,80,1446,1447
GHCND:USW00003812,ASHEVILLE REGIONAL AIRPORT NC US,20080730,0,0,0,328,183,23,340,320,72,80,1500,1427
GHCND:USW00003812,ASHEVILLE REGIONAL AIRPORT NC US,20080731,10,0,0,294,189,26,330,340,89,112,1247,1357
GHCND:USW00003812,ASHEVILLE REGIONAL AIRPORT NC US,20080801,0,0,0,311,194,41,320,330,80,98,1530,1531
GHCND:USW00003812,ASHEVILLE REGIONAL AIRPORT NC US,20080802,0,0,0,333,167,33,350,360,89,103,1745,1743
GHCND:USW00003812,ASHEVILLE REGIONAL AIRPORT NC US,20080803,0,0,0,317,172,19,330,330,72,80,1801,1802
GHCND:USW00003812,ASHEVILLE REGIONAL AIRPORT NC US,20080804,0,0,0,339,172,18,330,330,67,76,1702,1703
GHCND:USW00003812,ASHEVILLE REGIONAL AIRPORT NC US,20080805,0,0,0,333,172,30,350,340,80,103,1446,1310
GHCND:USW00003812,ASHEVILLE REGIONAL AIRPORT NC US,20080806,0,0,0,339,194,33,330,350,98,116,551,1413
GHCND:USW00003812,ASHEVILLE REGIONAL AIRPORT NC US,20080807,0,0,0,294,194,32,340,360,76,98,1707,1633
GHCND:USW00003812,ASHEVILLE REGIONAL AIRPORT NC US,20080808,0,0,0,278,178,40,330,330,94,112,1259,1255
GHCND:USW00003812,ASHEVILLE REGIONAL AIRPORT NC US,20080809,48,0,0,283,117,18,330,320,63,80,1807,1808
GHCND:USW00003812,ASHEVILLE REGIONAL AIRPORT NC US,20080810,0,0,0,283,150,21,320,340,72,89,1614,1738
GHCND:USW00003812,ASHEVILLE REGIONAL AIRPORT NC US,20080811,0,0,0,283,150,34,330,330,89,112,1400,1524
GHCND:USW00003812,ASHEVILLE REGIONAL AIRPORT NC US,20080812,0,0,0,267,122,13,160,150,54,67,1627,1639
GHCND:USW00003812,ASHEVILLE REGIONAL AIRPORT NC US,20080813,18,0,0,244,167,21,170,170,54,72,1502,1848
GHCND:USW00003812,ASHEVILLE REGIONAL AIRPORT NC US,20080814,0,0,0,289,167,18,170,170,58,80,1706,1724
GHCND:USW00003812,ASHEVILLE REGIONAL AIRPORT NC US,20080815,28,0,0,283,139,13,230,230,58,67,1405,1405
GHCND:USW00003812,ASHEVILLE REGIONAL AIRPORT NC US,20080816,8,0,0,283,161,10,170,180,63,80,1402,1404
GHCND:USW00003812,ASHEVILLE REGIONAL AIRPORT NC US,20080817,0,0,0,267,167,14,150,170,63,80,1223,1405
GHCND:USW00003812,ASHEVILLE REGIONAL AIRPORT NC US,20080818,0,0,0,294,156,12,160,160,63,76,1556,1630
GHCND:USW00003812,ASHEVILLE REGIONAL AIRPORT NC US,20080819,0,0,0,328,150,13,330,360,58,76,1219,1304
GHCND:USW00003812,ASHEVILLE REGIONAL AIRPORT NC US,20080820,0,0,0,294,150,12,170,170,67,80,1307,1308
GHCND:USW00003812,ASHEVILLE REGIONAL AIRPORT NC US,20080821,0,0,0,278,150,17,130,100,58,80,1445,1612
GHCND:USW00003812,ASHEVILLE REGIONAL AIRPORT NC US,20080822,0,0,0,272,194,23,130,160,63,80,1256,1258
GHCND:USW00003812,ASHEVILLE REGIONAL AIRPORT NC US,20080823,0,0,0,267,167,18,150,100,72,89,1140,1231
GHCND:USW00003812,ASHEVILLE REGIONAL AIRPORT NC US,20080824,0,0,0,272,161,17,160,150,58,76,1140,1403
GHCND:USW00003812,ASHEVILLE REGIONAL AIRPORT NC US,20080825,244,0,0,244,194,5,160,140,67,80,2144,2144
GHCND:USW00003812,ASHEVILLE REGIONAL AIRPORT NC US,20080826,1019,0,0,211,194,22,150,160,76,107,1705,1706
GHCND:USW00003812,ASHEVILLE REGIONAL AIRPORT NC US,20080827,99,0,0,261,194,26,180,180,72,80,1433,1440
GHCND:USW00003812,ASHEVILLE REGIONAL AIRPORT NC US,20080828,20,0,0,261,183,27,340,350,72,80,1541,1428
GHCND:USW00003812,ASHEVILLE REGIONAL AIRPORT NC US,20080829,0,0,0,289,167,22,340,340,54,67,953,1021
GHCND:USW00003812,ASHEVILLE REGIONAL AIRPORT NC US,20080830,0,0,0,300,144,13,170,140,40,54,1744,1809
GHCND:USW00003812,ASHEVILLE REGIONAL AIRPORT NC US,20080831,0,0,0,294,167,17,160,80,58,72,1532,1303
GHCND:USW00003812,ASHEVILLE REGIONAL AIRPORT NC US,20080901,64,0,0,239,172,10,180,180,45,58,1457,1458
GHCND:USW00003812,ASHEVILLE REGIONAL AIRPORT NC US,20080902,0,0,0,272,161,12,170,150,54,63,1543,1623
GHCND:USW00003812,ASHEVILLE REGIONAL AIRPORT NC US,20080903,0,0,0,283,144,10,160,140,45,54,1741,1739
GHCND:USW00003812,ASHEVILLE REGIONAL AIRPORT NC US,20080904,0,0,0,272,122,21,170,180,67,80,1626,1626
GHCND:USW00003812,ASHEVILLE REGIONAL AIRPORT NC US,20080905,0,0,0,289,144,10,130,30,40,58,1422,1339
GHCND:USW00003812,ASHEVILLE REGIONAL AIRPORT NC US,20080906,0,0,0,283,167,38,330,340,89,107,931,1136
GHCND:USW00003812,ASHEVILLE REGIONAL AIRPORT NC US,20080907,0,0,0,294,150,18,350,350,63,72,1338,1339
GHCND:USW00003812,ASHEVILLE REGIONAL AIRPORT NC US,20080908,0,0,0,289,150,17,180,170,58,72,1404,1410
GHCND:USW00003812,ASHEVILLE REGIONAL AIRPORT NC US,20080909,13,0,0,250,189,18,330,330,63,72,2003,2003
GHCND:USW00003812,ASHEVILLE REGIONAL AIRPORT NC US,20080910,183,0,0,256,178,12,180,190,67,80,1409,1409
GHCND:USW00003812,ASHEVILLE REGIONAL AIRPORT NC US,20080911,13,0,0,239,172,23,160,150,58,67,1904,1902
GHCND:USW00003812,ASHEVILLE REGIONAL AIRPORT NC US,20080912,5,0,0,267,189,26,170,170,63,72,1537,1537
GHCND:USW00003812,ASHEVILLE REGIONAL AIRPORT NC US,20080913,0,0,0,294,189,19,170,150,67,80,1514,1617
GHCND:USW00003812,ASHEVILLE REGIONAL AIRPORT NC US,20080914,0,0,0,278,189,38,190,180,103,116,1149,1149
GHCND:USW00003812,ASHEVILLE REGIONAL AIRPORT NC US,20080915,3,0,0,244,172,52,330,330,89,103,1711,1303
GHCND:USW00003812,ASHEVILLE REGIONAL AIRPORT NC US,20080916,25,0,0,178,161,17,330,30,58,72,1035,2356
GHCND:USW00003812,ASHEVILLE REGIONAL AIRPORT NC US,20080917,0,0,0,211,133,15,170,150,54,67,1200,1226
GHCND:USW00003812,ASHEVILLE REGIONAL AIRPORT NC US,20080918,0,0,0,256,122,15,120,130,40,63,1514,1659
GHCND:USW00003812,ASHEVILLE REGIONAL AIRPORT NC US,20080919,0,0,0,228,100,9,130,130,45,63,1634,1635
GHCND:USW00003812,ASHEVILLE REGIONAL AIRPORT NC US,20080920,0,0,0,222,122,13,160,160,54,72,1430,1603
GHCND:USW00003812,ASHEVILLE REGIONAL AIRPORT NC US,20080921,0,0,0,211,111,5,170,130,45,54,1608,1612
GHCND:USW00003812,ASHEVILLE REGIONAL AIRPORT NC US,20080922,0,0,0,256,100,11,120,320,36,54,1255,1653
GHCND:USW00003812,ASHEVILLE REGIONAL AIRPORT NC US,20080923,0,0,0,222,89,9,20,40,54,76,1110,1058
GHCND:USW00003812,ASHEVILLE REGIONAL AIRPORT NC US,20080924,0,0,0,228,83,16,30,60,63,89,1157,1010
GHCND:USW00003812,ASHEVILLE REGIONAL AIRPORT NC US,20080925,0,0,0,233,72,44,340,330,76,107,2124,2222
GHCND:USW00003812,ASHEVILLE REGIONAL AIRPORT NC US,20080926,127,0,0,178,144,56,330,320,103,125,336,337
GHCND:USW00003812,ASHEVILLE REGIONAL AIRPORT NC US,20080927,0,0,0,233,150,23,330,330,54,63,1610,1613
GHCND:USW00003812,ASHEVILLE REGIONAL AIRPORT NC US,20080928,0,0,0,244,150,38,320,330,76,89,1417,1106
GHCND:USW00003812,ASHEVILLE REGIONAL AIRPORT NC US,20080929,0,0,0,250,128,13,340,330,54,58,1625,1605
GHCND:USW00003812,ASHEVILLE REGIONAL AIRPORT NC US,20080930,0,0,0,239,100,12,360,360,76,103,1522,1532
GHCND:USW00003812,ASHEVILLE REGIONAL AIRPORT NC US,20081001,0,0,0,189,67,39,330,340,98,125,1651,1659
GHCND:USW00003812,ASHEVILLE REGIONAL AIRPORT NC US,20081002,0,0,0,178,44,21,320,340,72,94,1104,1221
GHCND:USW00003812,ASHEVILLE REGIONAL AIRPORT NC US,20081003,0,0,0,211,28,6,320,340,54,63,1129,1101
GHCND:USW00003812,ASHEVILLE REGIONAL AIRPORT NC US,20081004,0,0,0,233,44,4,170,170,40,54,1714,1715
GHCND:USW00003812,ASHEVILLE REGIONAL AIRPORT NC US,20081005,0,0,0,244,72,5,330,340,54,67,1251,1209
GHCND:USW00003812,ASHEVILLE REGIONAL AIRPORT NC US,20081006,0,0,0,250,78,9,170,160,54,63,1614,1610
GHCND:USW00003812,ASHEVILLE REGIONAL AIRPORT NC US,20081007,0,0,0,172,78,23,160,150,63,80,1404,1537
GHCND:USW00003812,ASHEVILLE REGIONAL AIRPORT NC US,20081008,140,0,0,150,133,24,130,130,54,67,1906,1907
GHCND:USW00003812,ASHEVILLE REGIONAL AIRPORT NC US,20081009,0,0,0,228,139,9,170,160,45,63,1654,1655
GHCND:USW00003812,ASHEVILLE REGIONAL AIRPORT NC US,20081010,0,0,0,211,128,14,50,30,40,54,1550,1546
GHCND:USW00003812,ASHEVILLE REGIONAL AIRPORT NC US,20081011,0,0,0,228,161,19,90,110,45,67,1524,1525
GHCND:USW00003812,ASHEVILLE REGIONAL AIRPORT NC US,20081012,0,0,0,222,128,13,150,150,63,94,1203,1204
GHCND:USW00003812,ASHEVILLE REGIONAL AIRPORT NC US,20081013,0,0,0,228,106,11,170,170,54,63,1515,1405
GHCND:USW00003812,ASHEVILLE REGIONAL AIRPORT NC US,20081014,0,0,0,261,56,12,350,350,45,63,1153,1151
GHCND:USW00003812,ASHEVILLE REGIONAL AIRPORT NC US,20081015,0,0,0,272,83,5,200,210,45,54,1720,1657
GHCND:USW00003812,ASHEVILLE REGIONAL AIRPORT NC US,20081016,0,0,0,256,94,19,350,360,63,89,1341,1345
GHCND:USW00003812,ASHEVILLE REGIONAL AIRPORT NC US,20081017,58,0,0,183,122,35,340,340,89,112,1649,1650
GHCND:USW00003812,ASHEVILLE REGIONAL AIRPORT NC US,20081018,0,0,0,128,61,48,340,340,107,139,1211,1212
GHCND:USW00003812,ASHEVILLE REGIONAL AIRPORT NC US,20081019,0,0,0,172,11,11,160,150,40,58,1725,1726
GHCND:USW00003812,ASHEVILLE REGIONAL AIRPORT NC US,20081020,0,0,0,189,-11,9,190,350,45,67,1205,1641
GHCND:USW00003812,ASHEVILLE REGIONAL AIRPORT NC US,20081021,0,0,0,189,39,35,340,340,98,112,1451,1452
GHCND:USW00003812,ASHEVILLE REGIONAL AIRPORT NC US,20081022,0,0,0,178,17,15,160,110,63,80,1450,1503
GHCND:USW00003812,ASHEVILLE REGIONAL AIRPORT NC US,20081023,0,0,0,117,6,20,170,160,63,80,1250,1250
GHCND:USW00003812,ASHEVILLE REGIONAL AIRPORT NC US,20081024,239,0,0,106,67,21,190,180,54,72,528,737
GHCND:USW00003812,ASHEVILLE REGIONAL AIRPORT NC US,20081025,30,0,0,144,56,41,340,340,112,134,1032,1033
GHCND:USW00003812,ASHEVILLE REGIONAL AIRPORT NC US,20081026,0,0,0,189,39,25,340,340,94,116,1007,1120
GHCND:USW00003812,ASHEVILLE REGIONAL AIRPORT NC US,20081027,0,0,0,94,22,70,330,330,143,170,1532,1605
GHCND:USW00003812,ASHEVILLE REGIONAL AIRPORT NC US,20081028,0,0,0,67,6,79,330,330,148,192,1524,1344
GHCND:USW00003812,ASHEVILLE REGIONAL AIRPORT NC US,20081029,0,0,0,128,6,51,330,320,116,143,126,135
GHCND:USW00003812,ASHEVILLE REGIONAL AIRPORT NC US,20081030,0,0,0,172,-22,16,340,340,67,80,1220,1213
GHCND:USW00003812,ASHEVILLE REGIONAL AIRPORT NC US,20081031,0,0,0,200,-28,13,330,320,63,76,1420,1412
GHCND:USW00003812,ASHEVILLE REGIONAL AIRPORT NC US,20081101,0,0,0,206,-11,14,340,350,72,94,1201,1152
GHCND:USW00003812,ASHEVILLE REGIONAL AIRPORT NC US,20081102,0,0,0,206,-6,8,180,160,58,72,1614,1425
GHCND:USW00003812,ASHEVILLE REGIONAL AIRPORT NC US,20081103,0,0,0,194,0,8,160,40,45,63,1406,1528
GHCND:USW00003812,ASHEVILLE REGIONAL AIRPORT NC US,20081104,0,0,0,200,50,23,330,110,63,72,1553,811
GHCND:USW00003812,ASHEVILLE REGIONAL AIRPORT NC US,20081105,0,0,0,217,44,13,20,40,54,72,1325,1325
GHCND:USW00003812,ASHEVILLE REGIONAL AIRPORT NC US,20081106,0,0,0,222,28,17,330,320,63,89,1321,1326
GHCND:USW00003812,ASHEVILLE REGIONAL AIRPORT NC US,20081107,5,0,0,228,17,23,200,180,80,112,1527,1514
GHCND:USW00003812,ASHEVILLE REGIONAL AIRPORT NC US,20081108,0,0,0,156,17,35,310,320,76,134,1649,1435
GHCND:USW00003812,ASHEVILLE REGIONAL AIRPORT NC US,20081109,0,0,0,117,-11,27,340,340,76,98,1157,1158
GHCND:USW00003812,ASHEVILLE REGIONAL AIRPORT NC US,20081110,0,0,0,133,-6,45,340,340,80,98,1509,1511
GHCND:USW00003812,ASHEVILLE REGIONAL AIRPORT NC US,20081111,0,0,0,117,-33,13,160,160,45,67,1137,1446
GHCND:USW00003812,ASHEVILLE REGIONAL AIRPORT NC US,20081112,0,0,0,128,22,24,170,150,72,94,1236,1324
GHCND:USW00003812,ASHEVILLE REGIONAL AIRPORT NC US,20081113,236,0,0,167,61,13,170,250,40,58,1317,2029
GHCND:USW00003812,ASHEVILLE REGIONAL AIRPORT NC US,20081114,3,0,0,178,106,21,170,170,67,80,1336,1342
GHCND:USW00003812,ASHEVILLE REGIONAL AIRPORT NC US,20081115,33,0,0,161,33,48,330,300,107,148,1413,1520
GHCND:USW00003812,ASHEVILLE REGIONAL AIRPORT NC US,20081116,0,0,0,50,-11,71,340,350,112,139,1006,1007
GHCND:USW00003812,ASHEVILLE REGIONAL AIRPORT NC US,20081117,0,0,0,106,-28,38,340,340,103,143,1544,1545
GHCND:USW00003812,ASHEVILLE REGIONAL AIRPORT NC US,20081118,0,0,0,6,-39,74,330,330,139,179,808,941
GHCND:USW00003812,ASHEVILLE REGIONAL AIRPORT NC US,20081119,0,0,0,72,-61,28,340,340,89,103,511,512
GHCND:USW00003812,ASHEVILLE REGIONAL AIRPORT NC US,20081120,0,0,0,128,-28,49,350,340,80,116,1525,2144
GHCND:USW00003812,ASHEVILLE REGIONAL AIRPORT NC US,20081121,0,0,0,22,-67,68,330,330,139,183,1427,1435
GHCND:USW00003812,ASHEVILLE REGIONAL AIRPORT NC US,20081122,0,0,0,56,-94,21,340,340,58,72,946,952
GHCND:USW00003812,ASHEVILLE REGIONAL AIRPORT NC US,20081123,0,0,0,100,-44,10,170,170,54,67,1524,1526
GHCND:USW00003812,ASHEVILLE REGIONAL AIRPORT NC US,20081124,8,0,0,83,-39,39,330,320,103,125,2357,2358
GHCND:USW00003812,ASHEVILLE REGIONAL AIRPORT NC US,20081125,3,0,0,72,-28,38,340,290,116,165,1020,1142
GHCND:USW00003812,ASHEVILLE REGIONAL AIRPORT NC US,20081126,0,0,0,100,-33,31,340,330,89,107,950,959
GHCND:USW00003812,ASHEVILLE REGIONAL AIRPORT NC US,20081127,0,0,0,156,-56,6,340,330,40,54,1104,1104
GHCND:USW00003812,ASHEVILLE REGIONAL AIRPORT NC US,20081128,0,0,0,139,-17,22,340,340,67,80,1608,1609
GHCND:USW00003812,ASHEVILLE REGIONAL AIRPORT NC US,20081129,18,0,0,83,22,16,180,180,45,63,2359,2359
GHCND:USW00003812,ASHEVILLE REGIONAL AIRPORT NC US,20081130,104,0,0,50,17,25,210,210,67,89,1925,1925
GHCND:USW00003812,ASHEVILLE REGIONAL AIRPORT NC US,20081201,0,0,0,44,-6,31,210,210,72,98,1105,1106
GHCND:USW00003812,ASHEVILLE REGIONAL AIRPORT NC US,20081202,0,0,0,44,-50,22,340,340,67,80,1558,1559
GHCND:USW00003812,ASHEVILLE REGIONAL AIRPORT NC US,20081203,0,0,0,94,-78,18,140,170,58,72,2019,1513
GHCND:USW00003812,ASHEVILLE REGIONAL AIRPORT NC US,20081204,0,0,0,111,-28,36,340,340,103,130,2141,1915
GHCND:USW00003812,ASHEVILLE REGIONAL AIRPORT NC US,20081205,0,0,0,44,-44,51,340,340,89,107,632,632
GHCND:USW00003812,ASHEVILLE REGIONAL AIRPORT NC US,20081206,0,0,0,22,-67,9,350,360,103,134,2329,2329
GHCND:USW00003812,ASHEVILLE REGIONAL AIRPORT NC US,20081207,0,0,0,22,-56,49,350,350,125,170,853,924
GHCND:USW00003812,ASHEVILLE REGIONAL AIRPORT NC US,20081208,0,0,0,72,-72,21,170,150,58,72,1757,1843
GHCND:USW00003812,ASHEVILLE REGIONAL AIRPORT NC US,20081209,25,0,0,117,22,31,160,160,72,94,1437,916
GHCND:USW00003812,ASHEVILLE REGIONAL AIRPORT NC US,20081210,500,0,0,144,117,30,170,180,76,130,530,1227
GHCND:USW00003812,ASHEVILLE REGIONAL AIRPORT NC US,20081211,295,0,0,161,61,30,340,330,94,112,2343,2317
GHCND:USW00003812,ASHEVILLE REGIONAL AIRPORT NC US,20081212,0,0,0,61,-17,69,330,320,139,174,634,635
GHCND:USW00003812,ASHEVILLE REGIONAL AIRPORT NC US,20081213,0,0,0,83,-56,30,330,330,94,116,113,113
GHCND:USW00003812,ASHEVILLE REGIONAL AIRPORT NC US,20081214,0,0,0,67,-28,28,160,150,54,72,1138,2016
GHCND:USW00003812,ASHEVILLE REGIONAL AIRPORT NC US,20081215,94,0,0,133,61,10,170,160,58,76,1620,1620
GHCND:USW00003812,ASHEVILLE REGIONAL AIRPORT NC US,20081216,66,0,0,167,89,30,150,120,63,94,1507,1827
GHCND:USW00003812,ASHEVILLE REGIONAL AIRPORT NC US,20081217,23,0,0,200,83,19,200,220,58,76,1316,1250
GHCND:USW00003812,ASHEVILLE REGIONAL AIRPORT NC US,20081218,0,0,0,156,83,20,340,340,54,67,1140,1658
GHCND:USW00003812,ASHEVILLE REGIONAL AIRPORT NC US,20081219,0,0,0,189,78,30,200,270,94,139,1722,1047
GHCND:USW00003812,ASHEVILLE REGIONAL AIRPORT NC US,20081220,28,0,0,144,100,23,320,320,63,76,619,635
GHCND:USW00003812,ASHEVILLE REGIONAL AIRPORT NC US,20081221,36,0,0,128,-61,74,330,330,130,161,1417,1417
GHCND:USW00003812,ASHEVILLE REGIONAL AIRPORT NC US,20081222,0,0,0,-28,-122,62,340,340,125,165,1131,1137
GHCND:USW00003812,ASHEVILLE REGIONAL AIRPORT NC US,20081223,0,0,0,33,-72,30,170,160,72,94,1307,1238
GHCND:USW00003812,ASHEVILLE REGIONAL AIRPORT NC US,20081224,71,0,0,128,17,40,180,190,98,125,1349,1304
GHCND:USW00003812,ASHEVILLE REGIONAL AIRPORT NC US,20081225,0,0,0,144,17,39,340,330,80,98,522,438
GHCND:USW00003812,ASHEVILLE REGIONAL AIRPORT NC US,20081226,0,0,0,100,6,17,170,170,45,54,2353,1912
GHCND:USW00003812,ASHEVILLE REGIONAL AIRPORT NC US,20081227,20,0,0,161,61,37,190,230,80,116,1534,1502
GHCND:USW00003812,ASHEVILLE REGIONAL AIRPORT NC US,20081228,46,0,0,161,61,48,330,330,94,112,1924,1933
GHCND:USW00003812,ASHEVILLE REGIONAL AIRPORT NC US,20081229,0,0,0,106,33,50,350,330,98,130,1440,1309
GHCND:USW00003812,ASHEVILLE REGIONAL AIRPORT NC US,20081230,0,0,0,189,11,30,340,340,72,103,148,148
GHCND:USW00003812,ASHEVILLE REGIONAL AIRPORT NC US,20081231,0,0,0,122,-33,74,330,340,148,206,1327,1341
