STATION,STATION_NAME,DATE,PRCP,TMAX,TMIN,AWND,WDF2,WDF5,WSF2,WSF5,PGTM,FMTM
GHCND:USW00014858,HANCOCK HOUGHTON CO AIRPORT MI US,20070101,18,6,-33,76,340,350,139,192,459,452
GHCND:USW00014858,HANCOCK HOUGHTON CO AIRPORT MI US,20070102,0,33,-67,43,210,210,80,112,1542,1451
GHCND:USW00014858,HANCOCK HOUGHTON CO AIRPORT MI US,20070103,0,61,-22,43,250,240,80,107,411,402
GHCND:USW00014858,HANCOCK HOUGHTON CO AIRPORT MI US,20070104,0,50,11,22,270,250,58,72,208,1323
GHCND:USW00014858,HANCOCK HOUGHTON CO AIRPORT MI US,20070105,10,28,0,53,290,290,130,156,1436,1436
GHCND:USW00014858,HANCOCK HOUGHTON CO AIRPORT MI US,20070106,3,11,-22,60,290,310,107,134,1325,1328
GHCND:USW00014858,HANCOCK HOUGHTON CO AIRPORT MI US,20070107,3,22,-33,43,280,270,112,139,2207,2214
GHCND:USW00014858,HANCOCK HOUGHTON CO AIRPORT MI US,20070108,0,-22,-61,86,290,290,116,148,855,801
GHCND:USW00014858,HANCOCK HOUGHTON CO AIRPORT MI US,20070109,0,-61,-122,97,290,290,143,174,1537,1512
GHCND:USW00014858,HANCOCK HOUGHTON CO AIRPORT MI US,20070110,0,-39,-117,46,300,300,107,134,149,44
GHCND:USW00014858,HANCOCK HOUGHTON CO AIRPORT MI US,20070111,0,17,-56,36,280,40,89,107,2157,1320
GHCND:USW00014858,HANCOCK HOUGHTON CO AIRPORT MI US,20070112,0,-56,-128,47,10,10,89,116,427,428
GHCND:USW00014858,HANCOCK HOUGHTON CO AIRPORT MI US,20070113,0,-83,-122,24,270,250,67,80,2252,2252
GHCND:USW00014858,HANCOCK HOUGHTON CO AIRPORT MI US,20070114,3,-72,-128,26,320,320,76,94,308,309
GHCND:USW00014858,HANCOCK HOUGHTON CO AIRPORT MI US,20070115,0,-89,-133,38,360,20,89,112,1156,1155
GHCND:USW00014858,HANCOCK HOUGHTON CO AIRPORT MI US,20070116,0,-94,-156,51,320,320,98,116,1035,1110
GHCND:USW00014858,HANCOCK HOUGHTON CO AIRPORT MI US,20070117,0,-11,-144,44,250,240,80,116,829,1025
GHCND:USW00014858,HANCOCK HOUGHTON CO AIRPORT MI US,20070118,5,-50,-94,48,320,320,125,148,2109,2115
GHCND:USW00014858,HANCOCK HOUGHTON CO AIRPORT MI US,20070119,0,-67,-117,73,310,290,112,139,543,1616
GHCND:USW00014858,HANCOCK HOUGHTON CO AIRPORT MI US,20070120,0,-83,-200,27,190,200,63,76,2340,2345
GHCND:USW00014858,HANCOCK HOUGHTON CO AIRPORT MI US,20070121,3,-44,-94,20,180,180,58,72,27,29
GHCND:USW00014858,HANCOCK HOUGHTON CO AIRPORT MI US,20070122,3,-33,-89,32,260,260,80,103,1440,1459
GHCND:USW00014858,HANCOCK HOUGHTON CO AIRPORT MI US,20070123,0,-33,-172,53,340,330,103,125,1105,1100
GHCND:USW00014858,HANCOCK HOUGHTON CO AIRPORT MI US,20070124,0,-94,-178,29,20,10,67,76,2309,2303
GHCND:USW00014858,HANCOCK HOUGHTON CO AIRPORT MI US,20070125,0,-117,-161,21,10,360,72,89,249,216
GHCND:USW00014858,HANCOCK HOUGHTON CO AIRPORT MI US,20070126,3,-28,-117,26,300,300,80,107,2324,2321
GHCND:USW00014858,HANCOCK HOUGHTON CO AIRPORT MI US,20070127,3,-28,-100,68,330,320,107,134,1350,1354
GHCND:USW00014858,HANCOCK HOUGHTON CO AIRPORT MI US,20070128,0,-94,-156,41,310,10,80,107,9,1455
GHCND:USW00014858,HANCOCK HOUGHTON CO AIRPORT MI US,20070129,0,-83,-178,23,30,20,63,89,2353,2359
GHCND:USW00014858,HANCOCK HOUGHTON CO AIRPORT MI US,20070130,0,-83,-133,73,280,300,143,174,2125,2112
GHCND:USW00014858,HANCOCK HOUGHTON CO AIRPORT MI US,20070131,0,-72,-133,36,310,300,112,139,19,47
GHCND:USW00014858,HANCOCK HOUGHTON CO AIRPORT MI US,20070201,0,-94,-144,40,280,260,80,103,147,1318
GHCND:USW00014858,HANCOCK HOUGHTON CO AIRPORT MI US,20070202,0,-133,-189,60,290,280,107,148,1648,1649
GHCND:USW00014858,HANCOCK HOUGHTON CO AIRPORT MI US,20070203,0,-172,-228,63,310,300,112,139,1445,1319
GHCND:USW00014858,HANCOCK HOUGHTON CO AIRPORT MI US,20070204,0,-194,-244,80,300,300,130,156,2052,2046
GHCND:USW00014858,HANCOCK HOUGHTON CO AIRPORT MI US,20070205,0,-161,-211,66,310,310,112,134,408,343
GHCND:USW00014858,HANCOCK HOUGHTON CO AIRPORT MI US,20070206,0,-150,-206,64,300,300,116,143,2347,2358
GHCND:USW00014858,HANCOCK HOUGHTON CO AIRPORT MI US,20070207,0,-100,-156,101,310,290,165,210,2007,2104
GHCND:USW00014858,HANCOCK HOUGHTON CO AIRPORT MI US,20070208,0,-111,-144,97,300,300,165,206,917,918
GHCND:USW00014858,HANCOCK HOUGHTON CO AIRPORT MI US,20070209,0,-117,-144,70,270,320,107,139,2244,1736
GHCND:USW00014858,HANCOCK HOUGHTON CO AIRPORT MI US,20070210,0,-128,-167,71,260,280,130,165,1400,1445
GHCND:USW00014858,HANCOCK HOUGHTON CO AIRPORT MI US,20070211,0,11,-150,67,290,290,139,165,1211,1226
GHCND:USW00014858,HANCOCK HOUGHTON CO AIRPORT MI US,20070212,0,-67,-178,27,340,350,58,72,1045,1103
GHCND:USW00014858,HANCOCK HOUGHTON CO AIRPORT MI US,20070213,0,0,-194,37,330,330,72,94,2032,2033
GHCND:USW00014858,HANCOCK HOUGHTON CO AIRPORT MI US,20070214,0,-44,-161,49,340,330,76,94,2110,2033
GHCND:USW00014858,HANCOCK HOUGHTON CO AIRPORT MI US,20070215,0,-33,-133,80,270,280,116,148,1714,1617
GHCND:USW00014858,HANCOCK HOUGHTON CO AIRPORT MI US,20070216,0,50,-161,62,270,270,112,143,1150,1338
GHCND:USW00014858,HANCOCK HOUGHTON CO AIRPORT MI US,20070217,0,0,-111,68,330,320,103,130,1134,1036
GHCND:USW00014858,HANCOCK HOUGHTON CO AIRPORT MI US,20070218,0,0,-167,47,340,350,98,125,2355,2356
GHCND:USW00014858,HANCOCK HOUGHTON CO AIRPORT MI US,20070219,0,89,-39,56,280,290,103,134,1728,1739
GHCND:USW00014858,HANCOCK HOUGHTON CO AIRPORT MI US,20070220,0,61,-44,37,310,310,80,103,212,224
GHCND:USW00014858,HANCOCK HOUGHTON CO AIRPORT MI US,20070221,41,33,-50,25,270,270,94,112,2227,2228
GHCND:USW00014858,HANCOCK HOUGHTON CO AIRPORT MI US,20070222,8,0,-150,71,350,330,148,183,429,343
GHCND:USW00014858,HANCOCK HOUGHTON CO AIRPORT MI US,20070223,0,-72,-183,45,120,110,80,116,2303,2338
GHCND:USW00014858,HANCOCK HOUGHTON CO AIRPORT MI US,20070224,0,-39,-89,79,120,100,116,161,2322,2323
GHCND:USW00014858,HANCOCK HOUGHTON CO AIRPORT MI US,20070225,8,-28,-56,92,90,80,134,174,1713,1616
GHCND:USW00014858,HANCOCK HOUGHTON CO AIRPORT MI US,20070226,36,-39,-44,58,90,90,116,156,2,3
GHCND:USW00014858,HANCOCK HOUGHTON CO AIRPORT MI US,20070227,0,-22,-50,35,90,80,72,98,541,616
GHCND:USW00014858,HANCOCK HOUGHTON CO AIRPORT MI US,20070228,0,-6,-56,40,120,120,98,134,2327,2309
GHCND:USW00014858,HANCOCK HOUGHTON CO AIRPORT MI US,20070301,41,-28,-50,106,90,100,170,232,2013,2135
GHCND:USW00014858,HANCOCK HOUGHTON CO AIRPORT MI US,20070302,0,-39,-89,90,90,80,156,210,33,230
GHCND:USW00014858,HANCOCK HOUGHTON CO AIRPORT MI US,20070303,0,-56,-172,66,350,350,107,143,1052,1035
GHCND:USW00014858,HANCOCK HOUGHTON CO AIRPORT MI US,20070304,0,-11,-139,89,280,330,170,210,2231,1615
GHCND:USW00014858,HANCOCK HOUGHTON CO AIRPORT MI US,20070305,0,-83,-189,61,330,330,130,174,1637,1343
GHCND:USW00014858,HANCOCK HOUGHTON CO AIRPORT MI US,20070306,0,-122,-211,17,180,200,45,58,1316,1332
GHCND:USW00014858,HANCOCK HOUGHTON CO AIRPORT MI US,20070307,0,-89,-161,30,270,280,76,94,1501,1621
GHCND:USW00014858,HANCOCK HOUGHTON CO AIRPORT MI US,20070308,0,-6,-106,34,110,110,67,94,1518,1519
GHCND:USW00014858,HANCOCK HOUGHTON CO AIRPORT MI US,20070309,0,61,-33,56,280,280,107,139,2100,2205
GHCND:USW00014858,HANCOCK HOUGHTON CO AIRPORT MI US,20070310,0,28,-39,97,280,280,183,215,1309,1310
GHCND:USW00014858,HANCOCK HOUGHTON CO AIRPORT MI US,20070311,0,122,-56,49,270,260,112,143,1227,1132
GHCND:USW00014858,HANCOCK HOUGHTON CO AIRPORT MI US,20070312,3,61,17,21,210,210,54,67,220,220
GHCND:USW00014858,HANCOCK HOUGHTON CO AIRPORT MI US,20070313,3,144,17,56,280,280,130,165,1300,1312
GHCND:USW00014858,HANCOCK HOUGHTON CO AIRPORT MI US,20070314,0,33,-94,65,340,290,112,156,1834,2004
GHCND:USW00014858,HANCOCK HOUGHTON CO AIRPORT MI US,20070315,0,-72,-122,43,30,40,89,116,55,56
GHCND:USW00014858,HANCOCK HOUGHTON CO AIRPORT MI US,20070316,3,-17,-128,17,330,320,40,54,1710,1704
GHCND:USW00014858,HANCOCK HOUGHTON CO AIRPORT MI US,20070317,0,-11,-144,37,310,310,72,94,1612,1554
GHCND:USW00014858,HANCOCK HOUGHTON CO AIRPORT MI US,20070318,18,22,-106,34,230,200,94,143,2221,2224
GHCND:USW00014858,HANCOCK HOUGHTON CO AIRPORT MI US,20070319,15,11,-111,101,300,290,201,246,1224,1137
GHCND:USW00014858,HANCOCK HOUGHTON CO AIRPORT MI US,20070320,0,6,-156,46,170,160,112,156,2215,2211
GHCND:USW00014858,HANCOCK HOUGHTON CO AIRPORT MI US,20070321,15,67,-6,55,280,180,112,148,203,2232
GHCND:USW00014858,HANCOCK HOUGHTON CO AIRPORT MI US,20070322,13,44,0,81,270,280,139,183,1001,1332
GHCND:USW00014858,HANCOCK HOUGHTON CO AIRPORT MI US,20070323,0,117,0,19,300,320,54,63,1342,1331
GHCND:USW00014858,HANCOCK HOUGHTON CO AIRPORT MI US,20070324,3,156,22,18,80,90,45,63,2044,2057
GHCND:USW00014858,HANCOCK HOUGHTON CO AIRPORT MI US,20070325,191,139,44,33,270,270,125,161,2017,2017
GHCND:USW00014858,HANCOCK HOUGHTON CO AIRPORT MI US,20070326,10,150,50,41,280,280,112,134,420,419
GHCND:USW00014858,HANCOCK HOUGHTON CO AIRPORT MI US,20070327,0,83,28,44,30,20,76,103,943,1054
GHCND:USW00014858,HANCOCK HOUGHTON CO AIRPORT MI US,20070328,0,33,0,81,100,100,112,156,1144,1152
GHCND:USW00014858,HANCOCK HOUGHTON CO AIRPORT MI US,20070329,8,139,17,50,10,330,98,125,1936,2113
GHCND:USW00014858,HANCOCK HOUGHTON CO AIRPORT MI US,20070330,0,22,-6,49,100,100,89,107,1221,1220
GHCND:USW00014858,HANCOCK HOUGHTON CO AIRPORT MI US,20070331,25,22,-6,58,100,100,98,130,1720,1911
GHCND:USW00014858,HANCOCK HOUGHTON CO AIRPORT MI US,20070401,104,89,6,46,90,100,103,134,456,354
GHCND:USW00014858,HANCOCK HOUGHTON CO AIRPORT MI US,20070402,3,50,6,79,280,280,143,170,1459,1502
GHCND:USW00014858,HANCOCK HOUGHTON CO AIRPORT MI US,20070403,74,22,-22,48,20,20,107,143,2314,2338
GHCND:USW00014858,HANCOCK HOUGHTON CO AIRPORT MI US,20070404,5,-22,-94,117,340,340,161,228,1713,2121
GHCND:USW00014858,HANCOCK HOUGHTON CO AIRPORT MI US,20070405,0,-56,-106,98,320,340,134,192,27,1507
GHCND:USW00014858,HANCOCK HOUGHTON CO AIRPORT MI US,20070406,0,-72,-106,86,320,320,130,165,1458,1522
GHCND:USW00014858,HANCOCK HOUGHTON CO AIRPORT MI US,20070407,0,-39,-89,73,340,360,112,161,1411,1606
GHCND:USW00014858,HANCOCK HOUGHTON CO AIRPORT MI US,20070408,0,-44,-139,37,340,340,80,107,856,857
GHCND:USW00014858,HANCOCK HOUGHTON CO AIRPORT MI US,20070409,0,-11,-144,27,320,320,58,76,1252,1252
GHCND:USW00014858,HANCOCK HOUGHTON CO AIRPORT MI US,20070410,0,0,-183,26,90,100,63,80,1710,1816
GHCND:USW00014858,HANCOCK HOUGHTON CO AIRPORT MI US,20070411,0,6,-44,65,90,80,107,156,1213,1355
GHCND:USW00014858,HANCOCK HOUGHTON CO AIRPORT MI US,20070412,0,11,-39,55,350,10,103,143,1508,1509
GHCND:USW00014858,HANCOCK HOUGHTON CO AIRPORT MI US,20070413,0,61,-61,39,270,280,80,103,1648,1617
GHCND:USW00014858,HANCOCK HOUGHTON CO AIRPORT MI US,20070414,0,89,-50,26,310,340,67,72,1559,1342
GHCND:USW00014858,HANCOCK HOUGHTON CO AIRPORT MI US,20070415,0,78,-39,26,330,360,67,89,1312,1342
GHCND:USW00014858,HANCOCK HOUGHTON CO AIRPORT MI US,20070416,0,133,-22,29,310,300,54,58,918,902
GHCND:USW00014858,HANCOCK HOUGHTON CO AIRPORT MI US,20070417,0,61,33,55,10,360,98,125,2109,915
GHCND:USW00014858,HANCOCK HOUGHTON CO AIRPORT MI US,20070418,0,100,28,34,50,60,72,94,342,259
GHCND:USW00014858,HANCOCK HOUGHTON CO AIRPORT MI US,20070419,0,128,22,27,110,100,67,80,1548,1655
GHCND:USW00014858,HANCOCK HOUGHTON CO AIRPORT MI US,20070420,0,183,0,27,100,90,72,89,1442,1340
GHCND:USW00014858,HANCOCK HOUGHTON CO AIRPORT MI US,20070421,0,239,33,39,190,200,89,116,1729,1447
GHCND:USW00014858,HANCOCK HOUGHTON CO AIRPORT MI US,20070422,18,244,72,57,350,350,107,143,2311,2312
GHCND:USW00014858,HANCOCK HOUGHTON CO AIRPORT MI US,20070423,76,128,33,47,330,20,89,112,4,1410
GHCND:USW00014858,HANCOCK HOUGHTON CO AIRPORT MI US,20070424,0,122,-6,27,290,250,72,89,1427,1440
GHCND:USW00014858,HANCOCK HOUGHTON CO AIRPORT MI US,20070425,0,111,-17,25,130,120,63,76,1145,1140
GHCND:USW00014858,HANCOCK HOUGHTON CO AIRPORT MI US,20070426,0,133,11,33,90,80,67,94,1825,1826
GHCND:USW00014858,HANCOCK HOUGHTON CO AIRPORT MI US,20070427,0,167,11,20,320,310,58,76,1348,1345
GHCND:USW00014858,HANCOCK HOUGHTON CO AIRPORT MI US,20070428,0,172,72,42,300,300,94,112,956,1035
GHCND:USW00014858,HANCOCK HOUGHTON CO AIRPORT MI US,20070429,0,222,61,66,270,300,170,206,1349,1027
GHCND:USW00014858,HANCOCK HOUGHTON CO AIRPORT MI US,20070430,0,122,11,32,100,90,63,80,2133,2134
GHCND:USW00014858,HANCOCK HOUGHTON CO AIRPORT MI US,20070501,3,122,28,44,300,300,116,143,1423,1425
GHCND:USW00014858,HANCOCK HOUGHTON CO AIRPORT MI US,20070502,0,106,6,35,350,350,76,94,306,307
GHCND:USW00014858,HANCOCK HOUGHTON CO AIRPORT MI US,20070503,0,156,-6,42,100,90,80,112,1351,1409
GHCND:USW00014858,HANCOCK HOUGHTON CO AIRPORT MI US,20070504,0,150,39,52,100,100,98,116,1746,1747
GHCND:USW00014858,HANCOCK HOUGHTON CO AIRPORT MI US,20070505,0,100,50,62,90,90,107,143,1319,1413
GHCND:USW00014858,HANCOCK HOUGHTON CO AIRPORT MI US,20070506,0,206,50,73,170,180,125,161,1343,1343
GHCND:USW00014858,HANCOCK HOUGHTON CO AIRPORT MI US,20070507,71,189,117,45,200,190,98,130,27,16
GHCND:USW00014858,HANCOCK HOUGHTON CO AIRPORT MI US,20070508,0,250,117,49,270,280,94,112,231,232
GHCND:USW00014858,HANCOCK HOUGHTON CO AIRPORT MI US,20070509,0,244,111,19,90,140,63,76,1003,1725
GHCND:USW00014858,HANCOCK HOUGHTON CO AIRPORT MI US,20070510,0,283,94,46,20,20,134,165,2229,2230
GHCND:USW00014858,HANCOCK HOUGHTON CO AIRPORT MI US,20070511,0,122,44,35,20,20,94,139,2356,46
GHCND:USW00014858,HANCOCK HOUGHTON CO AIRPORT MI US,20070512,0,133,28,29,130,140,67,89,1441,1434
GHCND:USW00014858,HANCOCK HOUGHTON CO AIRPORT MI US,20070513,114,206,0,34,170,180,89,116,1137,1105
GHCND:USW00014858,HANCOCK HOUGHTON CO AIRPORT MI US,20070514,36,239,61,39,140,260,98,116,1450,1306
GHCND:USW00014858,HANCOCK HOUGHTON CO AIRPORT MI US,20070515,3,89,44,57,300,70,98,125,1631,346
GHCND:USW00014858,HANCOCK HOUGHTON CO AIRPORT MI US,20070516,0,111,0,44,340,330,76,98,1127,1127
GHCND:USW00014858,HANCOCK HOUGHTON CO AIRPORT MI US,20070517,0,172,17,44,280,280,72,89,1512,1454
GHCND:USW00014858,HANCOCK HOUGHTON CO AIRPORT MI US,20070518,0,222,56,29,200,210,76,112,1404,1230
GHCND:USW00014858,HANCOCK HOUGHTON CO AIRPORT MI US,20070519,3,161,-6,41,20,40,80,112,1342,1359
GHCND:USW00014858,HANCOCK HOUGHTON CO AIRPORT MI US,20070520,3,56,-6,43,90,110,76,107,1430,1546
GHCND:USW00014858,HANCOCK HOUGHTON CO AIRPORT MI US,20070521,25,117,11,43,90,100,67,89,1529,1555
GHCND:USW00014858,HANCOCK HOUGHTON CO AIRPORT MI US,20070522,0,289,72,37,170,160,76,107,1631,1705
GHCND:USW00014858,HANCOCK HOUGHTON CO AIRPORT MI US,20070523,0,272,161,40,230,200,107,148,1141,1026
GHCND:USW00014858,HANCOCK HOUGHTON CO AIRPORT MI US,20070524,81,244,89,60,290,280,161,192,1923,1920
GHCND:USW00014858,HANCOCK HOUGHTON CO AIRPORT MI US,20070525,0,150,50,82,270,270,143,179,821,1007
GHCND:USW00014858,HANCOCK HOUGHTON CO AIRPORT MI US,20070526,5,167,33,36,110,110,76,98,1444,1429
GHCND:USW00014858,HANCOCK HOUGHTON CO AIRPORT MI US,20070527,10,111,72,76,270,270,130,179,1556,1557
GHCND:USW00014858,HANCOCK HOUGHTON CO AIRPORT MI US,20070528,0,194,33,33,90,80,67,94,2010,2002
GHCND:USW00014858,HANCOCK HOUGHTON CO AIRPORT MI US,20070529,71,256,83,29,260,250,72,112,2258,2316
GHCND:USW00014858,HANCOCK HOUGHTON CO AIRPORT MI US,20070530,23,283,167,22,150,150,76,103,1325,1325
GHCND:USW00014858,HANCOCK HOUGHTON CO AIRPORT MI US,20070531,23,244,133,26,290,270,80,103,1744,1752
GHCND:USW00014858,HANCOCK HOUGHTON CO AIRPORT MI US,20070601,0,239,100,27,80,310,58,72,1323,1714
GHCND:USW00014858,HANCOCK HOUGHTON CO AIRPORT MI US,20070602,15,156,78,20,100,90,63,80,755,756
GHCND:USW00014858,HANCOCK HOUGHTON CO AIRPORT MI US,20070603,99,200,100,32,10,20,58,80,2334,2354
GHCND:USW00014858,HANCOCK HOUGHTON CO AIRPORT MI US,20070604,0,189,83,64,360,350,103,143,2130,2135
GHCND:USW00014858,HANCOCK HOUGHTON CO AIRPORT MI US,20070605,0,139,28,26,280,310,67,89,1423,1554
GHCND:USW00014858,HANCOCK HOUGHTON CO AIRPORT MI US,20070606,69,217,28,33,110,100,89,116,2331,2339
GHCND:USW00014858,HANCOCK HOUGHTON CO AIRPORT MI US,20070607,5,267,72,57,270,260,143,183,2256,2301
GHCND:USW00014858,HANCOCK HOUGHTON CO AIRPORT MI US,20070608,0,211,100,87,270,280,143,183,301,232
GHCND:USW00014858,HANCOCK HOUGHTON CO AIRPORT MI US,20070609,0,244,89,35,270,230,103,139,1137,1119
GHCND:USW00014858,HANCOCK HOUGHTON CO AIRPORT MI US,20070610,0,261,94,13,90,160,54,72,1151,1308
GHCND:USW00014858,HANCOCK HOUGHTON CO AIRPORT MI US,20070611,0,272,144,28,100,90,67,94,1434,1440
GHCND:USW00014858,HANCOCK HOUGHTON CO AIRPORT MI US,20070612,0,300,133,27,70,80,58,72,2113,2127
GHCND:USW00014858,HANCOCK HOUGHTON CO AIRPORT MI US,20070613,0,294,139,22,90,90,45,58,1646,1646
GHCND:USW00014858,HANCOCK HOUGHTON CO AIRPORT MI US,20070614,0,300,111,16,100,300,54,89,1309,1435
GHCND:USW00014858,HANCOCK HOUGHTON CO AIRPORT MI US,20070615,0,322,139,29,270,270,94,130,1250,1252
GHCND:USW00014858,HANCOCK HOUGHTON CO AIRPORT MI US,20070616,0,244,139,47,290,280,98,112,243,243
GHCND:USW00014858,HANCOCK HOUGHTON CO AIRPORT MI US,20070617,170,211,100,29,70,140,89,107,1800,2309
GHCND:USW00014858,HANCOCK HOUGHTON CO AIRPORT MI US,20070618,117,306,117,51,280,280,179,228,1531,1531
GHCND:USW00014858,HANCOCK HOUGHTON CO AIRPORT MI US,20070619,0,178,67,98,280,270,192,237,1421,1339
GHCND:USW00014858,HANCOCK HOUGHTON CO AIRPORT MI US,20070620,23,239,56,47,270,300,112,139,1622,1427
GHCND:USW00014858,HANCOCK HOUGHTON CO AIRPORT MI US,20070621,0,211,67,33,340,330,72,98,21,44
GHCND:USW00014858,HANCOCK HOUGHTON CO AIRPORT MI US,20070622,0,167,72,34,90,100,67,89,1412,1552
GHCND:USW00014858,HANCOCK HOUGHTON CO AIRPORT MI US,20070623,0,272,100,37,270,240,72,94,1443,1532
GHCND:USW00014858,HANCOCK HOUGHTON CO AIRPORT MI US,20070624,13,283,128,28,280,280,130,174,711,713
GHCND:USW00014858,HANCOCK HOUGHTON CO AIRPORT MI US,20070625,0,283,167,29,310,310,89,103,1345,1334
GHCND:USW00014858,HANCOCK HOUGHTON CO AIRPORT MI US,20070626,0,300,128,29,290,280,130,156,2312,2313
GHCND:USW00014858,HANCOCK HOUGHTON CO AIRPORT MI US,20070627,0,211,117,70,280,280,134,170,1247,1248
GHCND:USW00014858,HANCOCK HOUGHTON CO AIRPORT MI US,20070628,0,167,61,28,30,20,72,103,0,17
GHCND:USW00014858,HANCOCK HOUGHTON CO AIRPORT MI US,20070629,0,228,56,44,300,300,72,80,1742,744
GHCND:USW00014858,HANCOCK HOUGHTON CO AIRPORT MI US,20070630,0,172,56,27,130,140,63,76,1259,1230
GHCND:USW00014858,HANCOCK HOUGHTON CO AIRPORT MI US,20070701,0,178,39,30,80,80,63,76,1716,1643
GHCND:USW00014858,HANCOCK HOUGHTON CO AIRPORT MI US,20070702,30,167,100,34,180,170,67,98,1117,1131
GHCND:USW00014858,HANCOCK HOUGHTON CO AIRPORT MI US,20070703,0,239,133,24,330,330,58,89,1345,1346
GHCND:USW00014858,HANCOCK HOUGHTON CO AIRPORT MI US,20070704,10,256,122,49,340,330,89,112,1657,1658
GHCND:USW00014858,HANCOCK HOUGHTON CO AIRPORT MI US,20070705,3,256,128,56,310,310,143,183,1529,1529
GHCND:USW00014858,HANCOCK HOUGHTON CO AIRPORT MI US,20070706,0,267,117,46,270,270,80,107,1631,1742
GHCND:USW00014858,HANCOCK HOUGHTON CO AIRPORT MI US,20070707,0,294,172,41,270,280,89,116,1225,1237
GHCND:USW00014858,HANCOCK HOUGHTON CO AIRPORT MI US,20070708,74,261,167,39,320,290,89,103,1158,1649
GHCND:USW00014858,HANCOCK HOUGHTON CO AIRPORT MI US,20070709,0,256,111,31,310,310,58,76,1409,1420
GHCND:USW00014858,HANCOCK HOUGHTON CO AIRPORT MI US,20070710,64,267,122,81,270,250,197,246,1659,1452
GHCND:USW00014858,HANCOCK HOUGHTON CO AIRPORT MI US,20070711,3,200,106,71,300,300,143,197,24,9
GHCND:USW00014858,HANCOCK HOUGHTON CO AIRPORT MI US,20070712,0,178,83,64,290,280,107,139,1136,1144
GHCND:USW00014858,HANCOCK HOUGHTON CO AIRPORT MI US,20070713,114,194,78,41,280,280,76,94,1404,1410
GHCND:USW00014858,HANCOCK HOUGHTON CO AIRPORT MI US,20070714,33,183,89,58,290,290,107,130,1925,1925
GHCND:USW00014858,HANCOCK HOUGHTON CO AIRPORT MI US,20070715,0,211,100,50,280,290,80,103,1248,1327
GHCND:USW00014858,HANCOCK HOUGHTON CO AIRPORT MI US,20070716,0,250,89,34,260,240,67,98,1521,1521
GHCND:USW00014858,HANCOCK HOUGHTON CO AIRPORT MI US,20070717,0,272,89,18,350,350,54,67,1518,1518
GHCND:USW00014858,HANCOCK HOUGHTON CO AIRPORT MI US,20070718,10,272,117,14,10,10,76,107,1839,1839
GHCND:USW00014858,HANCOCK HOUGHTON CO AIRPORT MI US,20070719,0,189,106,51,350,10,112,148,921,1000
GHCND:USW00014858,HANCOCK HOUGHTON CO AIRPORT MI US,20070720,0,217,83,30,340,340,58,76,1348,1437
GHCND:USW00014858,HANCOCK HOUGHTON CO AIRPORT MI US,20070721,0,233,61,24,90,100,54,76,1329,1501
GHCND:USW00014858,HANCOCK HOUGHTON CO AIRPORT MI US,20070722,0,289,133,30,200,190,63,89,1826,1826
GHCND:USW00014858,HANCOCK HOUGHTON CO AIRPORT MI US,20070723,0,272,172,19,280,290,63,72,1057,1101
GHCND:USW00014858,HANCOCK HOUGHTON CO AIRPORT MI US,20070724,0,306,144,21,100,100,45,63,1607,1608
GHCND:USW00014858,HANCOCK HOUGHTON CO AIRPORT MI US,20070725,0,328,167,17,130,250,45,63,1329,1552
GHCND:USW00014858,HANCOCK HOUGHTON CO AIRPORT MI US,20070726,0,317,189,18,340,340,80,103,1509,1509
GHCND:USW00014858,HANCOCK HOUGHTON CO AIRPORT MI US,20070727,0,289,167,42,350,350,76,98,248,248
GHCND:USW00014858,HANCOCK HOUGHTON CO AIRPORT MI US,20070728,0,283,128,22,130,130,63,89,1443,1444
GHCND:USW00014858,HANCOCK HOUGHTON CO AIRPORT MI US,20070729,0,300,122,33,280,270,94,116,1726,1728
GHCND:USW00014858,HANCOCK HOUGHTON CO AIRPORT MI US,20070730,0,311,200,59,280,270,107,139,1533,1534
GHCND:USW00014858,HANCOCK HOUGHTON CO AIRPORT MI US,20070731,0,322,206,46,290,290,94,112,758,759
GHCND:USW00014858,HANCOCK HOUGHTON CO AIRPORT MI US,20070801,36,333,217,61,280,270,107,139,1536,1545
GHCND:USW00014858,HANCOCK HOUGHTON CO AIRPORT MI US,20070802,0,256,161,78,280,280,148,183,1704,1552
GHCND:USW00014858,HANCOCK HOUGHTON CO AIRPORT MI US,20070803,0,228,94,48,300,290,98,125,1023,1025
GHCND:USW00014858,HANCOCK HOUGHTON CO AIRPORT MI US,20070804,0,272,83,32,110,100,72,89,1619,1612
GHCND:USW00014858,HANCOCK HOUGHTON CO AIRPORT MI US,20070805,0,250,122,34,280,280,80,103,2358,2357
GHCND:USW00014858,HANCOCK HOUGHTON CO AIRPORT MI US,20070806,0,244,161,41,280,290,98,125,323,50
GHCND:USW00014858,HANCOCK HOUGHTON CO AIRPORT MI US,20070807,0,272,144,45,270,280,116,156,1617,1618
GHCND:USW00014858,HANCOCK HOUGHTON CO AIRPORT MI US,20070808,0,256,117,28,110,170,54,72,1200,1632
GHCND:USW00014858,HANCOCK HOUGHTON CO AIRPORT MI US,20070809,0,267,144,29,80,100,63,76,1533,1529
GHCND:USW00014858,HANCOCK HOUGHTON CO AIRPORT MI US,20070810,0,289,139,32,310,340,72,98,1238,1150
GHCND:USW00014858,HANCOCK HOUGHTON CO AIRPORT MI US,20070811,15,272,144,23,190,190,67,94,1329,1330
GHCND:USW00014858,HANCOCK HOUGHTON CO AIRPORT MI US,20070812,0,228,117,56,330,320,116,170,1002,1043
GHCND:USW00014858,HANCOCK HOUGHTON CO AIRPORT MI US,20070813,0,239,72,31,110,110,58,76,2015,2015
GHCND:USW00014858,HANCOCK HOUGHTON CO AIRPORT MI US,20070814,0,261,139,49,280,280,107,134,938,1318
GHCND:USW00014858,HANCOCK HOUGHTON CO AIRPORT MI US,20070815,20,217,72,24,300,90,63,89,1433,2342
GHCND:USW00014858,HANCOCK HOUGHTON CO AIRPORT MI US,20070816,0,200,117,68,280,330,103,143,350,1548
GHCND:USW00014858,HANCOCK HOUGHTON CO AIRPORT MI US,20070817,0,167,39,63,310,310,139,174,1046,1019
GHCND:USW00014858,HANCOCK HOUGHTON CO AIRPORT MI US,20070818,0,200,17,26,90,90,72,89,1919,1919
GHCND:USW00014858,HANCOCK HOUGHTON CO AIRPORT MI US,20070819,0,183,94,43,70,90,80,103,1249,1229
GHCND:USW00014858,HANCOCK HOUGHTON CO AIRPORT MI US,20070820,0,206,133,57,110,110,103,143,1426,1325
GHCND:USW00014858,HANCOCK HOUGHTON CO AIRPORT MI US,20070821,8,211,139,41,120,140,72,98,939,855
GHCND:USW00014858,HANCOCK HOUGHTON CO AIRPORT MI US,20070822,0,283,128,18,310,270,67,80,1621,1104
GHCND:USW00014858,HANCOCK HOUGHTON CO AIRPORT MI US,20070823,13,283,133,28,310,300,72,80,1604,1604
GHCND:USW00014858,HANCOCK HOUGHTON CO AIRPORT MI US,20070824,0,217,128,43,290,280,89,125,1441,1357
GHCND:USW00014858,HANCOCK HOUGHTON CO AIRPORT MI US,20070825,0,206,83,36,360,310,72,89,1709,1255
GHCND:USW00014858,HANCOCK HOUGHTON CO AIRPORT MI US,20070826,0,256,83,24,170,190,76,103,1152,1223
GHCND:USW00014858,HANCOCK HOUGHTON CO AIRPORT MI US,20070827,3,294,167,39,280,250,107,134,1058,1051
GHCND:USW00014858,HANCOCK HOUGHTON CO AIRPORT MI US,20070828,152,228,161,28,120,120,67,98,244,242
GHCND:USW00014858,HANCOCK HOUGHTON CO AIRPORT MI US,20070829,0,206,106,45,300,290,72,103,1541,1643
GHCND:USW00014858,HANCOCK HOUGHTON CO AIRPORT MI US,20070830,0,217,83,35,300,300,80,103,1438,1439
GHCND:USW00014858,HANCOCK HOUGHTON CO AIRPORT MI US,20070831,0,200,94,33,130,130,63,76,1659,1700
GHCND:USW00014858,HANCOCK HOUGHTON CO AIRPORT MI US,20070901,0,244,94,19,90,80,45,63,1646,1659
GHCND:USW00014858,HANCOCK HOUGHTON CO AIRPORT MI US,20070902,0,261,122,65,280,280,156,201,1203,1248
GHCND:USW00014858,HANCOCK HOUGHTON CO AIRPORT MI US,20070903,66,222,78,26,320,300,63,72,1522,1525
GHCND:USW00014858,HANCOCK HOUGHTON CO AIRPORT MI US,20070904,909,161,122,46,100,100,80,112,225,225
GHCND:USW00014858,HANCOCK HOUGHTON CO AIRPORT MI US,20070905,0,311,161,32,260,230,94,112,1512,1313
GHCND:USW00014858,HANCOCK HOUGHTON CO AIRPORT MI US,20070906,0,306,206,37,190,190,76,98,1436,1436
GHCND:USW00014858,HANCOCK HOUGHTON CO AIRPORT MI US,20070907,30,222,89,51,300,310,143,174,1351,1440
GHCND:USW00014858,HANCOCK HOUGHTON CO AIRPORT MI US,20070908,0,183,83,27,300,310,63,80,1237,1406
GHCND:USW00014858,HANCOCK HOUGHTON CO AIRPORT MI US,20070909,23,133,39,26,20,20,72,94,1012,1012
GHCND:USW00014858,HANCOCK HOUGHTON CO AIRPORT MI US,20070910,0,156,44,16,200,200,54,72,1324,2327
GHCND:USW00014858,HANCOCK HOUGHTON CO AIRPORT MI US,20070911,320,117,67,102,300,300,174,228,1335,1336
GHCND:USW00014858,HANCOCK HOUGHTON CO AIRPORT MI US,20070912,5,106,44,43,340,350,107,139,22,2358
GHCND:USW00014858,HANCOCK HOUGHTON CO AIRPORT MI US,20070913,43,172,72,58,270,280,130,161,1511,1513
GHCND:USW00014858,HANCOCK HOUGHTON CO AIRPORT MI US,20070914,43,94,39,77,320,300,125,170,1617,1526
GHCND:USW00014858,HANCOCK HOUGHTON CO AIRPORT MI US,20070915,0,117,6,26,330,280,80,125,1026,20
GHCND:USW00014858,HANCOCK HOUGHTON CO AIRPORT MI US,20070916,0,183,33,26,210,220,67,76,1553,1517
GHCND:USW00014858,HANCOCK HOUGHTON CO AIRPORT MI US,20070917,56,222,72,35,140,130,67,94,1509,1614
GHCND:USW00014858,HANCOCK HOUGHTON CO AIRPORT MI US,20070918,295,228,161,42,300,300,89,103,1817,1817
GHCND:USW00014858,HANCOCK HOUGHTON CO AIRPORT MI US,20070919,84,189,106,83,270,270,148,183,1247,1130
GHCND:USW00014858,HANCOCK HOUGHTON CO AIRPORT MI US,20070920,10,167,39,36,200,170,107,156,2049,2135
GHCND:USW00014858,HANCOCK HOUGHTON CO AIRPORT MI US,20070921,531,211,117,76,270,280,174,228,1850,1851
GHCND:USW00014858,HANCOCK HOUGHTON CO AIRPORT MI US,20070922,0,194,83,78,290,290,165,210,19,19
GHCND:USW00014858,HANCOCK HOUGHTON CO AIRPORT MI US,20070923,0,267,67,30,200,180,80,112,1411,1416
GHCND:USW00014858,HANCOCK HOUGHTON CO AIRPORT MI US,20070924,114,300,156,49,270,240,116,148,1413,2025
GHCND:USW00014858,HANCOCK HOUGHTON CO AIRPORT MI US,20070925,23,194,94,75,280,280,134,165,1148,1148
GHCND:USW00014858,HANCOCK HOUGHTON CO AIRPORT MI US,20070926,3,139,78,32,300,300,94,112,225,225
GHCND:USW00014858,HANCOCK HOUGHTON CO AIRPORT MI US,20070927,5,133,67,29,310,310,89,107,2033,2034
GHCND:USW00014858,HANCOCK HOUGHTON CO AIRPORT MI US,20070928,0,150,83,30,330,330,63,76,902,842
GHCND:USW00014858,HANCOCK HOUGHTON CO AIRPORT MI US,20070929,81,194,78,41,190,190,89,130,2122,2130
GHCND:USW00014858,HANCOCK HOUGHTON CO AIRPORT MI US,20070930,203,194,139,46,270,200,89,116,529,1451
GHCND:USW00014858,HANCOCK HOUGHTON CO AIRPORT MI US,20071001,3,161,122,22,10,20,54,72,605,606
GHCND:USW00014858,HANCOCK HOUGHTON CO AIRPORT MI US,20071002,145,194,117,36,170,140,76,107,1204,1311
GHCND:USW00014858,HANCOCK HOUGHTON CO AIRPORT MI US,20071003,124,183,111,82,260,270,179,232,339,339
GHCND:USW00014858,HANCOCK HOUGHTON CO AIRPORT MI US,20071004,0,217,100,46,290,280,94,116,1111,1217
GHCND:USW00014858,HANCOCK HOUGHTON CO AIRPORT MI US,20071005,168,150,106,47,100,80,80,112,1028,1257
GHCND:USW00014858,HANCOCK HOUGHTON CO AIRPORT MI US,20071006,241,133,106,38,70,70,98,125,1214,1212
GHCND:USW00014858,HANCOCK HOUGHTON CO AIRPORT MI US,20071007,5,283,117,28,310,310,103,125,1550,1551
GHCND:USW00014858,HANCOCK HOUGHTON CO AIRPORT MI US,20071008,102,183,100,76,280,280,139,192,2136,1940
GHCND:USW00014858,HANCOCK HOUGHTON CO AIRPORT MI US,20071009,178,106,56,79,280,280,134,174,1455,1457
GHCND:USW00014858,HANCOCK HOUGHTON CO AIRPORT MI US,20071010,89,78,56,79,330,330,130,183,122,132
GHCND:USW00014858,HANCOCK HOUGHTON CO AIRPORT MI US,20071011,3,61,17,38,20,20,80,125,532,601
GHCND:USW00014858,HANCOCK HOUGHTON CO AIRPORT MI US,20071012,3,67,11,32,300,300,89,107,1735,1707
GHCND:USW00014858,HANCOCK HOUGHTON CO AIRPORT MI US,20071013,0,89,11,47,320,320,89,103,1115,1047
GHCND:USW00014858,HANCOCK HOUGHTON CO AIRPORT MI US,20071014,0,128,6,17,320,90,40,58,1617,1357
GHCND:USW00014858,HANCOCK HOUGHTON CO AIRPORT MI US,20071015,0,111,22,39,100,90,80,112,1506,1403
GHCND:USW00014858,HANCOCK HOUGHTON CO AIRPORT MI US,20071016,170,94,78,64,100,100,94,125,1245,1245
GHCND:USW00014858,HANCOCK HOUGHTON CO AIRPORT MI US,20071017,3,161,94,26,90,80,54,67,2326,2328
GHCND:USW00014858,HANCOCK HOUGHTON CO AIRPORT MI US,20071018,178,139,100,61,100,80,130,201,747,923
GHCND:USW00014858,HANCOCK HOUGHTON CO AIRPORT MI US,20071019,178,133,89,71,280,270,165,206,1902,1903
GHCND:USW00014858,HANCOCK HOUGHTON CO AIRPORT MI US,20071020,13,172,94,79,280,280,161,206,454,901
GHCND:USW00014858,HANCOCK HOUGHTON CO AIRPORT MI US,20071021,3,150,72,38,330,350,94,116,1840,1840
GHCND:USW00014858,HANCOCK HOUGHTON CO AIRPORT MI US,20071022,3,89,39,51,280,280,103,125,1348,1348
GHCND:USW00014858,HANCOCK HOUGHTON CO AIRPORT MI US,20071023,89,106,11,57,320,310,130,170,1844,2126
GHCND:USW00014858,HANCOCK HOUGHTON CO AIRPORT MI US,20071024,10,56,-33,41,320,330,116,156,45,3
GHCND:USW00014858,HANCOCK HOUGHTON CO AIRPORT MI US,20071025,0,128,-22,35,180,180,67,89,2353,1345
GHCND:USW00014858,HANCOCK HOUGHTON CO AIRPORT MI US,20071026,5,133,28,21,320,320,67,80,2325,2319
GHCND:USW00014858,HANCOCK HOUGHTON CO AIRPORT MI US,20071027,3,72,11,65,280,270,116,148,1801,1804
GHCND:USW00014858,HANCOCK HOUGHTON CO AIRPORT MI US,20071028,0,72,-28,28,210,200,67,94,2256,2343
GHCND:USW00014858,HANCOCK HOUGHTON CO AIRPORT MI US,20071029,0,111,50,47,280,270,112,143,418,505
GHCND:USW00014858,HANCOCK HOUGHTON CO AIRPORT MI US,20071030,0,189,44,23,170,160,58,76,1222,1221
GHCND:USW00014858,HANCOCK HOUGHTON CO AIRPORT MI US,20071031,33,150,22,115,280,280,192,241,1818,1820
GHCND:USW00014858,HANCOCK HOUGHTON CO AIRPORT MI US,20071101,0,56,6,60,310,310,139,179,9,28
GHCND:USW00014858,HANCOCK HOUGHTON CO AIRPORT MI US,20071102,0,117,39,66,260,260,116,161,1558,1629
GHCND:USW00014858,HANCOCK HOUGHTON CO AIRPORT MI US,20071103,0,72,-17,40,290,290,94,107,1411,1411
GHCND:USW00014858,HANCOCK HOUGHTON CO AIRPORT MI US,20071104,0,83,-28,16,170,180,67,80,1417,1342
GHCND:USW00014858,HANCOCK HOUGHTON CO AIRPORT MI US,20071105,94,44,0,90,340,340,174,228,2310,2311
GHCND:USW00014858,HANCOCK HOUGHTON CO AIRPORT MI US,20071106,10,6,-17,91,350,330,170,219,142,414
GHCND:USW00014858,HANCOCK HOUGHTON CO AIRPORT MI US,20071107,3,0,-28,30,320,210,63,80,2111,241
GHCND:USW00014858,HANCOCK HOUGHTON CO AIRPORT MI US,20071108,0,33,-33,6,100,100,27,36,1418,1421
GHCND:USW00014858,HANCOCK HOUGHTON CO AIRPORT MI US,20071109,10,22,0,18,10,20,63,76,912,907
GHCND:USW00014858,HANCOCK HOUGHTON CO AIRPORT MI US,20071110,3,39,0,25,180,180,72,98,2322,2330
GHCND:USW00014858,HANCOCK HOUGHTON CO AIRPORT MI US,20071111,0,100,22,38,190,190,72,103,104,305
GHCND:USW00014858,HANCOCK HOUGHTON CO AIRPORT MI US,20071112,0,94,44,80,290,300,143,179,1327,1421
GHCND:USW00014858,HANCOCK HOUGHTON CO AIRPORT MI US,20071113,10,139,11,62,270,270,148,201,2049,2050
GHCND:USW00014858,HANCOCK HOUGHTON CO AIRPORT MI US,20071114,23,83,0,106,280,280,170,219,839,1144
GHCND:USW00014858,HANCOCK HOUGHTON CO AIRPORT MI US,20071115,5,0,-39,64,320,300,107,139,735,113
GHCND:USW00014858,HANCOCK HOUGHTON CO AIRPORT MI US,20071116,0,11,-83,13,330,330,40,54,20,22
GHCND:USW00014858,HANCOCK HOUGHTON CO AIRPORT MI US,20071117,0,-11,-44,32,40,30,72,98,749,841
GHCND:USW00014858,HANCOCK HOUGHTON CO AIRPORT MI US,20071118,0,28,-22,38,180,180,98,125,2304,2304
GHCND:USW00014858,HANCOCK HOUGHTON CO AIRPORT MI US,20071119,8,50,0,55,280,280,107,148,2034,2035
GHCND:USW00014858,HANCOCK HOUGHTON CO AIRPORT MI US,20071120,0,39,11,19,320,310,80,134,0,26
GHCND:USW00014858,HANCOCK HOUGHTON CO AIRPORT MI US,20071121,0,11,-56,42,20,20,76,107,1214,1208
GHCND:USW00014858,HANCOCK HOUGHTON CO AIRPORT MI US,20071122,0,-28,-67,27,20,20,58,72,1013,1615
GHCND:USW00014858,HANCOCK HOUGHTON CO AIRPORT MI US,20071123,8,-28,-78,36,220,210,67,94,1642,1635
GHCND:USW00014858,HANCOCK HOUGHTON CO AIRPORT MI US,20071124,0,-6,-39,55,250,260,98,134,1520,1529
GHCND:USW00014858,HANCOCK HOUGHTON CO AIRPORT MI US,20071125,0,61,-22,44,290,300,98,130,2349,2350
GHCND:USW00014858,HANCOCK HOUGHTON CO AIRPORT MI US,20071126,3,28,-61,38,290,290,98,130,3,4
GHCND:USW00014858,HANCOCK HOUGHTON CO AIRPORT MI US,20071127,20,-39,-133,56,340,340,210,268,637,632
GHCND:USW00014858,HANCOCK HOUGHTON CO AIRPORT MI US,20071128,0,-33,-111,59,280,280,139,174,2355,2244
GHCND:USW00014858,HANCOCK HOUGHTON CO AIRPORT MI US,20071129,0,-72,-111,86,290,290,143,174,854,855
GHCND:USW00014858,HANCOCK HOUGHTON CO AIRPORT MI US,20071130,0,-100,-144,98,300,300,143,174,1344,1345
GHCND:USW00014858,HANCOCK HOUGHTON CO AIRPORT MI US,20071201,0,-44,-133,42,120,130,112,143,2337,2248
GHCND:USW00014858,HANCOCK HOUGHTON CO AIRPORT MI US,20071202,0,0,-72,48,340,110,112,161,42,2240
GHCND:USW00014858,HANCOCK HOUGHTON CO AIRPORT MI US,20071203,0,-67,-94,61,320,320,112,143,405,405
GHCND:USW00014858,HANCOCK HOUGHTON CO AIRPORT MI US,20071204,0,-67,-100,29,30,40,58,76,2358,2359
GHCND:USW00014858,HANCOCK HOUGHTON CO AIRPORT MI US,20071205,0,-89,-128,67,290,300,112,143,2035,2001
GHCND:USW00014858,HANCOCK HOUGHTON CO AIRPORT MI US,20071206,0,-72,-122,44,200,190,89,112,1553,1554
GHCND:USW00014858,HANCOCK HOUGHTON CO AIRPORT MI US,20071207,0,-50,-106,81,280,280,134,174,1201,1137
GHCND:USW00014858,HANCOCK HOUGHTON CO AIRPORT MI US,20071208,0,-89,-128,45,310,310,98,116,21,22
GHCND:USW00014858,HANCOCK HOUGHTON CO AIRPORT MI US,20071209,0,-94,-122,35,260,250,76,103,1539,1528
GHCND:USW00014858,HANCOCK HOUGHTON CO AIRPORT MI US,20071210,0,-72,-139,32,270,280,89,103,403,349
GHCND:USW00014858,HANCOCK HOUGHTON CO AIRPORT MI US,20071211,0,-39,-83,74,290,280,139,170,1326,1604
GHCND:USW00014858,HANCOCK HOUGHTON CO AIRPORT MI US,20071212,0,-56,-100,30,290,280,103,125,16,28
GHCND:USW00014858,HANCOCK HOUGHTON CO AIRPORT MI US,20071213,0,-28,-117,64,280,280,143,192,1747,1934
GHCND:USW00014858,HANCOCK HOUGHTON CO AIRPORT MI US,20071214,0,-106,-211,28,320,320,107,130,154,155
GHCND:USW00014858,HANCOCK HOUGHTON CO AIRPORT MI US,20071215,0,-78,-161,26,200,220,58,72,1101,1119
GHCND:USW00014858,HANCOCK HOUGHTON CO AIRPORT MI US,20071216,0,-44,-200,34,330,360,80,107,1227,1358
GHCND:USW00014858,HANCOCK HOUGHTON CO AIRPORT MI US,20071217,0,-22,-111,19,200,260,58,63,2321,952
GHCND:USW00014858,HANCOCK HOUGHTON CO AIRPORT MI US,20071218,18,-6,-61,38,360,360,103,139,2254,2354
GHCND:USW00014858,HANCOCK HOUGHTON CO AIRPORT MI US,20071219,0,-33,-44,35,340,350,107,134,248,241
GHCND:USW00014858,HANCOCK HOUGHTON CO AIRPORT MI US,20071220,0,11,-56,43,160,180,80,103,1600,1612
GHCND:USW00014858,HANCOCK HOUGHTON CO AIRPORT MI US,20071221,0,17,-6,26,140,160,58,72,933,423
GHCND:USW00014858,HANCOCK HOUGHTON CO AIRPORT MI US,20071222,23,22,-6,31,280,290,76,89,2141,2141
GHCND:USW00014858,HANCOCK HOUGHTON CO AIRPORT MI US,20071223,180,33,-44,50,90,90,94,116,1501,1406
GHCND:USW00014858,HANCOCK HOUGHTON CO AIRPORT MI US,20071224,0,-28,-56,51,340,340,98,125,137,138
GHCND:USW00014858,HANCOCK HOUGHTON CO AIRPORT MI US,20071225,0,-22,-61,32,270,250,67,89,1244,1328
GHCND:USW00014858,HANCOCK HOUGHTON CO AIRPORT MI US,20071226,13,-6,-28,35,30,30,76,94,1503,1504
GHCND:USW00014858,HANCOCK HOUGHTON CO AIRPORT MI US,20071227,23,-17,-89,52,320,310,103,130,1246,1235
GHCND:USW00014858,HANCOCK HOUGHTON CO AIRPORT MI US,20071228,8,-44,-139,25,60,80,58,80,849,852
GHCND:USW00014858,HANCOCK HOUGHTON CO AIRPORT MI US,20071229,3,-28,-72,46,310,350,94,116,152,629
GHCND:USW00014858,HANCOCK HOUGHTON CO AIRPORT MI US,20071230,5,-39,-100,11,190,190,45,58,1635,1635
GHCND:USW00014858,HANCOCK HOUGHTON CO AIRPORT MI US,20071231,0,-39,-139,21,250,250,45,63,2055,2056
GHCND:USW00014858,HANCOCK HOUGHTON CO AIRPORT MI US,20080101,8,-44,-89,69,300,300,116,143,947,948
GHCND:USW00014858,HANCOCK HOUGHTON CO AIRPORT MI US,20080102,3,-83,-117,38,320,330,76,98,1546,901
GHCND:USW00014858,HANCOCK HOUGHTON CO AIRPORT MI US,20080103,3,-28,-139,60,240,240,112,156,1355,1356
GHCND:USW00014858,HANCOCK HOUGHTON CO AIRPORT MI US,20080104,0,-28,-100,32,260,260,67,89,2359,3
GHCND:USW00014858,HANCOCK HOUGHTON CO AIRPORT MI US,20080105,0,6,-61,30,170,220,58,80,731,2356
GHCND:USW00014858,HANCOCK HOUGHTON CO AIRPORT MI US,20080106,0,50,-17,33,290,290,98,125,2115,2116
GHCND:USW00014858,HANCOCK HOUGHTON CO AIRPORT MI US,20080107,0,28,-33,33,290,280,72,89,126,130
GHCND:USW00014858,HANCOCK HOUGHTON CO AIRPORT MI US,20080108,3,11,-6,34,320,320,103,130,2332,2359
GHCND:USW00014858,HANCOCK HOUGHTON CO AIRPORT MI US,20080109,0,6,-39,68,280,330,116,148,51,1327
GHCND:USW00014858,HANCOCK HOUGHTON CO AIRPORT MI US,20080110,0,0,-44,48,110,100,80,107,1737,1738
GHCND:USW00014858,HANCOCK HOUGHTON CO AIRPORT MI US,20080111,0,6,-33,25,100,110,76,107,13,14
GHCND:USW00014858,HANCOCK HOUGHTON CO AIRPORT MI US,20080112,0,-22,-44,32,90,100,54,67,2018,2022
GHCND:USW00014858,HANCOCK HOUGHTON CO AIRPORT MI US,20080113,25,-6,-33,32,10,360,76,98,2203,2205
GHCND:USW00014858,HANCOCK HOUGHTON CO AIRPORT MI US,20080114,3,-28,-61,53,30,30,89,116,1621,1621
GHCND:USW00014858,HANCOCK HOUGHTON CO AIRPORT MI US,20080115,3,-61,-72,31,170,170,67,89,2315,2332
GHCND:USW00014858,HANCOCK HOUGHTON CO AIRPORT MI US,20080116,0,-33,-83,37,170,160,76,103,36,37
GHCND:USW00014858,HANCOCK HOUGHTON CO AIRPORT MI US,20080117,13,-44,-94,55,310,310,107,139,2230,2342
GHCND:USW00014858,HANCOCK HOUGHTON CO AIRPORT MI US,20080118,3,-83,-178,80,310,310,116,139,1325,1325
GHCND:USW00014858,HANCOCK HOUGHTON CO AIRPORT MI US,20080119,0,-161,-189,73,310,310,112,134,2037,2028
GHCND:USW00014858,HANCOCK HOUGHTON CO AIRPORT MI US,20080120,0,-144,-183,77,300,300,107,134,1410,1411
GHCND:USW00014858,HANCOCK HOUGHTON CO AIRPORT MI US,20080121,8,-133,-178,48,250,310,94,116,26,1437
GHCND:USW00014858,HANCOCK HOUGHTON CO AIRPORT MI US,20080122,8,-111,-161,60,280,250,107,143,1310,1612
GHCND:USW00014858,HANCOCK HOUGHTON CO AIRPORT MI US,20080123,3,-128,-194,52,320,330,89,112,235,2241
GHCND:USW00014858,HANCOCK HOUGHTON CO AIRPORT MI US,20080124,3,-122,-161,60,260,250,103,148,1340,1347
GHCND:USW00014858,HANCOCK HOUGHTON CO AIRPORT MI US,20080125,0,-78,-133,50,280,260,112,156,1002,1009
GHCND:USW00014858,HANCOCK HOUGHTON CO AIRPORT MI US,20080126,0,-61,-139,16,260,270,54,67,2343,2344
GHCND:USW00014858,HANCOCK HOUGHTON CO AIRPORT MI US,20080127,0,0,-78,24,210,210,58,72,1030,1032
GHCND:USW00014858,HANCOCK HOUGHTON CO AIRPORT MI US,20080128,23,39,-39,42,180,190,94,125,628,628
GHCND:USW00014858,HANCOCK HOUGHTON CO AIRPORT MI US,20080129,38,28,-156,93,270,260,165,197,1110,1110
GHCND:USW00014858,HANCOCK HOUGHTON CO AIRPORT MI US,20080130,3,-150,-217,135,280,280,174,228,1619,1534
GHCND:USW00014858,HANCOCK HOUGHTON CO AIRPORT MI US,20080131,3,-122,-189,31,300,300,98,116,6,6
GHCND:USW00014858,HANCOCK HOUGHTON CO AIRPORT MI US,20080201,0,-44,-217,22,130,-9999,45,-9999,-9999,9999
GHCND:USW00014858,HANCOCK HOUGHTON CO AIRPORT MI US,20080202,18,-33,-83,22,200,-9999,45,-9999,-9999,9999
GHCND:USW00014858,HANCOCK HOUGHTON CO AIRPORT MI US,20080203,20,-17,-72,33,260,260,63,94,-9999,9999
GHCND:USW00014858,HANCOCK HOUGHTON CO AIRPORT MI US,20080204,10,-17,-72,36,100,-9999,49,-9999,-9999,9999
GHCND:USW00014858,HANCOCK HOUGHTON CO AIRPORT MI US,20080205,8,-6,-78,38,20,20,81,98,-9999,9999
GHCND:USW00014858,HANCOCK HOUGHTON CO AIRPORT MI US,20080206,0,-72,-106,31,70,-9999,63,-9999,-9999,9999
GHCND:USW00014858,HANCOCK HOUGHTON CO AIRPORT MI US,20080207,0,-44,-156,19,250,-9999,63,-9999,-9999,9999
GHCND:USW00014858,HANCOCK HOUGHTON CO AIRPORT MI US,20080208,0,-22,-150,21,300,110,40,45,1701,709
GHCND:USW00014858,HANCOCK HOUGHTON CO AIRPORT MI US,20080209,25,-33,-183,65,290,300,183,228,2141,1825
GHCND:USW00014858,HANCOCK HOUGHTON CO AIRPORT MI US,20080210,0,-172,-222,123,310,310,183,219,556,839
GHCND:USW00014858,HANCOCK HOUGHTON CO AIRPORT MI US,20080211,0,-122,-228,29,320,320,89,116,37,38
GHCND:USW00014858,HANCOCK HOUGHTON CO AIRPORT MI US,20080212,0,-94,-250,13,170,250,54,63,2353,1404
GHCND:USW00014858,HANCOCK HOUGHTON CO AIRPORT MI US,20080213,0,-83,-167,45,310,280,94,116,337,1037
GHCND:USW00014858,HANCOCK HOUGHTON CO AIRPORT MI US,20080214,15,-100,-150,38,340,30,80,107,1028,2349
GHCND:USW00014858,HANCOCK HOUGHTON CO AIRPORT MI US,20080215,3,-133,-178,62,270,280,103,116,1601,1344
GHCND:USW00014858,HANCOCK HOUGHTON CO AIRPORT MI US,20080216,0,6,-228,39,190,200,94,116,2104,2055
GHCND:USW00014858,HANCOCK HOUGHTON CO AIRPORT MI US,20080217,5,-17,-78,63,360,350,125,161,2123,1942
GHCND:USW00014858,HANCOCK HOUGHTON CO AIRPORT MI US,20080218,5,-78,-128,59,360,360,103,134,36,37
GHCND:USW00014858,HANCOCK HOUGHTON CO AIRPORT MI US,20080219,8,-122,-167,44,10,340,72,98,133,2256
GHCND:USW00014858,HANCOCK HOUGHTON CO AIRPORT MI US,20080220,3,-128,-167,56,320,320,98,112,1241,1241
GHCND:USW00014858,HANCOCK HOUGHTON CO AIRPORT MI US,20080221,13,-78,-194,43,260,260,89,112,1341,1341
GHCND:USW00014858,HANCOCK HOUGHTON CO AIRPORT MI US,20080222,8,-72,-167,24,250,260,58,76,126,126
GHCND:USW00014858,HANCOCK HOUGHTON CO AIRPORT MI US,20080223,0,-33,-172,26,270,270,67,76,1306,1258
GHCND:USW00014858,HANCOCK HOUGHTON CO AIRPORT MI US,20080224,0,28,-67,52,280,280,89,112,505,541
GHCND:USW00014858,HANCOCK HOUGHTON CO AIRPORT MI US,20080225,0,-11,-122,52,280,270,98,116,256,255
GHCND:USW00014858,HANCOCK HOUGHTON CO AIRPORT MI US,20080226,0,-78,-128,49,340,330,89,107,1002,1236
GHCND:USW00014858,HANCOCK HOUGHTON CO AIRPORT MI US,20080227,0,-100,-178,32,320,320,67,89,1630,1631
GHCND:USW00014858,HANCOCK HOUGHTON CO AIRPORT MI US,20080228,0,-44,-228,14,110,170,58,67,2351,1745
GHCND:USW00014858,HANCOCK HOUGHTON CO AIRPORT MI US,20080229,10,-33,-83,54,310,300,134,156,1649,1646
GHCND:USW00014858,HANCOCK HOUGHTON CO AIRPORT MI US,20080301,0,-33,-89,43,320,320,94,107,1001,1001
GHCND:USW00014858,HANCOCK HOUGHTON CO AIRPORT MI US,20080302,3,33,-78,56,280,100,98,125,1017,2339
GHCND:USW00014858,HANCOCK HOUGHTON CO AIRPORT MI US,20080303,0,-6,-133,110,310,310,156,192,1025,912
GHCND:USW00014858,HANCOCK HOUGHTON CO AIRPORT MI US,20080304,0,-83,-239,30,120,120,80,103,1742,1710
GHCND:USW00014858,HANCOCK HOUGHTON CO AIRPORT MI US,20080305,3,-33,-100,42,270,320,80,103,2239,1340
GHCND:USW00014858,HANCOCK HOUGHTON CO AIRPORT MI US,20080306,0,-78,-150,62,270,280,107,134,1506,1507
GHCND:USW00014858,HANCOCK HOUGHTON CO AIRPORT MI US,20080307,0,-139,-233,36,330,330,76,103,144,145
GHCND:USW00014858,HANCOCK HOUGHTON CO AIRPORT MI US,20080308,0,-78,-278,13,110,110,54,67,1608,1610
GHCND:USW00014858,HANCOCK HOUGHTON CO AIRPORT MI US,20080309,0,-44,-222,24,330,330,58,67,1455,1455
GHCND:USW00014858,HANCOCK HOUGHTON CO AIRPORT MI US,20080310,0,-11,-200,44,260,270,112,139,1347,1342
GHCND:USW00014858,HANCOCK HOUGHTON CO AIRPORT MI US,20080311,0,17,-50,64,270,270,143,179,828,829
GHCND:USW00014858,HANCOCK HOUGHTON CO AIRPORT MI US,20080312,3,-6,-100,36,90,160,72,89,2219,1715
GHCND:USW00014858,HANCOCK HOUGHTON CO AIRPORT MI US,20080313,38,44,-28,50,270,270,112,139,1641,1642
GHCND:USW00014858,HANCOCK HOUGHTON CO AIRPORT MI US,20080314,5,22,-50,73,280,280,107,134,1338,1338
GHCND:USW00014858,HANCOCK HOUGHTON CO AIRPORT MI US,20080315,0,-50,-144,47,340,340,89,107,520,521
GHCND:USW00014858,HANCOCK HOUGHTON CO AIRPORT MI US,20080316,0,-33,-100,26,100,110,54,63,1837,1712
GHCND:USW00014858,HANCOCK HOUGHTON CO AIRPORT MI US,20080317,3,17,-94,37,190,180,76,98,1531,1532
GHCND:USW00014858,HANCOCK HOUGHTON CO AIRPORT MI US,20080318,74,-6,-28,41,290,300,80,94,2352,1840
GHCND:USW00014858,HANCOCK HOUGHTON CO AIRPORT MI US,20080319,0,6,-50,72,300,300,125,148,1707,1742
GHCND:USW00014858,HANCOCK HOUGHTON CO AIRPORT MI US,20080320,0,-44,-156,40,320,340,89,107,330,951
GHCND:USW00014858,HANCOCK HOUGHTON CO AIRPORT MI US,20080321,0,-33,-167,32,120,110,76,98,1411,1147
GHCND:USW00014858,HANCOCK HOUGHTON CO AIRPORT MI US,20080322,0,6,-133,30,330,320,63,72,2248,2246
GHCND:USW00014858,HANCOCK HOUGHTON CO AIRPORT MI US,20080323,0,-33,-172,31,60,40,76,98,406,339
GHCND:USW00014858,HANCOCK HOUGHTON CO AIRPORT MI US,20080324,3,39,-172,42,210,210,103,134,2255,2257
GHCND:USW00014858,HANCOCK HOUGHTON CO AIRPORT MI US,20080325,46,17,-56,58,310,320,103,134,1410,1810
GHCND:USW00014858,HANCOCK HOUGHTON CO AIRPORT MI US,20080326,0,0,-94,53,280,280,125,148,1332,1332
GHCND:USW00014858,HANCOCK HOUGHTON CO AIRPORT MI US,20080327,0,-33,-183,24,330,320,58,89,1230,1252
GHCND:USW00014858,HANCOCK HOUGHTON CO AIRPORT MI US,20080328,0,-11,-178,26,300,290,58,72,1453,1624
GHCND:USW00014858,HANCOCK HOUGHTON CO AIRPORT MI US,20080329,0,22,-100,36,90,90,72,103,1805,1806
GHCND:USW00014858,HANCOCK HOUGHTON CO AIRPORT MI US,20080330,0,78,-28,49,180,170,94,112,1028,1022
GHCND:USW00014858,HANCOCK HOUGHTON CO AIRPORT MI US,20080331,5,17,-33,57,40,30,139,197,2054,2047
GHCND:USW00014858,HANCOCK HOUGHTON CO AIRPORT MI US,20080401,5,-11,-89,68,360,10,143,183,538,540
GHCND:USW00014858,HANCOCK HOUGHTON CO AIRPORT MI US,20080402,0,61,-117,30,250,260,94,116,2236,2237
GHCND:USW00014858,HANCOCK HOUGHTON CO AIRPORT MI US,20080403,0,106,-22,37,280,240,80,103,1646,1237
GHCND:USW00014858,HANCOCK HOUGHTON CO AIRPORT MI US,20080404,0,100,-33,28,290,290,76,89,1417,1418
GHCND:USW00014858,HANCOCK HOUGHTON CO AIRPORT MI US,20080405,0,78,0,36,290,260,80,107,134,514
GHCND:USW00014858,HANCOCK HOUGHTON CO AIRPORT MI US,20080406,8,94,-6,41,80,80,76,94,928,923
GHCND:USW00014858,HANCOCK HOUGHTON CO AIRPORT MI US,20080407,48,50,-11,50,20,10,107,134,1934,1935
GHCND:USW00014858,HANCOCK HOUGHTON CO AIRPORT MI US,20080408,0,0,-17,28,320,320,63,76,124,58
GHCND:USW00014858,HANCOCK HOUGHTON CO AIRPORT MI US,20080409,18,11,-39,54,330,330,103,139,1041,1042
GHCND:USW00014858,HANCOCK HOUGHTON CO AIRPORT MI US,20080410,0,22,-61,60,90,100,139,201,2222,2318
GHCND:USW00014858,HANCOCK HOUGHTON CO AIRPORT MI US,20080411,23,11,-22,106,80,80,148,206,1343,903
GHCND:USW00014858,HANCOCK HOUGHTON CO AIRPORT MI US,20080412,0,17,-33,74,40,40,116,161,1024,1048
GHCND:USW00014858,HANCOCK HOUGHTON CO AIRPORT MI US,20080413,0,33,-56,42,70,70,80,112,11,12
GHCND:USW00014858,HANCOCK HOUGHTON CO AIRPORT MI US,20080414,0,78,-67,33,300,310,63,76,1248,1259
GHCND:USW00014858,HANCOCK HOUGHTON CO AIRPORT MI US,20080415,0,133,11,55,200,210,125,156,1435,1419
GHCND:USW00014858,HANCOCK HOUGHTON CO AIRPORT MI US,20080416,0,156,39,49,290,290,112,134,2247,2301
GHCND:USW00014858,HANCOCK HOUGHTON CO AIRPORT MI US,20080417,0,100,11,35,310,310,76,89,356,400
GHCND:USW00014858,HANCOCK HOUGHTON CO AIRPORT MI US,20080418,5,100,0,19,90,80,67,94,2254,2337
GHCND:USW00014858,HANCOCK HOUGHTON CO AIRPORT MI US,20080419,74,61,22,24,100,90,67,94,0,24
GHCND:USW00014858,HANCOCK HOUGHTON CO AIRPORT MI US,20080420,0,117,22,24,80,90,67,89,2334,2306
GHCND:USW00014858,HANCOCK HOUGHTON CO AIRPORT MI US,20080421,0,167,39,48,90,80,80,107,258,259
GHCND:USW00014858,HANCOCK HOUGHTON CO AIRPORT MI US,20080422,86,128,44,39,280,290,116,134,1647,1643
GHCND:USW00014858,HANCOCK HOUGHTON CO AIRPORT MI US,20080423,0,200,6,33,270,250,98,130,1402,1254
GHCND:USW00014858,HANCOCK HOUGHTON CO AIRPORT MI US,20080424,36,172,61,37,170,170,112,148,1640,1640
GHCND:USW00014858,HANCOCK HOUGHTON CO AIRPORT MI US,20080425,61,111,67,31,70,80,72,94,2305,2259
GHCND:USW00014858,HANCOCK HOUGHTON CO AIRPORT MI US,20080426,10,78,-28,90,270,270,156,210,1736,2208
GHCND:USW00014858,HANCOCK HOUGHTON CO AIRPORT MI US,20080427,0,11,-44,85,270,270,148,179,617,1258
GHCND:USW00014858,HANCOCK HOUGHTON CO AIRPORT MI US,20080428,0,28,-39,38,350,320,72,103,1648,1535
GHCND:USW00014858,HANCOCK HOUGHTON CO AIRPORT MI US,20080429,0,72,-39,52,270,280,107,139,1557,1704
GHCND:USW00014858,HANCOCK HOUGHTON CO AIRPORT MI US,20080430,0,106,-17,36,100,80,76,98,1757,1736
GHCND:USW00014858,HANCOCK HOUGHTON CO AIRPORT MI US,20080501,0,78,6,53,90,100,89,116,1530,1542
GHCND:USW00014858,HANCOCK HOUGHTON CO AIRPORT MI US,20080502,371,61,28,69,70,70,125,165,1630,1630
GHCND:USW00014858,HANCOCK HOUGHTON CO AIRPORT MI US,20080503,48,61,-11,49,300,340,107,139,836,1304
GHCND:USW00014858,HANCOCK HOUGHTON CO AIRPORT MI US,20080504,33,111,-33,27,350,350,112,143,2225,2215
GHCND:USW00014858,HANCOCK HOUGHTON CO AIRPORT MI US,20080505,3,78,0,47,290,290,112,134,1325,1327
GHCND:USW00014858,HANCOCK HOUGHTON CO AIRPORT MI US,20080506,0,144,28,33,190,190,67,89,804,806
GHCND:USW00014858,HANCOCK HOUGHTON CO AIRPORT MI US,20080507,69,100,17,38,330,350,112,139,1012,946
GHCND:USW00014858,HANCOCK HOUGHTON CO AIRPORT MI US,20080508,0,117,11,24,320,330,58,76,1355,1525
GHCND:USW00014858,HANCOCK HOUGHTON CO AIRPORT MI US,20080509,0,100,0,29,330,330,72,94,2238,2252
GHCND:USW00014858,HANCOCK HOUGHTON CO AIRPORT MI US,20080510,0,139,0,31,100,100,63,80,1919,1939
GHCND:USW00014858,HANCOCK HOUGHTON CO AIRPORT MI US,20080511,0,94,0,43,340,350,89,103,1816,1643
GHCND:USW00014858,HANCOCK HOUGHTON CO AIRPORT MI US,20080512,8,94,-6,38,300,90,67,89,2111,113
GHCND:USW00014858,HANCOCK HOUGHTON CO AIRPORT MI US,20080513,30,200,11,45,200,200,89,112,1546,1551
GHCND:USW00014858,HANCOCK HOUGHTON CO AIRPORT MI US,20080514,0,133,33,66,300,310,103,134,1039,1208
GHCND:USW00014858,HANCOCK HOUGHTON CO AIRPORT MI US,20080515,0,194,33,30,280,290,103,134,1302,1218
GHCND:USW00014858,HANCOCK HOUGHTON CO AIRPORT MI US,20080516,33,150,44,29,280,280,116,139,50,51
GHCND:USW00014858,HANCOCK HOUGHTON CO AIRPORT MI US,20080517,15,156,33,77,300,310,192,241,1603,1604
GHCND:USW00014858,HANCOCK HOUGHTON CO AIRPORT MI US,20080518,5,89,17,66,320,320,116,156,1317,1318
GHCND:USW00014858,HANCOCK HOUGHTON CO AIRPORT MI US,20080519,0,133,11,48,280,290,80,112,2351,2352
GHCND:USW00014858,HANCOCK HOUGHTON CO AIRPORT MI US,20080520,13,83,33,65,310,310,112,143,921,921
GHCND:USW00014858,HANCOCK HOUGHTON CO AIRPORT MI US,20080521,0,117,28,68,300,300,112,143,1416,1029
GHCND:USW00014858,HANCOCK HOUGHTON CO AIRPORT MI US,20080522,0,117,50,37,350,20,67,89,1502,935
GHCND:USW00014858,HANCOCK HOUGHTON CO AIRPORT MI US,20080523,0,150,56,24,10,20,58,80,1227,1227
GHCND:USW00014858,HANCOCK HOUGHTON CO AIRPORT MI US,20080524,0,167,33,39,90,110,76,98,1659,1704
GHCND:USW00014858,HANCOCK HOUGHTON CO AIRPORT MI US,20080525,13,206,39,28,110,110,67,89,1809,1811
GHCND:USW00014858,HANCOCK HOUGHTON CO AIRPORT MI US,20080526,3,139,17,42,20,10,89,116,1523,1410
GHCND:USW00014858,HANCOCK HOUGHTON CO AIRPORT MI US,20080527,0,117,-11,31,330,310,72,116,1225,1251
GHCND:USW00014858,HANCOCK HOUGHTON CO AIRPORT MI US,20080528,0,194,-11,47,290,270,103,143,1419,1522
GHCND:USW00014858,HANCOCK HOUGHTON CO AIRPORT MI US,20080529,0,228,72,46,280,280,89,103,753,754
GHCND:USW00014858,HANCOCK HOUGHTON CO AIRPORT MI US,20080530,79,122,78,29,290,290,67,80,1706,1706
GHCND:USW00014858,HANCOCK HOUGHTON CO AIRPORT MI US,20080531,5,122,61,53,310,310,89,112,1040,1049
GHCND:USW00014858,HANCOCK HOUGHTON CO AIRPORT MI US,20080601,0,222,67,63,300,300,112,156,1849,1850
GHCND:USW00014858,HANCOCK HOUGHTON CO AIRPORT MI US,20080602,0,183,72,36,290,40,72,94,726,149
GHCND:USW00014858,HANCOCK HOUGHTON CO AIRPORT MI US,20080603,0,150,67,43,100,110,89,112,1454,1454
GHCND:USW00014858,HANCOCK HOUGHTON CO AIRPORT MI US,20080604,3,139,72,36,90,90,72,94,1419,1435
GHCND:USW00014858,HANCOCK HOUGHTON CO AIRPORT MI US,20080605,61,156,83,27,70,70,67,89,2026,2027
GHCND:USW00014858,HANCOCK HOUGHTON CO AIRPORT MI US,20080606,25,278,83,68,220,220,134,197,1831,1831
GHCND:USW00014858,HANCOCK HOUGHTON CO AIRPORT MI US,20080607,0,272,150,61,290,260,116,170,1057,1342
GHCND:USW00014858,HANCOCK HOUGHTON CO AIRPORT MI US,20080608,0,211,122,30,80,80,63,80,2352,2354
GHCND:USW00014858,HANCOCK HOUGHTON CO AIRPORT MI US,20080609,20,217,94,55,280,280,130,165,1103,1103
GHCND:USW00014858,HANCOCK HOUGHTON CO AIRPORT MI US,20080610,0,139,44,22,340,330,58,76,1805,1813
GHCND:USW00014858,HANCOCK HOUGHTON CO AIRPORT MI US,20080611,13,100,39,47,90,100,80,116,2213,2242
GHCND:USW00014858,HANCOCK HOUGHTON CO AIRPORT MI US,20080612,84,200,61,44,100,100,94,125,447,520
GHCND:USW00014858,HANCOCK HOUGHTON CO AIRPORT MI US,20080613,0,233,133,53,290,280,125,148,1431,1433
GHCND:USW00014858,HANCOCK HOUGHTON CO AIRPORT MI US,20080614,0,200,106,45,270,280,116,156,1037,1037
GHCND:USW00014858,HANCOCK HOUGHTON CO AIRPORT MI US,20080615,36,183,94,66,270,270,125,161,1514,1514
GHCND:USW00014858,HANCOCK HOUGHTON CO AIRPORT MI US,20080616,15,144,83,57,290,280,98,125,1348,1409
GHCND:USW00014858,HANCOCK HOUGHTON CO AIRPORT MI US,20080617,8,156,89,64,300,290,116,143,1135,1205
GHCND:USW00014858,HANCOCK HOUGHTON CO AIRPORT MI US,20080618,0,189,72,43,300,360,89,116,44,1219
GHCND:USW00014858,HANCOCK HOUGHTON CO AIRPORT MI US,20080619,0,222,89,30,300,320,72,89,1617,1141
GHCND:USW00014858,HANCOCK HOUGHTON CO AIRPORT MI US,20080620,0,261,78,50,290,280,98,116,1914,1911
GHCND:USW00014858,HANCOCK HOUGHTON CO AIRPORT MI US,20080621,0,222,111,64,280,280,112,143,1633,1634
GHCND:USW00014858,HANCOCK HOUGHTON CO AIRPORT MI US,20080622,0,183,106,48,300,320,76,98,1407,1539
GHCND:USW00014858,HANCOCK HOUGHTON CO AIRPORT MI US,20080623,0,222,94,28,310,300,67,89,1245,1334
GHCND:USW00014858,HANCOCK HOUGHTON CO AIRPORT MI US,20080624,0,283,89,31,210,220,76,125,1327,1422
GHCND:USW00014858,HANCOCK HOUGHTON CO AIRPORT MI US,20080625,48,278,139,30,270,260,130,148,45,46
GHCND:USW00014858,HANCOCK HOUGHTON CO AIRPORT MI US,20080626,0,256,117,36,310,310,89,107,113,114
GHCND:USW00014858,HANCOCK HOUGHTON CO AIRPORT MI US,20080627,127,217,128,23,80,80,67,80,1822,1822
GHCND:USW00014858,HANCOCK HOUGHTON CO AIRPORT MI US,20080628,152,211,122,66,280,280,112,148,1333,1333
GHCND:USW00014858,HANCOCK HOUGHTON CO AIRPORT MI US,20080629,30,206,89,69,360,10,112,165,932,1019
GHCND:USW00014858,HANCOCK HOUGHTON CO AIRPORT MI US,20080630,0,228,89,35,290,270,63,80,1445,1426
GHCND:USW00014858,HANCOCK HOUGHTON CO AIRPORT MI US,20080701,0,278,178,64,270,270,134,170,1222,1223
GHCND:USW00014858,HANCOCK HOUGHTON CO AIRPORT MI US,20080702,142,250,106,57,320,320,116,161,25,22
GHCND:USW00014858,HANCOCK HOUGHTON CO AIRPORT MI US,20080703,0,200,78,37,310,310,72,103,1350,1410
GHCND:USW00014858,HANCOCK HOUGHTON CO AIRPORT MI US,20080704,0,228,111,40,280,280,94,112,1820,1821
GHCND:USW00014858,HANCOCK HOUGHTON CO AIRPORT MI US,20080705,0,283,117,36,240,280,67,94,1357,1335
GHCND:USW00014858,HANCOCK HOUGHTON CO AIRPORT MI US,20080706,3,283,172,42,280,280,80,103,1744,1737
GHCND:USW00014858,HANCOCK HOUGHTON CO AIRPORT MI US,20080707,13,200,117,30,30,20,80,103,36,37
GHCND:USW00014858,HANCOCK HOUGHTON CO AIRPORT MI US,20080708,0,228,128,68,270,280,143,174,1610,1441
GHCND:USW00014858,HANCOCK HOUGHTON CO AIRPORT MI US,20080709,0,194,117,68,290,290,107,156,1407,1407
GHCND:USW00014858,HANCOCK HOUGHTON CO AIRPORT MI US,20080710,89,161,100,24,290,280,67,76,1312,1305
GHCND:USW00014858,HANCOCK HOUGHTON CO AIRPORT MI US,20080711,3,217,100,49,90,90,76,107,1618,1537
GHCND:USW00014858,HANCOCK HOUGHTON CO AIRPORT MI US,20080712,43,244,161,85,270,270,139,183,647,1230
GHCND:USW00014858,HANCOCK HOUGHTON CO AIRPORT MI US,20080713,0,167,122,105,270,270,165,215,732,732
GHCND:USW00014858,HANCOCK HOUGHTON CO AIRPORT MI US,20080714,41,222,117,47,330,330,130,165,2333,2335
GHCND:USW00014858,HANCOCK HOUGHTON CO AIRPORT MI US,20080715,53,244,122,39,280,280,116,148,1022,1023
GHCND:USW00014858,HANCOCK HOUGHTON CO AIRPORT MI US,20080716,5,239,139,32,90,90,58,80,1753,1758
GHCND:USW00014858,HANCOCK HOUGHTON CO AIRPORT MI US,20080717,71,239,122,16,130,130,54,72,1717,1718
GHCND:USW00014858,HANCOCK HOUGHTON CO AIRPORT MI US,20080718,0,233,133,44,280,280,94,116,1533,1534
GHCND:USW00014858,HANCOCK HOUGHTON CO AIRPORT MI US,20080719,0,178,106,27,100,110,54,67,1648,1652
GHCND:USW00014858,HANCOCK HOUGHTON CO AIRPORT MI US,20080720,5,206,122,10,300,80,40,58,103,2140
GHCND:USW00014858,HANCOCK HOUGHTON CO AIRPORT MI US,20080721,36,217,117,16,350,350,63,76,1408,1409
GHCND:USW00014858,HANCOCK HOUGHTON CO AIRPORT MI US,20080722,0,228,111,26,330,330,58,67,926,927
GHCND:USW00014858,HANCOCK HOUGHTON CO AIRPORT MI US,20080723,0,256,106,28,340,340,63,76,1408,1357
GHCND:USW00014858,HANCOCK HOUGHTON CO AIRPORT MI US,20080724,0,250,83,13,190,210,45,58,831,857
GHCND:USW00014858,HANCOCK HOUGHTON CO AIRPORT MI US,20080725,38,261,161,52,320,320,112,139,1829,1829
GHCND:USW00014858,HANCOCK HOUGHTON CO AIRPORT MI US,20080726,0,239,156,87,300,300,148,179,923,912
GHCND:USW00014858,HANCOCK HOUGHTON CO AIRPORT MI US,20080727,0,239,117,48,280,280,98,125,2357,2354
GHCND:USW00014858,HANCOCK HOUGHTON CO AIRPORT MI US,20080728,0,256,89,22,130,130,54,72,1521,1554
GHCND:USW00014858,HANCOCK HOUGHTON CO AIRPORT MI US,20080729,74,239,133,30,180,200,72,94,1233,1309
GHCND:USW00014858,HANCOCK HOUGHTON CO AIRPORT MI US,20080730,0,206,150,56,270,280,107,130,1201,1201
GHCND:USW00014858,HANCOCK HOUGHTON CO AIRPORT MI US,20080731,0,228,128,21,310,320,58,67,1343,1350
GHCND:USW00014858,HANCOCK HOUGHTON CO AIRPORT MI US,20080801,8,239,117,35,280,290,103,116,1559,1558
GHCND:USW00014858,HANCOCK HOUGHTON CO AIRPORT MI US,20080802,0,250,117,21,310,330,54,76,1400,1456
GHCND:USW00014858,HANCOCK HOUGHTON CO AIRPORT MI US,20080803,0,278,122,16,80,80,58,72,1817,1814
GHCND:USW00014858,HANCOCK HOUGHTON CO AIRPORT MI US,20080804,18,261,167,19,320,290,45,72,1423,1803
GHCND:USW00014858,HANCOCK HOUGHTON CO AIRPORT MI US,20080805,0,256,144,40,300,300,103,116,1657,1528
GHCND:USW00014858,HANCOCK HOUGHTON CO AIRPORT MI US,20080806,0,250,128,49,330,330,98,134,1909,1912
GHCND:USW00014858,HANCOCK HOUGHTON CO AIRPORT MI US,20080807,0,222,117,45,300,310,76,103,1612,1850
GHCND:USW00014858,HANCOCK HOUGHTON CO AIRPORT MI US,20080808,0,250,122,51,280,280,107,134,1725,1718
GHCND:USW00014858,HANCOCK HOUGHTON CO AIRPORT MI US,20080809,0,189,83,39,30,10,80,103,1532,1100
GHCND:USW00014858,HANCOCK HOUGHTON CO AIRPORT MI US,20080810,0,206,94,29,340,350,72,103,1508,1622
GHCND:USW00014858,HANCOCK HOUGHTON CO AIRPORT MI US,20080811,0,244,83,20,100,100,54,67,1631,1631
GHCND:USW00014858,HANCOCK HOUGHTON CO AIRPORT MI US,20080812,0,256,111,19,350,350,54,72,1414,1450
GHCND:USW00014858,HANCOCK HOUGHTON CO AIRPORT MI US,20080813,0,233,94,24,100,100,58,72,1121,1052
GHCND:USW00014858,HANCOCK HOUGHTON CO AIRPORT MI US,20080814,0,233,72,22,100,100,63,76,1443,1405
GHCND:USW00014858,HANCOCK HOUGHTON CO AIRPORT MI US,20080815,0,244,78,37,280,300,63,94,1137,1705
GHCND:USW00014858,HANCOCK HOUGHTON CO AIRPORT MI US,20080816,0,261,161,61,290,270,103,130,1432,1529
GHCND:USW00014858,HANCOCK HOUGHTON CO AIRPORT MI US,20080817,0,300,178,65,260,240,112,161,1736,1734
GHCND:USW00014858,HANCOCK HOUGHTON CO AIRPORT MI US,20080818,3,250,100,52,290,260,103,143,6,343
GHCND:USW00014858,HANCOCK HOUGHTON CO AIRPORT MI US,20080819,0,189,78,38,80,80,67,94,1427,1427
GHCND:USW00014858,HANCOCK HOUGHTON CO AIRPORT MI US,20080820,0,278,128,26,100,80,54,67,1540,1541
GHCND:USW00014858,HANCOCK HOUGHTON CO AIRPORT MI US,20080821,0,272,133,31,180,180,67,89,1337,1337
GHCND:USW00014858,HANCOCK HOUGHTON CO AIRPORT MI US,20080822,38,294,172,47,190,190,98,130,1811,1520
GHCND:USW00014858,HANCOCK HOUGHTON CO AIRPORT MI US,20080823,20,239,144,85,280,270,161,201,1644,1519
GHCND:USW00014858,HANCOCK HOUGHTON CO AIRPORT MI US,20080824,0,178,61,59,310,300,98,134,1052,1344
GHCND:USW00014858,HANCOCK HOUGHTON CO AIRPORT MI US,20080825,0,228,33,20,300,270,58,103,1451,1454
GHCND:USW00014858,HANCOCK HOUGHTON CO AIRPORT MI US,20080826,0,244,94,30,150,120,63,80,1520,1334
GHCND:USW00014858,HANCOCK HOUGHTON CO AIRPORT MI US,20080827,0,250,78,36,270,280,103,125,1341,1342
GHCND:USW00014858,HANCOCK HOUGHTON CO AIRPORT MI US,20080828,56,211,111,36,260,270,80,112,1140,1143
GHCND:USW00014858,HANCOCK HOUGHTON CO AIRPORT MI US,20080829,0,239,122,39,290,290,76,107,1316,1317
GHCND:USW00014858,HANCOCK HOUGHTON CO AIRPORT MI US,20080830,0,261,83,29,300,260,63,89,1415,1447
GHCND:USW00014858,HANCOCK HOUGHTON CO AIRPORT MI US,20080831,0,328,122,36,170,210,76,116,1414,1608
GHCND:USW00014858,HANCOCK HOUGHTON CO AIRPORT MI US,20080901,0,311,183,38,170,180,89,116,1348,1327
GHCND:USW00014858,HANCOCK HOUGHTON CO AIRPORT MI US,20080902,173,311,150,57,290,210,148,201,1459,1751
GHCND:USW00014858,HANCOCK HOUGHTON CO AIRPORT MI US,20080903,0,161,61,68,290,290,112,148,9,452
GHCND:USW00014858,HANCOCK HOUGHTON CO AIRPORT MI US,20080904,0,156,72,30,90,90,67,94,1506,1507
GHCND:USW00014858,HANCOCK HOUGHTON CO AIRPORT MI US,20080905,0,167,83,30,290,310,76,107,1230,1216
GHCND:USW00014858,HANCOCK HOUGHTON CO AIRPORT MI US,20080906,97,167,78,17,320,310,45,58,1622,1744
GHCND:USW00014858,HANCOCK HOUGHTON CO AIRPORT MI US,20080907,5,189,61,42,270,270,98,116,1802,1803
GHCND:USW00014858,HANCOCK HOUGHTON CO AIRPORT MI US,20080908,0,139,28,40,330,310,76,98,1116,738
GHCND:USW00014858,HANCOCK HOUGHTON CO AIRPORT MI US,20080909,25,167,28,29,280,300,76,98,1334,1229
GHCND:USW00014858,HANCOCK HOUGHTON CO AIRPORT MI US,20080910,0,206,39,26,170,180,72,103,1501,1352
GHCND:USW00014858,HANCOCK HOUGHTON CO AIRPORT MI US,20080911,119,172,133,36,310,320,72,89,2108,2215
GHCND:USW00014858,HANCOCK HOUGHTON CO AIRPORT MI US,20080912,0,206,89,29,300,300,72,80,914,915
GHCND:USW00014858,HANCOCK HOUGHTON CO AIRPORT MI US,20080913,104,200,78,25,120,130,67,89,1803,1803
GHCND:USW00014858,HANCOCK HOUGHTON CO AIRPORT MI US,20080914,3,139,83,47,20,30,94,130,1438,1439
GHCND:USW00014858,HANCOCK HOUGHTON CO AIRPORT MI US,20080915,0,139,78,30,320,310,72,89,1037,1037
GHCND:USW00014858,HANCOCK HOUGHTON CO AIRPORT MI US,20080916,0,228,89,42,260,260,107,143,1718,1659
GHCND:USW00014858,HANCOCK HOUGHTON CO AIRPORT MI US,20080917,0,189,67,20,310,310,72,98,1526,1540
GHCND:USW00014858,HANCOCK HOUGHTON CO AIRPORT MI US,20080918,0,194,72,46,200,200,80,130,2333,2333
GHCND:USW00014858,HANCOCK HOUGHTON CO AIRPORT MI US,20080919,0,261,139,63,260,250,116,148,1243,1218
GHCND:USW00014858,HANCOCK HOUGHTON CO AIRPORT MI US,20080920,0,200,39,35,290,280,112,148,13,14
GHCND:USW00014858,HANCOCK HOUGHTON CO AIRPORT MI US,20080921,0,156,39,30,130,140,58,76,1151,1511
GHCND:USW00014858,HANCOCK HOUGHTON CO AIRPORT MI US,20080922,0,222,106,30,170,170,67,80,1222,1223
GHCND:USW00014858,HANCOCK HOUGHTON CO AIRPORT MI US,20080923,0,272,139,35,180,220,80,116,1528,1323
GHCND:USW00014858,HANCOCK HOUGHTON CO AIRPORT MI US,20080924,23,206,89,68,270,270,148,183,1357,1421
GHCND:USW00014858,HANCOCK HOUGHTON CO AIRPORT MI US,20080925,0,183,67,30,160,170,67,89,1341,1342
GHCND:USW00014858,HANCOCK HOUGHTON CO AIRPORT MI US,20080926,0,278,133,34,310,320,103,130,2358,2358
GHCND:USW00014858,HANCOCK HOUGHTON CO AIRPORT MI US,20080927,89,183,78,37,310,320,103,130,2358,2358
GHCND:USW00014858,HANCOCK HOUGHTON CO AIRPORT MI US,20080928,0,133,17,31,140,130,63,80,1433,1438
GHCND:USW00014858,HANCOCK HOUGHTON CO AIRPORT MI US,20080929,51,133,72,32,320,310,72,89,2315,2317
GHCND:USW00014858,HANCOCK HOUGHTON CO AIRPORT MI US,20080930,25,117,67,55,330,320,98,125,1247,1248
GHCND:USW00014858,HANCOCK HOUGHTON CO AIRPORT MI US,20081001,3,100,56,52,350,320,98,125,1522,1319
GHCND:USW00014858,HANCOCK HOUGHTON CO AIRPORT MI US,20081002,3,100,39,52,320,310,107,156,34,35
GHCND:USW00014858,HANCOCK HOUGHTON CO AIRPORT MI US,20081003,3,72,0,40,320,310,89,107,1502,1100
GHCND:USW00014858,HANCOCK HOUGHTON CO AIRPORT MI US,20081004,5,122,33,19,300,30,40,63,1236,1411
GHCND:USW00014858,HANCOCK HOUGHTON CO AIRPORT MI US,20081005,0,122,56,45,110,100,80,112,1725,1705
GHCND:USW00014858,HANCOCK HOUGHTON CO AIRPORT MI US,20081006,0,133,72,48,140,140,80,107,1540,1541
GHCND:USW00014858,HANCOCK HOUGHTON CO AIRPORT MI US,20081007,23,156,94,43,120,140,67,80,1250,1231
GHCND:USW00014858,HANCOCK HOUGHTON CO AIRPORT MI US,20081008,97,128,72,51,280,280,130,156,1445,1446
GHCND:USW00014858,HANCOCK HOUGHTON CO AIRPORT MI US,20081009,0,122,83,106,280,270,179,219,1038,1034
GHCND:USW00014858,HANCOCK HOUGHTON CO AIRPORT MI US,20081010,5,94,17,26,290,270,58,76,333,352
GHCND:USW00014858,HANCOCK HOUGHTON CO AIRPORT MI US,20081011,0,172,83,36,100,100,67,89,642,642
GHCND:USW00014858,HANCOCK HOUGHTON CO AIRPORT MI US,20081012,3,211,117,22,190,200,58,72,1056,1108
GHCND:USW00014858,HANCOCK HOUGHTON CO AIRPORT MI US,20081013,5,256,89,65,290,270,156,192,2106,2055
GHCND:USW00014858,HANCOCK HOUGHTON CO AIRPORT MI US,20081014,0,100,44,73,280,280,161,210,122,532
GHCND:USW00014858,HANCOCK HOUGHTON CO AIRPORT MI US,20081015,0,111,67,66,270,270,134,174,1326,1344
GHCND:USW00014858,HANCOCK HOUGHTON CO AIRPORT MI US,20081016,0,83,-6,44,310,290,116,161,2357,0
GHCND:USW00014858,HANCOCK HOUGHTON CO AIRPORT MI US,20081017,0,94,-33,11,300,300,45,54,207,211
GHCND:USW00014858,HANCOCK HOUGHTON CO AIRPORT MI US,20081018,0,128,-33,27,200,190,76,98,1438,1439
GHCND:USW00014858,HANCOCK HOUGHTON CO AIRPORT MI US,20081019,5,117,72,46,200,200,80,116,754,743
GHCND:USW00014858,HANCOCK HOUGHTON CO AIRPORT MI US,20081020,15,94,22,43,340,330,76,103,1732,1732
GHCND:USW00014858,HANCOCK HOUGHTON CO AIRPORT MI US,20081021,0,67,-6,27,60,120,58,76,1607,1308
GHCND:USW00014858,HANCOCK HOUGHTON CO AIRPORT MI US,20081022,0,78,-28,34,130,140,94,112,2043,2043
GHCND:USW00014858,HANCOCK HOUGHTON CO AIRPORT MI US,20081023,0,106,0,33,160,170,58,76,2039,2046
GHCND:USW00014858,HANCOCK HOUGHTON CO AIRPORT MI US,20081024,84,83,6,22,90,120,54,67,1706,1621
GHCND:USW00014858,HANCOCK HOUGHTON CO AIRPORT MI US,20081025,20,83,44,43,300,290,130,161,2310,2309
GHCND:USW00014858,HANCOCK HOUGHTON CO AIRPORT MI US,20081026,36,83,22,78,320,330,139,174,1852,1854
GHCND:USW00014858,HANCOCK HOUGHTON CO AIRPORT MI US,20081027,5,39,-6,67,330,320,116,170,120,100
GHCND:USW00014858,HANCOCK HOUGHTON CO AIRPORT MI US,20081028,0,39,-6,50,270,270,98,125,1457,1458
GHCND:USW00014858,HANCOCK HOUGHTON CO AIRPORT MI US,20081029,0,39,-22,36,310,340,76,98,613,1452
GHCND:USW00014858,HANCOCK HOUGHTON CO AIRPORT MI US,20081030,0,200,6,55,230,270,107,156,1054,1422
GHCND:USW00014858,HANCOCK HOUGHTON CO AIRPORT MI US,20081031,0,150,-22,42,270,280,107,139,151,152
GHCND:USW00014858,HANCOCK HOUGHTON CO AIRPORT MI US,20081101,0,83,-33,21,110,110,45,63,2127,2127
GHCND:USW00014858,HANCOCK HOUGHTON CO AIRPORT MI US,20081102,25,72,17,34,160,170,89,107,1203,958
GHCND:USW00014858,HANCOCK HOUGHTON CO AIRPORT MI US,20081103,0,144,6,29,180,170,80,98,2321,2314
GHCND:USW00014858,HANCOCK HOUGHTON CO AIRPORT MI US,20081104,0,200,106,32,270,270,80,94,1206,1207
GHCND:USW00014858,HANCOCK HOUGHTON CO AIRPORT MI US,20081105,20,172,111,27,180,180,67,80,1034,940
GHCND:USW00014858,HANCOCK HOUGHTON CO AIRPORT MI US,20081106,25,156,100,41,140,160,98,130,1805,1727
GHCND:USW00014858,HANCOCK HOUGHTON CO AIRPORT MI US,20081107,20,106,33,36,160,160,94,125,1048,1048
GHCND:USW00014858,HANCOCK HOUGHTON CO AIRPORT MI US,20081108,30,56,-17,62,330,330,103,148,2231,2317
GHCND:USW00014858,HANCOCK HOUGHTON CO AIRPORT MI US,20081109,3,-17,-39,93,310,310,130,170,1626,1627
GHCND:USW00014858,HANCOCK HOUGHTON CO AIRPORT MI US,20081110,0,-11,-28,55,310,320,103,130,52,401
GHCND:USW00014858,HANCOCK HOUGHTON CO AIRPORT MI US,20081111,0,0,-61,16,170,200,45,67,1414,1418
GHCND:USW00014858,HANCOCK HOUGHTON CO AIRPORT MI US,20081112,74,33,-28,26,120,120,54,63,1120,1046
GHCND:USW00014858,HANCOCK HOUGHTON CO AIRPORT MI US,20081113,41,50,22,34,280,280,89,107,2334,2301
GHCND:USW00014858,HANCOCK HOUGHTON CO AIRPORT MI US,20081114,20,44,0,65,300,310,107,134,844,845
GHCND:USW00014858,HANCOCK HOUGHTON CO AIRPORT MI US,20081115,5,6,-33,53,320,310,80,116,1621,1732
GHCND:USW00014858,HANCOCK HOUGHTON CO AIRPORT MI US,20081116,0,-33,-56,48,320,340,76,103,1904,2143
GHCND:USW00014858,HANCOCK HOUGHTON CO AIRPORT MI US,20081117,13,-33,-67,44,360,360,89,125,1454,1454
GHCND:USW00014858,HANCOCK HOUGHTON CO AIRPORT MI US,20081118,8,-39,-67,34,180,200,72,103,2149,2358
GHCND:USW00014858,HANCOCK HOUGHTON CO AIRPORT MI US,20081119,5,-11,-50,67,340,350,130,165,2120,2037
GHCND:USW00014858,HANCOCK HOUGHTON CO AIRPORT MI US,20081120,13,-44,-94,72,340,330,112,143,2018,2005
GHCND:USW00014858,HANCOCK HOUGHTON CO AIRPORT MI US,20081121,10,-83,-111,49,320,320,89,112,506,508
GHCND:USW00014858,HANCOCK HOUGHTON CO AIRPORT MI US,20081122,0,-44,-111,24,160,160,72,98,1205,1208
GHCND:USW00014858,HANCOCK HOUGHTON CO AIRPORT MI US,20081123,0,-11,-67,29,200,200,63,80,55,56
GHCND:USW00014858,HANCOCK HOUGHTON CO AIRPORT MI US,20081124,10,6,-22,26,360,20,63,89,2150,2213
GHCND:USW00014858,HANCOCK HOUGHTON CO AIRPORT MI US,20081125,0,6,-44,36,340,330,72,94,441,447
GHCND:USW00014858,HANCOCK HOUGHTON CO AIRPORT MI US,20081126,0,0,-33,21,320,310,58,72,1315,1316
GHCND:USW00014858,HANCOCK HOUGHTON CO AIRPORT MI US,20081127,0,-6,-28,31,330,330,94,125,2131,2140
GHCND:USW00014858,HANCOCK HOUGHTON CO AIRPORT MI US,20081128,3,-6,-28,67,300,310,112,139,1256,1341
GHCND:USW00014858,HANCOCK HOUGHTON CO AIRPORT MI US,20081129,0,-17,-33,26,280,280,72,80,1403,1405
GHCND:USW00014858,HANCOCK HOUGHTON CO AIRPORT MI US,20081130,0,-28,-44,38,10,20,80,112,2201,2208
GHCND:USW00014858,HANCOCK HOUGHTON CO AIRPORT MI US,20081201,5,-44,-61,60,360,340,103,134,1548,542
GHCND:USW00014858,HANCOCK HOUGHTON CO AIRPORT MI US,20081202,3,0,-83,51,210,210,98,139,1240,1240
GHCND:USW00014858,HANCOCK HOUGHTON CO AIRPORT MI US,20081203,5,6,-100,63,300,320,103,130,413,339
GHCND:USW00014858,HANCOCK HOUGHTON CO AIRPORT MI US,20081204,8,-78,-100,63,300,300,107,139,2104,2102
GHCND:USW00014858,HANCOCK HOUGHTON CO AIRPORT MI US,20081205,5,-89,-133,47,270,270,107,130,411,411
GHCND:USW00014858,HANCOCK HOUGHTON CO AIRPORT MI US,20081206,5,-67,-122,66,330,320,116,156,1957,1244
GHCND:USW00014858,HANCOCK HOUGHTON CO AIRPORT MI US,20081207,5,-100,-172,31,330,320,98,125,53,56
GHCND:USW00014858,HANCOCK HOUGHTON CO AIRPORT MI US,20081208,3,-72,-200,13,200,190,63,94,119,129
GHCND:USW00014858,HANCOCK HOUGHTON CO AIRPORT MI US,20081209,3,-56,-117,49,10,30,89,116,840,906
GHCND:USW00014858,HANCOCK HOUGHTON CO AIRPORT MI US,20081210,3,-67,-128,31,160,170,76,94,1930,1926
GHCND:USW00014858,HANCOCK HOUGHTON CO AIRPORT MI US,20081211,3,-39,-128,81,280,280,156,192,445,418
GHCND:USW00014858,HANCOCK HOUGHTON CO AIRPORT MI US,20081212,3,-111,-144,32,310,310,67,80,158,159
GHCND:USW00014858,HANCOCK HOUGHTON CO AIRPORT MI US,20081213,0,-22,-128,17,190,190,45,63,123,133
GHCND:USW00014858,HANCOCK HOUGHTON CO AIRPORT MI US,20081214,8,22,-56,58,70,70,89,116,1407,1500
GHCND:USW00014858,HANCOCK HOUGHTON CO AIRPORT MI US,20081215,5,-22,-178,98,300,310,156,197,1010,1029
GHCND:USW00014858,HANCOCK HOUGHTON CO AIRPORT MI US,20081216,5,-167,-239,35,240,240,76,103,157,29
GHCND:USW00014858,HANCOCK HOUGHTON CO AIRPORT MI US,20081217,5,-111,-167,44,280,270,94,107,1315,1240
GHCND:USW00014858,HANCOCK HOUGHTON CO AIRPORT MI US,20081218,8,-83,-189,20,60,60,63,89,2333,2333
GHCND:USW00014858,HANCOCK HOUGHTON CO AIRPORT MI US,20081219,3,-94,-161,43,40,40,89,112,734,734
GHCND:USW00014858,HANCOCK HOUGHTON CO AIRPORT MI US,20081220,3,-78,-233,31,140,140,89,112,1346,1347
GHCND:USW00014858,HANCOCK HOUGHTON CO AIRPORT MI US,20081221,3,-78,-150,62,310,310,116,143,2140,2242
GHCND:USW00014858,HANCOCK HOUGHTON CO AIRPORT MI US,20081222,0,-111,-172,65,290,280,112,139,1356,1356
GHCND:USW00014858,HANCOCK HOUGHTON CO AIRPORT MI US,20081223,0,-83,-183,26,170,180,63,80,1154,1157
GHCND:USW00014858,HANCOCK HOUGHTON CO AIRPORT MI US,20081224,3,-56,-94,43,330,320,98,130,1834,1834
GHCND:USW00014858,HANCOCK HOUGHTON CO AIRPORT MI US,20081225,0,-72,-172,32,200,200,63,89,2319,2330
GHCND:USW00014858,HANCOCK HOUGHTON CO AIRPORT MI US,20081226,3,0,-78,43,170,160,98,125,513,534
GHCND:USW00014858,HANCOCK HOUGHTON CO AIRPORT MI US,20081227,3,33,0,48,280,270,76,98,2032,2054
GHCND:USW00014858,HANCOCK HOUGHTON CO AIRPORT MI US,20081228,5,6,-78,56,280,280,116,148,1412,1421
GHCND:USW00014858,HANCOCK HOUGHTON CO AIRPORT MI US,20081229,5,-33,-106,77,290,300,179,215,1555,1447
GHCND:USW00014858,HANCOCK HOUGHTON CO AIRPORT MI US,20081230,3,-100,-122,51,310,310,125,148,107,52
GHCND:USW00014858,HANCOCK HOUGHTON CO AIRPORT MI US,20081231,8,-94,-172,47,320,320,94,130,614,614
