STATION,STATION_NAME,DATE,PRCP,SNWD,SNOW,TMAX,TMIN
GHCND:USW00023063,EAGLE CO AIRPORT CO US,20070101,0,-9999,0,0,-128
GHCND:USW00023063,EAGLE CO AIRPORT CO US,20070102,0,-9999,0,-11,-150
GHCND:USW00023063,EAGLE CO AIRPORT CO US,20070103,0,-9999,0,-11,-128
GHCND:USW00023063,EAGLE CO AIRPORT CO US,20070104,0,-9999,0,-9999,-9999
GHCND:USW00023063,EAGLE CO AIRPORT CO US,20070105,-9999,-9999,-9999,61,-39
GHCND:USW00023063,EAGLE CO AIRPORT CO US,20070106,-9999,-9999,-9999,-22,-222
GHCND:USW00023063,EAGLE CO AIRPORT CO US,20070107,-9999,-9999,-9999,-39,-150
GHCND:USW00023063,EAGLE CO AIRPORT CO US,20070108,0,-9999,0,-9999,-122
GHCND:USW00023063,EAGLE CO AIRPORT CO US,20070109,0,-9999,0,39,-128
GHCND:USW00023063,EAGLE CO AIRPORT CO US,20070110,0,-9999,0,28,-150
GHCND:USW00023063,EAGLE CO AIRPORT CO US,20070111,0,-9999,0,-9999,-9999
GHCND:USW00023063,EAGLE CO AIRPORT CO US,20070112,-9999,-9999,-9999,72,11
GHCND:USW00023063,EAGLE CO AIRPORT CO US,20070113,0,-9999,-9999,22,-50
GHCND:USW00023063,EAGLE CO AIRPORT CO US,20070114,-9999,-9999,-9999,-39,-128
GHCND:USW00023063,EAGLE CO AIRPORT CO US,20070115,-9999,-9999,-9999,-111,-228
GHCND:USW00023063,EAGLE CO AIRPORT CO US,20070116,-9999,-9999,-9999,-122,-272
GHCND:USW00023063,EAGLE CO AIRPORT CO US,20070117,0,-9999,0,-9999,-9999
GHCND:USW00023063,EAGLE CO AIRPORT CO US,20070118,0,-9999,0,-9999,-9999
GHCND:USW00023063,EAGLE CO AIRPORT CO US,20070119,0,-9999,0,-39,-222
GHCND:USW00023063,EAGLE CO AIRPORT CO US,20070120,0,-9999,0,-56,-189
GHCND:USW00023063,EAGLE CO AIRPORT CO US,20070121,-9999,-9999,-9999,-50,-100
GHCND:USW00023063,EAGLE CO AIRPORT CO US,20070122,-9999,-9999,-9999,-28,-189
GHCND:USW00023063,EAGLE CO AIRPORT CO US,20070123,0,-9999,0,-50,-189
GHCND:USW00023063,EAGLE CO AIRPORT CO US,20070124,0,-9999,0,-39,-189
GHCND:USW00023063,EAGLE CO AIRPORT CO US,20070125,0,-9999,0,0,-178
GHCND:USW00023063,EAGLE CO AIRPORT CO US,20070126,0,-9999,0,0,-9999
GHCND:USW00023063,EAGLE CO AIRPORT CO US,20070127,0,-9999,0,0,-150
GHCND:USW00023063,EAGLE CO AIRPORT CO US,20070128,0,-9999,-9999,-11,-178
GHCND:USW00023063,EAGLE CO AIRPORT CO US,20070129,0,-9999,0,-9999,-9999
GHCND:USW00023063,EAGLE CO AIRPORT CO US,20070130,0,-9999,0,22,-100
GHCND:USW00023063,EAGLE CO AIRPORT CO US,20070131,-9999,-9999,-9999,22,-50
GHCND:USW00023063,EAGLE CO AIRPORT CO US,20070201,0,-9999,-9999,-22,-222
GHCND:USW00023063,EAGLE CO AIRPORT CO US,20070202,-9999,-9999,-9999,-78,-222
GHCND:USW00023063,EAGLE CO AIRPORT CO US,20070203,-9999,-9999,-9999,-61,-72
GHCND:USW00023063,EAGLE CO AIRPORT CO US,20070204,0,-9999,0,22,-122
GHCND:USW00023063,EAGLE CO AIRPORT CO US,20070205,0,-9999,0,39,-111
GHCND:USW00023063,EAGLE CO AIRPORT CO US,20070206,0,-9999,0,72,-78
GHCND:USW00023063,EAGLE CO AIRPORT CO US,20070207,0,-9999,0,78,-56
GHCND:USW00023063,EAGLE CO AIRPORT CO US,20070208,0,-9999,0,94,-67
GHCND:USW00023063,EAGLE CO AIRPORT CO US,20070209,0,-9999,0,72,-61
GHCND:USW00023063,EAGLE CO AIRPORT CO US,20070210,-9999,-9999,-9999,72,-22
GHCND:USW00023063,EAGLE CO AIRPORT CO US,20070211,-9999,-9999,-9999,72,11
GHCND:USW00023063,EAGLE CO AIRPORT CO US,20070212,-9999,-9999,-9999,72,0
GHCND:USW00023063,EAGLE CO AIRPORT CO US,20070213,-9999,-9999,-9999,39,-61
GHCND:USW00023063,EAGLE CO AIRPORT CO US,20070214,-9999,-9999,-9999,11,-61
GHCND:USW00023063,EAGLE CO AIRPORT CO US,20070215,-9999,-9999,-9999,0,-100
GHCND:USW00023063,EAGLE CO AIRPORT CO US,20070216,-9999,-9999,-9999,0,-39
GHCND:USW00023063,EAGLE CO AIRPORT CO US,20070217,-9999,-9999,-9999,61,-11
GHCND:USW00023063,EAGLE CO AIRPORT CO US,20070218,0,-9999,0,61,-89
GHCND:USW00023063,EAGLE CO AIRPORT CO US,20070219,-9999,-9999,-9999,89,-6
GHCND:USW00023063,EAGLE CO AIRPORT CO US,20070220,0,-9999,-9999,61,-72
GHCND:USW00023063,EAGLE CO AIRPORT CO US,20070221,0,-9999,0,100,-72
GHCND:USW00023063,EAGLE CO AIRPORT CO US,20070222,0,-9999,-9999,100,-61
GHCND:USW00023063,EAGLE CO AIRPORT CO US,20070223,0,-9999,0,128,-28
GHCND:USW00023063,EAGLE CO AIRPORT CO US,20070224,-9999,-9999,-9999,72,-39
GHCND:USW00023063,EAGLE CO AIRPORT CO US,20070225,-9999,-9999,-9999,-11,-89
GHCND:USW00023063,EAGLE CO AIRPORT CO US,20070226,-9999,-9999,-9999,-11,-56
GHCND:USW00023063,EAGLE CO AIRPORT CO US,20070227,-9999,-9999,-9999,11,-39
GHCND:USW00023063,EAGLE CO AIRPORT CO US,20070228,-9999,-9999,-9999,50,-56
GHCND:USW00023063,EAGLE CO AIRPORT CO US,20070301,-9999,-9999,-9999,-28,-178
GHCND:USW00023063,EAGLE CO AIRPORT CO US,20070302,-9999,-9999,-9999,-39,-139
GHCND:USW00023063,EAGLE CO AIRPORT CO US,20070303,-9999,-9999,-9999,-61,-178
GHCND:USW00023063,EAGLE CO AIRPORT CO US,20070304,0,-9999,0,-9999,-9999
GHCND:USW00023063,EAGLE CO AIRPORT CO US,20070305,0,-9999,0,22,-122
GHCND:USW00023063,EAGLE CO AIRPORT CO US,20070306,0,-9999,0,72,-72
GHCND:USW00023063,EAGLE CO AIRPORT CO US,20070307,0,-9999,-9999,78,-28
GHCND:USW00023063,EAGLE CO AIRPORT CO US,20070308,-9999,-9999,-9999,122,-28
GHCND:USW00023063,EAGLE CO AIRPORT CO US,20070309,-9999,-9999,-9999,78,-17
GHCND:USW00023063,EAGLE CO AIRPORT CO US,20070310,0,-9999,0,111,0
GHCND:USW00023063,EAGLE CO AIRPORT CO US,20070311,-9999,-9999,-9999,78,0
GHCND:USW00023063,EAGLE CO AIRPORT CO US,20070312,0,-9999,-9999,-9999,-28
GHCND:USW00023063,EAGLE CO AIRPORT CO US,20070313,0,-9999,0,150,-22
GHCND:USW00023063,EAGLE CO AIRPORT CO US,20070314,0,-9999,0,172,-22
GHCND:USW00023063,EAGLE CO AIRPORT CO US,20070315,-9999,-9999,-9999,172,39
GHCND:USW00023063,EAGLE CO AIRPORT CO US,20070316,0,-9999,0,139,-28
GHCND:USW00023063,EAGLE CO AIRPORT CO US,20070317,0,-9999,0,178,-17
GHCND:USW00023063,EAGLE CO AIRPORT CO US,20070318,0,-9999,0,189,-22
GHCND:USW00023063,EAGLE CO AIRPORT CO US,20070319,0,-9999,0,200,-22
GHCND:USW00023063,EAGLE CO AIRPORT CO US,20070320,0,-9999,-9999,-9999,-9999
GHCND:USW00023063,EAGLE CO AIRPORT CO US,20070321,-9999,-9999,-9999,172,50
GHCND:USW00023063,EAGLE CO AIRPORT CO US,20070322,-9999,-9999,-9999,122,0
GHCND:USW00023063,EAGLE CO AIRPORT CO US,20070323,0,-9999,-9999,161,11
GHCND:USW00023063,EAGLE CO AIRPORT CO US,20070324,-9999,-9999,-9999,72,39
GHCND:USW00023063,EAGLE CO AIRPORT CO US,20070325,-9999,-9999,-9999,72,39
GHCND:USW00023063,EAGLE CO AIRPORT CO US,20070326,-9999,-9999,-9999,128,-11
GHCND:USW00023063,EAGLE CO AIRPORT CO US,20070327,-9999,-9999,-9999,172,22
GHCND:USW00023063,EAGLE CO AIRPORT CO US,20070328,-9999,-9999,-9999,194,22
GHCND:USW00023063,EAGLE CO AIRPORT CO US,20070329,-9999,-9999,-9999,61,-22
GHCND:USW00023063,EAGLE CO AIRPORT CO US,20070330,-9999,-9999,-9999,44,-39
GHCND:USW00023063,EAGLE CO AIRPORT CO US,20070331,-9999,-9999,-9999,72,0
GHCND:USW00023063,EAGLE CO AIRPORT CO US,20070401,0,-9999,-9999,-9999,-22
GHCND:USW00023063,EAGLE CO AIRPORT CO US,20070402,-9999,-9999,-9999,178,28
GHCND:USW00023063,EAGLE CO AIRPORT CO US,20070403,-9999,-9999,-9999,178,-17
GHCND:USW00023063,EAGLE CO AIRPORT CO US,20070404,0,-9999,0,178,-11
GHCND:USW00023063,EAGLE CO AIRPORT CO US,20070405,-9999,-9999,-9999,178,61
GHCND:USW00023063,EAGLE CO AIRPORT CO US,20070406,-9999,-9999,-9999,161,-11
GHCND:USW00023063,EAGLE CO AIRPORT CO US,20070407,-9999,-9999,-9999,172,11
GHCND:USW00023063,EAGLE CO AIRPORT CO US,20070408,-9999,-9999,-9999,144,28
GHCND:USW00023063,EAGLE CO AIRPORT CO US,20070409,-9999,-9999,-9999,122,39
GHCND:USW00023063,EAGLE CO AIRPORT CO US,20070410,-9999,-9999,-9999,139,22
GHCND:USW00023063,EAGLE CO AIRPORT CO US,20070411,-9999,-9999,-9999,28,-72
GHCND:USW00023063,EAGLE CO AIRPORT CO US,20070415,0,-9999,0,150,-22
GHCND:USW00023063,EAGLE CO AIRPORT CO US,20070416,-9999,-9999,-9999,189,22
GHCND:USW00023063,EAGLE CO AIRPORT CO US,20070417,-9999,-9999,-9999,144,50
GHCND:USW00023063,EAGLE CO AIRPORT CO US,20070418,-9999,-9999,-9999,144,-22
GHCND:USW00023063,EAGLE CO AIRPORT CO US,20070419,-9999,-9999,-9999,183,-11
GHCND:USW00023063,EAGLE CO AIRPORT CO US,20070420,0,-9999,0,111,-61
GHCND:USW00023063,EAGLE CO AIRPORT CO US,20070421,-9999,-9999,-9999,183,22
GHCND:USW00023063,EAGLE CO AIRPORT CO US,20070422,-9999,-9999,-9999,128,11
GHCND:USW00023063,EAGLE CO AIRPORT CO US,20070423,-9999,-9999,-9999,122,33
GHCND:USW00023063,EAGLE CO AIRPORT CO US,20070424,-9999,-9999,-9999,89,28
GHCND:USW00023063,EAGLE CO AIRPORT CO US,20070425,-9999,-9999,-9999,89,-22
GHCND:USW00023063,EAGLE CO AIRPORT CO US,20070426,-9999,0,-9999,128,-11
GHCND:USW00023063,EAGLE CO AIRPORT CO US,20070427,0,-9999,-9999,161,-11
GHCND:USW00023063,EAGLE CO AIRPORT CO US,20070428,0,-9999,0,-9999,11
GHCND:USW00023063,EAGLE CO AIRPORT CO US,20070429,-9999,-9999,-9999,250,22
GHCND:USW00023063,EAGLE CO AIRPORT CO US,20070430,-9999,-9999,-9999,228,39
GHCND:USW00023063,EAGLE CO AIRPORT CO US,20070501,-9999,-9999,0,228,28
GHCND:USW00023063,EAGLE CO AIRPORT CO US,20070502,-9999,-9999,0,222,61
GHCND:USW00023063,EAGLE CO AIRPORT CO US,20070503,0,-9999,0,178,61
GHCND:USW00023063,EAGLE CO AIRPORT CO US,20070504,-9999,-9999,-9999,211,-11
GHCND:USW00023063,EAGLE CO AIRPORT CO US,20070506,3,-9999,-9999,111,11
GHCND:USW00023063,EAGLE CO AIRPORT CO US,20070507,-9999,-9999,-9999,78,22
GHCND:USW00023063,EAGLE CO AIRPORT CO US,20070508,0,-9999,0,-9999,-22
GHCND:USW00023063,EAGLE CO AIRPORT CO US,20070509,0,-9999,0,178,11
GHCND:USW00023063,EAGLE CO AIRPORT CO US,20070510,-9999,-9999,-9999,200,22
GHCND:USW00023063,EAGLE CO AIRPORT CO US,20070511,-9999,-9999,-9999,233,28
GHCND:USW00023063,EAGLE CO AIRPORT CO US,20070512,-9999,0,0,261,50
GHCND:USW00023063,EAGLE CO AIRPORT CO US,20070513,-9999,-9999,-9999,250,39
GHCND:USW00023063,EAGLE CO AIRPORT CO US,20070514,-9999,-9999,-9999,239,89
GHCND:USW00023063,EAGLE CO AIRPORT CO US,20070515,-9999,-9999,-9999,228,39
GHCND:USW00023063,EAGLE CO AIRPORT CO US,20070516,-9999,0,0,222,22
GHCND:USW00023063,EAGLE CO AIRPORT CO US,20070517,-9999,0,0,222,39
GHCND:USW00023063,EAGLE CO AIRPORT CO US,20070518,-9999,0,0,211,22
GHCND:USW00023063,EAGLE CO AIRPORT CO US,20070519,-9999,0,0,228,39
GHCND:USW00023063,EAGLE CO AIRPORT CO US,20070520,-9999,0,0,228,50
GHCND:USW00023063,EAGLE CO AIRPORT CO US,20070521,-9999,0,0,222,50
GHCND:USW00023063,EAGLE CO AIRPORT CO US,20070522,-9999,0,0,189,61
GHCND:USW00023063,EAGLE CO AIRPORT CO US,20070523,-9999,-9999,-9999,111,22
GHCND:USW00023063,EAGLE CO AIRPORT CO US,20070524,-9999,0,0,-9999,-22
GHCND:USW00023063,EAGLE CO AIRPORT CO US,20070525,-9999,0,0,172,11
GHCND:USW00023063,EAGLE CO AIRPORT CO US,20070526,-9999,0,0,211,22
GHCND:USW00023063,EAGLE CO AIRPORT CO US,20070527,-9999,0,0,222,28
GHCND:USW00023063,EAGLE CO AIRPORT CO US,20070528,-9999,0,0,239,39
GHCND:USW00023063,EAGLE CO AIRPORT CO US,20070529,-9999,0,0,239,111
GHCND:USW00023063,EAGLE CO AIRPORT CO US,20070530,-9999,0,0,161,22
GHCND:USW00023063,EAGLE CO AIRPORT CO US,20070531,-9999,0,0,189,11
GHCND:USW00023063,EAGLE CO AIRPORT CO US,20070601,-9999,0,0,222,39
GHCND:USW00023063,EAGLE CO AIRPORT CO US,20070602,-9999,0,0,200,39
GHCND:USW00023063,EAGLE CO AIRPORT CO US,20070603,-9999,0,0,250,39
GHCND:USW00023063,EAGLE CO AIRPORT CO US,20070604,-9999,0,0,222,61
GHCND:USW00023063,EAGLE CO AIRPORT CO US,20070605,-9999,0,0,239,61
GHCND:USW00023063,EAGLE CO AIRPORT CO US,20070606,-9999,0,0,272,161
GHCND:USW00023063,EAGLE CO AIRPORT CO US,20070607,-9999,0,0,-9999,39
GHCND:USW00023063,EAGLE CO AIRPORT CO US,20070608,-9999,0,0,122,-22
GHCND:USW00023063,EAGLE CO AIRPORT CO US,20070609,-9999,0,0,228,28
GHCND:USW00023063,EAGLE CO AIRPORT CO US,20070610,-9999,0,0,272,28
GHCND:USW00023063,EAGLE CO AIRPORT CO US,20070611,-9999,0,0,261,61
GHCND:USW00023063,EAGLE CO AIRPORT CO US,20070612,-9999,0,0,272,111
GHCND:USW00023063,EAGLE CO AIRPORT CO US,20070613,-9999,0,0,200,61
GHCND:USW00023063,EAGLE CO AIRPORT CO US,20070614,-9999,0,0,239,50
GHCND:USW00023063,EAGLE CO AIRPORT CO US,20070615,0,0,0,278,72
GHCND:USW00023063,EAGLE CO AIRPORT CO US,20070616,0,0,0,300,78
GHCND:USW00023063,EAGLE CO AIRPORT CO US,20070617,-9999,0,0,339,111
GHCND:USW00023063,EAGLE CO AIRPORT CO US,20070618,-9999,0,0,300,89
GHCND:USW00023063,EAGLE CO AIRPORT CO US,20070619,0,0,0,-9999,39
GHCND:USW00023063,EAGLE CO AIRPORT CO US,20070620,0,0,0,289,67
GHCND:USW00023063,EAGLE CO AIRPORT CO US,20070621,0,0,0,322,72
GHCND:USW00023063,EAGLE CO AIRPORT CO US,20070622,-9999,0,0,300,111
GHCND:USW00023063,EAGLE CO AIRPORT CO US,20070623,0,0,0,-9999,-9999
GHCND:USW00023063,EAGLE CO AIRPORT CO US,20070624,0,0,0,322,-9999
GHCND:USW00023063,EAGLE CO AIRPORT CO US,20070625,0,0,0,300,78
GHCND:USW00023063,EAGLE CO AIRPORT CO US,20070626,0,0,0,300,89
GHCND:USW00023063,EAGLE CO AIRPORT CO US,20070627,0,0,0,322,111
GHCND:USW00023063,EAGLE CO AIRPORT CO US,20070628,0,0,0,311,111
GHCND:USW00023063,EAGLE CO AIRPORT CO US,20070629,0,0,0,311,100
GHCND:USW00023063,EAGLE CO AIRPORT CO US,20070630,0,0,0,322,100
GHCND:USW00023063,EAGLE CO AIRPORT CO US,20070701,0,0,0,322,78
GHCND:USW00023063,EAGLE CO AIRPORT CO US,20070702,0,0,0,328,89
GHCND:USW00023063,EAGLE CO AIRPORT CO US,20070703,0,0,0,339,100
GHCND:USW00023063,EAGLE CO AIRPORT CO US,20070704,-9999,0,0,339,128
GHCND:USW00023063,EAGLE CO AIRPORT CO US,20070705,-9999,0,0,322,122
GHCND:USW00023063,EAGLE CO AIRPORT CO US,20070706,-9999,0,0,289,111
GHCND:USW00023063,EAGLE CO AIRPORT CO US,20070707,-9999,0,0,311,122
GHCND:USW00023063,EAGLE CO AIRPORT CO US,20070708,-9999,0,0,278,111
GHCND:USW00023063,EAGLE CO AIRPORT CO US,20070709,-9999,0,0,278,100
GHCND:USW00023063,EAGLE CO AIRPORT CO US,20070710,-9999,0,0,322,122
GHCND:USW00023063,EAGLE CO AIRPORT CO US,20070711,-9999,0,0,311,100
GHCND:USW00023063,EAGLE CO AIRPORT CO US,20070712,-9999,0,0,311,128
GHCND:USW00023063,EAGLE CO AIRPORT CO US,20070713,-9999,0,0,272,100
GHCND:USW00023063,EAGLE CO AIRPORT CO US,20070714,-9999,0,0,278,122
GHCND:USW00023063,EAGLE CO AIRPORT CO US,20070715,-9999,0,0,300,89
GHCND:USW00023063,EAGLE CO AIRPORT CO US,20070716,-9999,0,0,322,128
GHCND:USW00023063,EAGLE CO AIRPORT CO US,20070717,-9999,0,0,322,139
GHCND:USW00023063,EAGLE CO AIRPORT CO US,20070718,-9999,0,0,322,111
GHCND:USW00023063,EAGLE CO AIRPORT CO US,20070719,-9999,0,0,300,128
GHCND:USW00023063,EAGLE CO AIRPORT CO US,20070720,-9999,0,0,311,128
GHCND:USW00023063,EAGLE CO AIRPORT CO US,20070721,-9999,0,0,261,150
GHCND:USW00023063,EAGLE CO AIRPORT CO US,20070722,-9999,0,0,289,128
GHCND:USW00023063,EAGLE CO AIRPORT CO US,20070723,-9999,0,0,322,122
GHCND:USW00023063,EAGLE CO AIRPORT CO US,20070724,-9999,0,0,322,128
GHCND:USW00023063,EAGLE CO AIRPORT CO US,20070725,-9999,0,0,289,128
GHCND:USW00023063,EAGLE CO AIRPORT CO US,20070726,-9999,0,0,311,139
GHCND:USW00023063,EAGLE CO AIRPORT CO US,20070727,-9999,0,0,278,161
GHCND:USW00023063,EAGLE CO AIRPORT CO US,20070728,-9999,0,0,272,128
GHCND:USW00023063,EAGLE CO AIRPORT CO US,20070729,-9999,0,0,261,111
GHCND:USW00023063,EAGLE CO AIRPORT CO US,20070730,-9999,0,0,300,122
GHCND:USW00023063,EAGLE CO AIRPORT CO US,20070731,-9999,0,0,289,122
GHCND:USW00023063,EAGLE CO AIRPORT CO US,20070801,-9999,0,0,311,122
GHCND:USW00023063,EAGLE CO AIRPORT CO US,20070802,-9999,0,0,300,161
GHCND:USW00023063,EAGLE CO AIRPORT CO US,20070803,-9999,0,0,311,161
GHCND:USW00023063,EAGLE CO AIRPORT CO US,20070804,-9999,0,0,278,150
GHCND:USW00023063,EAGLE CO AIRPORT CO US,20070805,-9999,0,0,278,128
GHCND:USW00023063,EAGLE CO AIRPORT CO US,20070806,-9999,0,0,250,139
GHCND:USW00023063,EAGLE CO AIRPORT CO US,20070807,-9999,0,0,228,128
GHCND:USW00023063,EAGLE CO AIRPORT CO US,20070808,-9999,0,0,228,111
GHCND:USW00023063,EAGLE CO AIRPORT CO US,20070809,-9999,0,0,278,89
GHCND:USW00023063,EAGLE CO AIRPORT CO US,20070810,-9999,0,0,311,128
GHCND:USW00023063,EAGLE CO AIRPORT CO US,20070811,-9999,0,0,289,111
GHCND:USW00023063,EAGLE CO AIRPORT CO US,20070812,-9999,0,0,311,139
GHCND:USW00023063,EAGLE CO AIRPORT CO US,20070813,-9999,0,0,289,122
GHCND:USW00023063,EAGLE CO AIRPORT CO US,20070814,-9999,0,0,311,150
GHCND:USW00023063,EAGLE CO AIRPORT CO US,20070815,-9999,0,0,300,139
GHCND:USW00023063,EAGLE CO AIRPORT CO US,20070816,-9999,0,0,278,122
GHCND:USW00023063,EAGLE CO AIRPORT CO US,20070817,-9999,0,0,289,128
GHCND:USW00023063,EAGLE CO AIRPORT CO US,20070818,-9999,0,0,278,139
GHCND:USW00023063,EAGLE CO AIRPORT CO US,20070819,-9999,0,0,272,122
GHCND:USW00023063,EAGLE CO AIRPORT CO US,20070820,0,0,0,-9999,-9999
GHCND:USW00023063,EAGLE CO AIRPORT CO US,20070821,0,0,0,300,78
GHCND:USW00023063,EAGLE CO AIRPORT CO US,20070822,0,0,0,322,89
GHCND:USW00023063,EAGLE CO AIRPORT CO US,20070823,-9999,0,0,311,100
GHCND:USW00023063,EAGLE CO AIRPORT CO US,20070824,-9999,0,0,272,122
GHCND:USW00023063,EAGLE CO AIRPORT CO US,20070825,-9999,0,0,272,72
GHCND:USW00023063,EAGLE CO AIRPORT CO US,20070826,-9999,0,0,311,78
GHCND:USW00023063,EAGLE CO AIRPORT CO US,20070827,-9999,0,0,311,128
GHCND:USW00023063,EAGLE CO AIRPORT CO US,20070828,-9999,0,0,211,128
GHCND:USW00023063,EAGLE CO AIRPORT CO US,20070829,-9999,0,0,272,89
GHCND:USW00023063,EAGLE CO AIRPORT CO US,20070830,-9999,0,0,278,89
GHCND:USW00023063,EAGLE CO AIRPORT CO US,20070831,-9999,0,0,278,100
GHCND:USW00023063,EAGLE CO AIRPORT CO US,20070901,-9999,0,0,272,139
GHCND:USW00023063,EAGLE CO AIRPORT CO US,20070902,-9999,0,0,272,122
GHCND:USW00023063,EAGLE CO AIRPORT CO US,20070903,-9999,0,0,278,111
GHCND:USW00023063,EAGLE CO AIRPORT CO US,20070904,-9999,0,0,278,111
GHCND:USW00023063,EAGLE CO AIRPORT CO US,20070905,-9999,0,0,289,139
GHCND:USW00023063,EAGLE CO AIRPORT CO US,20070906,-9999,0,0,289,122
GHCND:USW00023063,EAGLE CO AIRPORT CO US,20070907,-9999,0,0,228,72
GHCND:USW00023063,EAGLE CO AIRPORT CO US,20070908,0,0,0,261,61
GHCND:USW00023063,EAGLE CO AIRPORT CO US,20070909,0,0,0,261,61
GHCND:USW00023063,EAGLE CO AIRPORT CO US,20070910,-9999,0,0,278,78
GHCND:USW00023063,EAGLE CO AIRPORT CO US,20070911,-9999,0,0,239,22
GHCND:USW00023063,EAGLE CO AIRPORT CO US,20070912,-9999,0,0,261,72
GHCND:USW00023063,EAGLE CO AIRPORT CO US,20070913,-9999,0,0,250,61
GHCND:USW00023063,EAGLE CO AIRPORT CO US,20070914,0,0,0,272,72
GHCND:USW00023063,EAGLE CO AIRPORT CO US,20070915,-9999,0,0,-9999,-9999
GHCND:USW00023063,EAGLE CO AIRPORT CO US,20070916,-9999,0,0,200,89
GHCND:USW00023063,EAGLE CO AIRPORT CO US,20070917,-9999,0,0,161,89
GHCND:USW00023063,EAGLE CO AIRPORT CO US,20070918,-9999,0,0,161,28
GHCND:USW00023063,EAGLE CO AIRPORT CO US,20070919,0,0,0,-9999,28
GHCND:USW00023063,EAGLE CO AIRPORT CO US,20070920,-9999,0,0,239,39
GHCND:USW00023063,EAGLE CO AIRPORT CO US,20070921,-9999,0,0,250,72
GHCND:USW00023063,EAGLE CO AIRPORT CO US,20070922,-9999,0,0,239,61
GHCND:USW00023063,EAGLE CO AIRPORT CO US,20070923,-9999,0,0,261,128
GHCND:USW00023063,EAGLE CO AIRPORT CO US,20070924,-9999,0,0,161,61
GHCND:USW00023063,EAGLE CO AIRPORT CO US,20070925,-9999,0,0,111,0
GHCND:USW00023063,EAGLE CO AIRPORT CO US,20070926,0,0,0,161,0
GHCND:USW00023063,EAGLE CO AIRPORT CO US,20070927,0,0,0,178,0
GHCND:USW00023063,EAGLE CO AIRPORT CO US,20070928,-9999,0,0,222,28
GHCND:USW00023063,EAGLE CO AIRPORT CO US,20070929,-9999,0,0,250,78
GHCND:USW00023063,EAGLE CO AIRPORT CO US,20070930,-9999,0,0,200,22
GHCND:USW00023063,EAGLE CO AIRPORT CO US,20071001,-9999,0,0,161,-11
GHCND:USW00023063,EAGLE CO AIRPORT CO US,20071002,-9999,0,0,211,61
GHCND:USW00023063,EAGLE CO AIRPORT CO US,20071003,-9999,0,0,161,0
GHCND:USW00023063,EAGLE CO AIRPORT CO US,20071004,0,0,0,200,22
GHCND:USW00023063,EAGLE CO AIRPORT CO US,20071005,-9999,0,0,222,72
GHCND:USW00023063,EAGLE CO AIRPORT CO US,20071006,-9999,0,0,222,89
GHCND:USW00023063,EAGLE CO AIRPORT CO US,20071007,-9999,0,0,172,-28
GHCND:USW00023063,EAGLE CO AIRPORT CO US,20071008,-9999,0,0,89,-28
GHCND:USW00023063,EAGLE CO AIRPORT CO US,20071009,-9999,0,0,172,-11
GHCND:USW00023063,EAGLE CO AIRPORT CO US,20071010,-9999,0,0,211,11
GHCND:USW00023063,EAGLE CO AIRPORT CO US,20071011,-9999,0,0,228,22
GHCND:USW00023063,EAGLE CO AIRPORT CO US,20071012,0,0,0,228,0
GHCND:USW00023063,EAGLE CO AIRPORT CO US,20071013,0,0,0,228,39
GHCND:USW00023063,EAGLE CO AIRPORT CO US,20071014,-9999,0,0,150,39
GHCND:USW00023063,EAGLE CO AIRPORT CO US,20071015,-9999,0,0,72,28
GHCND:USW00023063,EAGLE CO AIRPORT CO US,20071016,-9999,0,0,128,-22
GHCND:USW00023063,EAGLE CO AIRPORT CO US,20071017,-9999,0,0,150,28
GHCND:USW00023063,EAGLE CO AIRPORT CO US,20071018,-9999,0,0,78,-28
GHCND:USW00023063,EAGLE CO AIRPORT CO US,20071019,-9999,0,0,61,-11
GHCND:USW00023063,EAGLE CO AIRPORT CO US,20071020,-9999,0,0,161,-11
GHCND:USW00023063,EAGLE CO AIRPORT CO US,20071021,-9999,0,0,172,-22
GHCND:USW00023063,EAGLE CO AIRPORT CO US,20071022,0,-9999,0,-9999,-72
GHCND:USW00023063,EAGLE CO AIRPORT CO US,20071023,0,0,0,50,-39
GHCND:USW00023063,EAGLE CO AIRPORT CO US,20071024,0,0,0,-9999,-9999
GHCND:USW00023063,EAGLE CO AIRPORT CO US,20071025,-9999,0,0,150,-28
GHCND:USW00023063,EAGLE CO AIRPORT CO US,20071026,-9999,0,0,172,-28
GHCND:USW00023063,EAGLE CO AIRPORT CO US,20071027,-9999,0,0,189,-28
GHCND:USW00023063,EAGLE CO AIRPORT CO US,20071028,-9999,0,0,178,-22
GHCND:USW00023063,EAGLE CO AIRPORT CO US,20071029,-9999,0,0,178,-28
GHCND:USW00023063,EAGLE CO AIRPORT CO US,20071030,0,0,0,189,0
GHCND:USW00023063,EAGLE CO AIRPORT CO US,20071031,-9999,0,0,172,39
GHCND:USW00023063,EAGLE CO AIRPORT CO US,20071101,-9999,0,0,122,-28
GHCND:USW00023063,EAGLE CO AIRPORT CO US,20071102,-9999,0,0,150,-28
GHCND:USW00023063,EAGLE CO AIRPORT CO US,20071103,0,0,0,139,-72
GHCND:USW00023063,EAGLE CO AIRPORT CO US,20071104,0,0,0,-9999,-9999
GHCND:USW00023063,EAGLE CO AIRPORT CO US,20071105,-9999,0,0,172,-50
GHCND:USW00023063,EAGLE CO AIRPORT CO US,20071106,-9999,0,0,172,-61
GHCND:USW00023063,EAGLE CO AIRPORT CO US,20071107,-9999,0,0,178,-61
GHCND:USW00023063,EAGLE CO AIRPORT CO US,20071108,-9999,0,0,172,-61
GHCND:USW00023063,EAGLE CO AIRPORT CO US,20071109,0,0,0,172,-61
GHCND:USW00023063,EAGLE CO AIRPORT CO US,20071110,0,0,0,122,-28
GHCND:USW00023063,EAGLE CO AIRPORT CO US,20071111,0,0,0,178,-28
GHCND:USW00023063,EAGLE CO AIRPORT CO US,20071112,-9999,0,0,172,39
GHCND:USW00023063,EAGLE CO AIRPORT CO US,20071113,-9999,0,0,100,-39
GHCND:USW00023063,EAGLE CO AIRPORT CO US,20071114,-9999,0,0,150,50
GHCND:USW00023063,EAGLE CO AIRPORT CO US,20071115,-9999,0,0,111,-111
GHCND:USW00023063,EAGLE CO AIRPORT CO US,20071116,-9999,0,0,128,-61
GHCND:USW00023063,EAGLE CO AIRPORT CO US,20071117,-9999,0,0,150,-39
GHCND:USW00023063,EAGLE CO AIRPORT CO US,20071118,-9999,0,0,100,-39
GHCND:USW00023063,EAGLE CO AIRPORT CO US,20071119,-9999,0,0,189,-61
GHCND:USW00023063,EAGLE CO AIRPORT CO US,20071120,0,0,0,189,11
GHCND:USW00023063,EAGLE CO AIRPORT CO US,20071121,-9999,-9999,-9999,161,-50
GHCND:USW00023063,EAGLE CO AIRPORT CO US,20071122,-9999,-9999,-9999,11,-161
GHCND:USW00023063,EAGLE CO AIRPORT CO US,20071123,-9999,-9999,-9999,-11,-122
GHCND:USW00023063,EAGLE CO AIRPORT CO US,20071124,-9999,-9999,-9999,-11,-150
GHCND:USW00023063,EAGLE CO AIRPORT CO US,20071125,-9999,-9999,0,22,-139
GHCND:USW00023063,EAGLE CO AIRPORT CO US,20071126,-9999,-9999,-9999,39,-111
GHCND:USW00023063,EAGLE CO AIRPORT CO US,20071127,-9999,-9999,-9999,50,-122
GHCND:USW00023063,EAGLE CO AIRPORT CO US,20071128,-9999,-9999,-9999,89,-39
GHCND:USW00023063,EAGLE CO AIRPORT CO US,20071129,-9999,-9999,-9999,39,-128
GHCND:USW00023063,EAGLE CO AIRPORT CO US,20071130,-9999,-9999,-9999,22,-111
GHCND:USW00023063,EAGLE CO AIRPORT CO US,20071201,-9999,-9999,-9999,-11,-28
GHCND:USW00023063,EAGLE CO AIRPORT CO US,20071202,-9999,-9999,-9999,39,-61
GHCND:USW00023063,EAGLE CO AIRPORT CO US,20071203,-9999,-9999,-9999,11,-122
GHCND:USW00023063,EAGLE CO AIRPORT CO US,20071204,-9999,-9999,-9999,28,-89
GHCND:USW00023063,EAGLE CO AIRPORT CO US,20071205,-9999,-9999,-9999,61,-39
GHCND:USW00023063,EAGLE CO AIRPORT CO US,20071206,-9999,-9999,-9999,61,11
GHCND:USW00023063,EAGLE CO AIRPORT CO US,20071207,-9999,-9999,-9999,39,0
GHCND:USW00023063,EAGLE CO AIRPORT CO US,20071208,-9999,-9999,-9999,22,-28
GHCND:USW00023063,EAGLE CO AIRPORT CO US,20071209,-9999,-9999,-9999,22,-39
GHCND:USW00023063,EAGLE CO AIRPORT CO US,20071210,-9999,-9999,-9999,11,-122
GHCND:USW00023063,EAGLE CO AIRPORT CO US,20071211,-9999,-9999,-9999,-39,-61
GHCND:USW00023063,EAGLE CO AIRPORT CO US,20071212,-9999,-9999,-9999,-39,-89
GHCND:USW00023063,EAGLE CO AIRPORT CO US,20071213,-9999,-9999,-9999,-22,-122
GHCND:USW00023063,EAGLE CO AIRPORT CO US,20071214,-9999,-9999,-9999,-50,-89
GHCND:USW00023063,EAGLE CO AIRPORT CO US,20071215,-9999,-9999,-9999,-61,-189
GHCND:USW00023063,EAGLE CO AIRPORT CO US,20071216,-9999,-9999,-9999,-89,-111
GHCND:USW00023063,EAGLE CO AIRPORT CO US,20071217,-9999,-9999,-9999,-11,-172
GHCND:USW00023063,EAGLE CO AIRPORT CO US,20071218,-9999,-9999,-9999,-22,-111
GHCND:USW00023063,EAGLE CO AIRPORT CO US,20071219,-9999,-9999,-9999,28,-39
GHCND:USW00023063,EAGLE CO AIRPORT CO US,20071220,-9999,-9999,-9999,39,-61
GHCND:USW00023063,EAGLE CO AIRPORT CO US,20071221,-9999,-9999,-9999,0,-39
GHCND:USW00023063,EAGLE CO AIRPORT CO US,20071222,-9999,-9999,-9999,-11,-150
GHCND:USW00023063,EAGLE CO AIRPORT CO US,20071223,-9999,-9999,-9999,-61,-111
GHCND:USW00023063,EAGLE CO AIRPORT CO US,20071224,-9999,-9999,-9999,-28,-139
GHCND:USW00023063,EAGLE CO AIRPORT CO US,20071225,-9999,-9999,-9999,-9999,-72
GHCND:USW00023063,EAGLE CO AIRPORT CO US,20071226,-9999,-9999,-9999,-28,-189
GHCND:USW00023063,EAGLE CO AIRPORT CO US,20071227,-9999,-9999,-9999,11,-111
GHCND:USW00023063,EAGLE CO AIRPORT CO US,20071228,-9999,-9999,-9999,-111,-250
GHCND:USW00023063,EAGLE CO AIRPORT CO US,20071229,-9999,-9999,-9999,-111,-172
GHCND:USW00023063,EAGLE CO AIRPORT CO US,20080101,-9999,-9999,-9999,-72,-261
GHCND:USW00023063,EAGLE CO AIRPORT CO US,20080102,-9999,-9999,-9999,-122,-239
GHCND:USW00023063,EAGLE CO AIRPORT CO US,20080103,-9999,-9999,-9999,-111,-222
GHCND:USW00023063,EAGLE CO AIRPORT CO US,20080104,-9999,-9999,-9999,-78,-122
GHCND:USW00023063,EAGLE CO AIRPORT CO US,20080105,-9999,-9999,-9999,61,22
GHCND:USW00023063,EAGLE CO AIRPORT CO US,20080106,-9999,-9999,-9999,61,-39
GHCND:USW00023063,EAGLE CO AIRPORT CO US,20080107,-9999,-9999,-9999,-11,-61
GHCND:USW00023063,EAGLE CO AIRPORT CO US,20080108,-9999,-9999,-9999,-9999,-172
GHCND:USW00023063,EAGLE CO AIRPORT CO US,20080109,-9999,-9999,-9999,-50,-72
GHCND:USW00023063,EAGLE CO AIRPORT CO US,20080110,-9999,-9999,-9999,-11,-139
GHCND:USW00023063,EAGLE CO AIRPORT CO US,20080111,-9999,-9999,-9999,-28,-72
GHCND:USW00023063,EAGLE CO AIRPORT CO US,20080112,-9999,-9999,-9999,-11,-128
GHCND:USW00023063,EAGLE CO AIRPORT CO US,20080113,-9999,-9999,-9999,-22,-161
GHCND:USW00023063,EAGLE CO AIRPORT CO US,20080114,-9999,-9999,-9999,-22,-189
GHCND:USW00023063,EAGLE CO AIRPORT CO US,20080115,-9999,-9999,-9999,-72,-211
GHCND:USW00023063,EAGLE CO AIRPORT CO US,20080116,-9999,-9999,-9999,-9999,-161
GHCND:USW00023063,EAGLE CO AIRPORT CO US,20080117,-9999,-9999,-9999,-89,-250
GHCND:USW00023063,EAGLE CO AIRPORT CO US,20080118,-9999,-9999,-9999,-122,-211
GHCND:USW00023063,EAGLE CO AIRPORT CO US,20080119,-9999,-9999,-9999,-100,-222
GHCND:USW00023063,EAGLE CO AIRPORT CO US,20080120,-9999,-9999,-9999,-39,-139
GHCND:USW00023063,EAGLE CO AIRPORT CO US,20080121,-9999,-9999,-9999,22,-111
GHCND:USW00023063,EAGLE CO AIRPORT CO US,20080122,-9999,-9999,-9999,-11,-78
GHCND:USW00023063,EAGLE CO AIRPORT CO US,20080123,-9999,-9999,-9999,-11,-111
GHCND:USW00023063,EAGLE CO AIRPORT CO US,20080124,-9999,-9999,-9999,-11,-178
GHCND:USW00023063,EAGLE CO AIRPORT CO US,20080125,-9999,-9999,-9999,-9999,-89
GHCND:USW00023063,EAGLE CO AIRPORT CO US,20080126,-9999,-9999,-9999,0,-39
GHCND:USW00023063,EAGLE CO AIRPORT CO US,20080127,-9999,-9999,-9999,28,-150
GHCND:USW00023063,EAGLE CO AIRPORT CO US,20080128,-9999,-9999,-9999,-28,-39
GHCND:USW00023063,EAGLE CO AIRPORT CO US,20080129,-9999,-9999,-9999,22,-128
GHCND:USW00023063,EAGLE CO AIRPORT CO US,20080130,-9999,-9999,-9999,-72,-100
GHCND:USW00023063,EAGLE CO AIRPORT CO US,20080131,-9999,-9999,-9999,-50,-228
GHCND:USW00023063,EAGLE CO AIRPORT CO US,20080201,-9999,-9999,-9999,-72,-111
GHCND:USW00023063,EAGLE CO AIRPORT CO US,20080202,-9999,-9999,-9999,-28,-161
GHCND:USW00023063,EAGLE CO AIRPORT CO US,20080203,-9999,-9999,-9999,-72,-178
GHCND:USW00023063,EAGLE CO AIRPORT CO US,20080204,-9999,-9999,-9999,11,-89
GHCND:USW00023063,EAGLE CO AIRPORT CO US,20080205,-9999,-9999,-9999,-22,-111
GHCND:USW00023063,EAGLE CO AIRPORT CO US,20080206,-9999,-9999,-9999,-39,-228
GHCND:USW00023063,EAGLE CO AIRPORT CO US,20080207,-9999,-9999,-9999,-9999,-211
GHCND:USW00023063,EAGLE CO AIRPORT CO US,20080208,-9999,-9999,-9999,-22,-78
GHCND:USW00023063,EAGLE CO AIRPORT CO US,20080209,-9999,-9999,-9999,-22,-28
GHCND:USW00023063,EAGLE CO AIRPORT CO US,20080210,-9999,-9999,-9999,39,-128
GHCND:USW00023063,EAGLE CO AIRPORT CO US,20080211,-9999,-9999,-9999,-9999,-78
GHCND:USW00023063,EAGLE CO AIRPORT CO US,20080212,-9999,-9999,-9999,28,-39
GHCND:USW00023063,EAGLE CO AIRPORT CO US,20080213,-9999,-9999,-9999,28,-22
GHCND:USW00023063,EAGLE CO AIRPORT CO US,20080214,-9999,-9999,-9999,89,11
GHCND:USW00023063,EAGLE CO AIRPORT CO US,20080215,-9999,-9999,-9999,61,-28
GHCND:USW00023063,EAGLE CO AIRPORT CO US,20080216,-9999,-9999,-9999,39,-122
GHCND:USW00023063,EAGLE CO AIRPORT CO US,20080217,-9999,-9999,-9999,11,-122
GHCND:USW00023063,EAGLE CO AIRPORT CO US,20080218,-9999,-9999,-9999,-11,-128
GHCND:USW00023063,EAGLE CO AIRPORT CO US,20080219,0,-9999,0,22,-139
GHCND:USW00023063,EAGLE CO AIRPORT CO US,20080220,0,-9999,0,22,-128
GHCND:USW00023063,EAGLE CO AIRPORT CO US,20080221,-9999,-9999,-9999,22,-78
GHCND:USW00023063,EAGLE CO AIRPORT CO US,20080222,-9999,-9999,-9999,39,-39
GHCND:USW00023063,EAGLE CO AIRPORT CO US,20080223,-9999,-9999,-9999,28,-28
GHCND:USW00023063,EAGLE CO AIRPORT CO US,20080224,-9999,-9999,-9999,28,-39
GHCND:USW00023063,EAGLE CO AIRPORT CO US,20080226,-9999,-9999,-9999,28,-39
GHCND:USW00023063,EAGLE CO AIRPORT CO US,20080227,-9999,-9999,-9999,61,-100
GHCND:USW00023063,EAGLE CO AIRPORT CO US,20080228,-9999,-9999,-9999,61,-39
GHCND:USW00023063,EAGLE CO AIRPORT CO US,20080229,-9999,-9999,-9999,89,-61
GHCND:USW00023063,EAGLE CO AIRPORT CO US,20080301,0,-9999,0,-9999,-9999
GHCND:USW00023063,EAGLE CO AIRPORT CO US,20080302,-9999,-9999,-9999,139,-39
GHCND:USW00023063,EAGLE CO AIRPORT CO US,20080303,-9999,-9999,-9999,78,-172
GHCND:USW00023063,EAGLE CO AIRPORT CO US,20080304,-9999,-9999,-9999,-22,-111
GHCND:USW00023063,EAGLE CO AIRPORT CO US,20080305,-9999,-9999,-9999,72,-122
GHCND:USW00023063,EAGLE CO AIRPORT CO US,20080306,-9999,-9999,-9999,-11,-150
GHCND:USW00023063,EAGLE CO AIRPORT CO US,20080308,-9999,-9999,-9999,28,-61
GHCND:USW00023063,EAGLE CO AIRPORT CO US,20080309,-9999,-9999,-9999,28,-61
GHCND:USW00023063,EAGLE CO AIRPORT CO US,20080310,-9999,-9999,-9999,61,-39
GHCND:USW00023063,EAGLE CO AIRPORT CO US,20080311,-9999,-9999,-9999,50,-78
GHCND:USW00023063,EAGLE CO AIRPORT CO US,20080312,-9999,-9999,-9999,72,-50
GHCND:USW00023063,EAGLE CO AIRPORT CO US,20080313,-9999,-9999,-9999,78,-61
GHCND:USW00023063,EAGLE CO AIRPORT CO US,20080315,-9999,-9999,-9999,22,-89
GHCND:USW00023063,EAGLE CO AIRPORT CO US,20080316,-9999,-9999,-9999,50,-72
GHCND:USW00023063,EAGLE CO AIRPORT CO US,20080317,-9999,-9999,-9999,61,-22
GHCND:USW00023063,EAGLE CO AIRPORT CO US,20080318,-9999,-9999,-9999,72,-61
GHCND:USW00023063,EAGLE CO AIRPORT CO US,20080319,-9999,-9999,-9999,50,-78
GHCND:USW00023063,EAGLE CO AIRPORT CO US,20080320,-9999,-9999,-9999,89,-50
GHCND:USW00023063,EAGLE CO AIRPORT CO US,20080321,-9999,-9999,-9999,78,-22
GHCND:USW00023063,EAGLE CO AIRPORT CO US,20080322,-9999,-9999,-9999,78,-28
GHCND:USW00023063,EAGLE CO AIRPORT CO US,20080323,-9999,-9999,-9999,61,-100
GHCND:USW00023063,EAGLE CO AIRPORT CO US,20080324,-9999,-9999,-9999,78,-72
GHCND:USW00023063,EAGLE CO AIRPORT CO US,20080325,-9999,-9999,-9999,128,-28
GHCND:USW00023063,EAGLE CO AIRPORT CO US,20080326,-9999,-9999,-9999,128,-28
GHCND:USW00023063,EAGLE CO AIRPORT CO US,20080327,-9999,-9999,-9999,161,28
GHCND:USW00023063,EAGLE CO AIRPORT CO US,20080328,-9999,-9999,-9999,111,-72
GHCND:USW00023063,EAGLE CO AIRPORT CO US,20080329,-9999,-9999,-9999,89,22
GHCND:USW00023063,EAGLE CO AIRPORT CO US,20080330,-9999,-9999,-9999,122,22
GHCND:USW00023063,EAGLE CO AIRPORT CO US,20080331,-9999,-9999,-9999,128,-11
GHCND:USW00023063,EAGLE CO AIRPORT CO US,20080401,-9999,-9999,-9999,22,-122
GHCND:USW00023063,EAGLE CO AIRPORT CO US,20080402,-9999,-9999,-9999,61,-22
GHCND:USW00023063,EAGLE CO AIRPORT CO US,20080403,-9999,-9999,-9999,122,11
GHCND:USW00023063,EAGLE CO AIRPORT CO US,20080404,-9999,-9999,-9999,39,-61
GHCND:USW00023063,EAGLE CO AIRPORT CO US,20080405,-9999,-9999,-9999,100,-39
GHCND:USW00023063,EAGLE CO AIRPORT CO US,20080406,-9999,-9999,-9999,78,-22
GHCND:USW00023063,EAGLE CO AIRPORT CO US,20080407,-9999,-9999,-9999,-9999,0
GHCND:USW00023063,EAGLE CO AIRPORT CO US,20080408,-9999,-9999,-9999,-9999,-39
GHCND:USW00023063,EAGLE CO AIRPORT CO US,20080409,-9999,-9999,-9999,89,0
GHCND:USW00023063,EAGLE CO AIRPORT CO US,20080410,-9999,-9999,-9999,78,-11
GHCND:USW00023063,EAGLE CO AIRPORT CO US,20080411,-9999,-9999,-9999,50,-22
GHCND:USW00023063,EAGLE CO AIRPORT CO US,20080412,-9999,-9999,-9999,22,-78
GHCND:USW00023063,EAGLE CO AIRPORT CO US,20080413,-9999,-9999,-9999,78,-28
GHCND:USW00023063,EAGLE CO AIRPORT CO US,20080414,-9999,-9999,-9999,139,-28
GHCND:USW00023063,EAGLE CO AIRPORT CO US,20080415,-9999,-9999,-9999,178,-11
GHCND:USW00023063,EAGLE CO AIRPORT CO US,20080416,-9999,-9999,-9999,200,-11
GHCND:USW00023063,EAGLE CO AIRPORT CO US,20080417,-9999,-9999,-9999,72,-28
GHCND:USW00023063,EAGLE CO AIRPORT CO US,20080418,-9999,-9999,-9999,72,-61
GHCND:USW00023063,EAGLE CO AIRPORT CO US,20080419,-9999,-9999,-9999,139,-22
GHCND:USW00023063,EAGLE CO AIRPORT CO US,20080420,-9999,-9999,-9999,211,39
GHCND:USW00023063,EAGLE CO AIRPORT CO US,20080421,-9999,-9999,-9999,-9999,-28
GHCND:USW00023063,EAGLE CO AIRPORT CO US,20080422,-9999,-9999,-9999,139,-39
GHCND:USW00023063,EAGLE CO AIRPORT CO US,20080423,-9999,-9999,-9999,178,-28
GHCND:USW00023063,EAGLE CO AIRPORT CO US,20080424,-9999,-9999,-9999,189,11
GHCND:USW00023063,EAGLE CO AIRPORT CO US,20080425,-9999,-9999,-9999,139,-28
GHCND:USW00023063,EAGLE CO AIRPORT CO US,20080427,-9999,-9999,-9999,-9999,-72
GHCND:USW00023063,EAGLE CO AIRPORT CO US,20080428,-9999,-9999,-9999,-9999,-39
GHCND:USW00023063,EAGLE CO AIRPORT CO US,20080429,-9999,-9999,-9999,178,-11
GHCND:USW00023063,EAGLE CO AIRPORT CO US,20080430,-9999,-9999,-9999,211,39
GHCND:USW00023063,EAGLE CO AIRPORT CO US,20080501,-9999,-9999,-9999,189,-11
GHCND:USW00023063,EAGLE CO AIRPORT CO US,20080502,-9999,-9999,-9999,28,-22
GHCND:USW00023063,EAGLE CO AIRPORT CO US,20080503,-9999,-9999,-9999,61,-61
GHCND:USW00023063,EAGLE CO AIRPORT CO US,20080504,-9999,-9999,-9999,128,-39
GHCND:USW00023063,EAGLE CO AIRPORT CO US,20080505,-9999,-9999,-9999,172,-11
GHCND:USW00023063,EAGLE CO AIRPORT CO US,20080506,-9999,-9999,-9999,-9999,22
GHCND:USW00023063,EAGLE CO AIRPORT CO US,20080507,-9999,-9999,-9999,-9999,28
GHCND:USW00023063,EAGLE CO AIRPORT CO US,20080508,-9999,-9999,-9999,-9999,61
GHCND:USW00023063,EAGLE CO AIRPORT CO US,20080509,-9999,-9999,-9999,122,11
GHCND:USW00023063,EAGLE CO AIRPORT CO US,20080510,-9999,-9999,-9999,172,22
GHCND:USW00023063,EAGLE CO AIRPORT CO US,20080511,-9999,-9999,-9999,-9999,-28
GHCND:USW00023063,EAGLE CO AIRPORT CO US,20080512,-9999,-9999,-9999,-9999,22
GHCND:USW00023063,EAGLE CO AIRPORT CO US,20080513,-9999,-9999,-9999,178,11
GHCND:USW00023063,EAGLE CO AIRPORT CO US,20080514,-9999,-9999,-9999,78,11
GHCND:USW00023063,EAGLE CO AIRPORT CO US,20080515,-9999,-9999,-9999,122,50
GHCND:USW00023063,EAGLE CO AIRPORT CO US,20080516,-9999,-9999,-9999,139,22
GHCND:USW00023063,EAGLE CO AIRPORT CO US,20080517,-9999,-9999,-9999,178,22
GHCND:USW00023063,EAGLE CO AIRPORT CO US,20080518,-9999,-9999,-9999,228,28
GHCND:USW00023063,EAGLE CO AIRPORT CO US,20080519,0,-9999,0,250,39
GHCND:USW00023063,EAGLE CO AIRPORT CO US,20080520,0,-9999,0,261,61
GHCND:USW00023063,EAGLE CO AIRPORT CO US,20080521,-9999,-9999,-9999,272,-9999
GHCND:USW00023063,EAGLE CO AIRPORT CO US,20080522,-9999,-9999,-9999,239,50
GHCND:USW00023063,EAGLE CO AIRPORT CO US,20080523,-9999,-9999,-9999,111,11
GHCND:USW00023063,EAGLE CO AIRPORT CO US,20080524,-9999,-9999,-9999,128,11
GHCND:USW00023063,EAGLE CO AIRPORT CO US,20080525,-9999,-9999,-9999,128,22
GHCND:USW00023063,EAGLE CO AIRPORT CO US,20080526,-9999,-9999,-9999,-9999,28
GHCND:USW00023063,EAGLE CO AIRPORT CO US,20080527,-9999,-9999,-9999,200,39
GHCND:USW00023063,EAGLE CO AIRPORT CO US,20080528,-9999,-9999,-9999,222,72
GHCND:USW00023063,EAGLE CO AIRPORT CO US,20080529,-9999,-9999,-9999,239,-9999
GHCND:USW00023063,EAGLE CO AIRPORT CO US,20080530,-9999,-9999,-9999,211,0
GHCND:USW00023063,EAGLE CO AIRPORT CO US,20080531,-9999,-9999,-9999,222,22
GHCND:USW00023063,EAGLE CO AIRPORT CO US,20080601,-9999,-9999,-9999,250,28
GHCND:USW00023063,EAGLE CO AIRPORT CO US,20080602,-9999,-9999,-9999,272,39
GHCND:USW00023063,EAGLE CO AIRPORT CO US,20080603,-9999,-9999,-9999,272,72
GHCND:USW00023063,EAGLE CO AIRPORT CO US,20080604,-9999,-9999,-9999,222,78
GHCND:USW00023063,EAGLE CO AIRPORT CO US,20080605,-9999,-9999,-9999,172,39
GHCND:USW00023063,EAGLE CO AIRPORT CO US,20080606,-9999,-9999,-9999,122,50
GHCND:USW00023063,EAGLE CO AIRPORT CO US,20080607,-9999,-9999,-9999,222,72
GHCND:USW00023063,EAGLE CO AIRPORT CO US,20080608,-9999,-9999,-9999,228,50
GHCND:USW00023063,EAGLE CO AIRPORT CO US,20080609,-9999,-9999,-9999,178,0
GHCND:USW00023063,EAGLE CO AIRPORT CO US,20080610,-9999,-9999,-9999,200,11
GHCND:USW00023063,EAGLE CO AIRPORT CO US,20080611,-9999,-9999,-9999,272,61
GHCND:USW00023063,EAGLE CO AIRPORT CO US,20080612,-9999,-9999,-9999,161,11
GHCND:USW00023063,EAGLE CO AIRPORT CO US,20080613,0,-9999,0,-9999,-11
GHCND:USW00023063,EAGLE CO AIRPORT CO US,20080614,0,-9999,0,-9999,11
GHCND:USW00023063,EAGLE CO AIRPORT CO US,20080615,-9999,-9999,-9999,272,22
GHCND:USW00023063,EAGLE CO AIRPORT CO US,20080616,0,-9999,0,289,72
GHCND:USW00023063,EAGLE CO AIRPORT CO US,20080617,-9999,-9999,-9999,300,72
GHCND:USW00023063,EAGLE CO AIRPORT CO US,20080618,-9999,-9999,-9999,278,72
GHCND:USW00023063,EAGLE CO AIRPORT CO US,20080619,-9999,-9999,-9999,289,100
GHCND:USW00023063,EAGLE CO AIRPORT CO US,20080620,-9999,-9999,-9999,278,61
GHCND:USW00023063,EAGLE CO AIRPORT CO US,20080621,-9999,-9999,-9999,272,50
GHCND:USW00023063,EAGLE CO AIRPORT CO US,20080622,-9999,-9999,-9999,278,61
GHCND:USW00023063,EAGLE CO AIRPORT CO US,20080624,-9999,-9999,-9999,-9999,72
GHCND:USW00023063,EAGLE CO AIRPORT CO US,20080625,-9999,-9999,-9999,-9999,61
GHCND:USW00023063,EAGLE CO AIRPORT CO US,20080627,-9999,-9999,-9999,278,72
GHCND:USW00023063,EAGLE CO AIRPORT CO US,20080628,-9999,-9999,-9999,289,72
GHCND:USW00023063,EAGLE CO AIRPORT CO US,20080629,-9999,-9999,-9999,-9999,89
GHCND:USW00023063,EAGLE CO AIRPORT CO US,20080630,-9999,-9999,-9999,-9999,78
GHCND:USW00023063,EAGLE CO AIRPORT CO US,20080702,-9999,-9999,-9999,-9999,78
GHCND:USW00023063,EAGLE CO AIRPORT CO US,20080703,-9999,-9999,-9999,-9999,61
GHCND:USW00023063,EAGLE CO AIRPORT CO US,20080704,-9999,-9999,-9999,-9999,72
GHCND:USW00023063,EAGLE CO AIRPORT CO US,20080705,-9999,-9999,-9999,-9999,128
GHCND:USW00023063,EAGLE CO AIRPORT CO US,20080707,-9999,-9999,-9999,-9999,122
GHCND:USW00023063,EAGLE CO AIRPORT CO US,20080708,-9999,-9999,-9999,-9999,72
GHCND:USW00023063,EAGLE CO AIRPORT CO US,20080709,-9999,-9999,-9999,272,78
GHCND:USW00023063,EAGLE CO AIRPORT CO US,20080710,-9999,-9999,-9999,300,89
GHCND:USW00023063,EAGLE CO AIRPORT CO US,20080711,-9999,-9999,-9999,-9999,78
GHCND:USW00023063,EAGLE CO AIRPORT CO US,20080713,-9999,0,0,-9999,61
GHCND:USW00023063,EAGLE CO AIRPORT CO US,20080714,-9999,-9999,-9999,-9999,78
GHCND:USW00023063,EAGLE CO AIRPORT CO US,20080715,-9999,-9999,-9999,289,122
GHCND:USW00023063,EAGLE CO AIRPORT CO US,20080716,-9999,-9999,-9999,311,78
GHCND:USW00023063,EAGLE CO AIRPORT CO US,20080717,-9999,-9999,-9999,311,139
GHCND:USW00023063,EAGLE CO AIRPORT CO US,20080718,-9999,-9999,-9999,-9999,89
GHCND:USW00023063,EAGLE CO AIRPORT CO US,20080719,-9999,-9999,-9999,-9999,78
GHCND:USW00023063,EAGLE CO AIRPORT CO US,20080720,-9999,-9999,-9999,-9999,111
GHCND:USW00023063,EAGLE CO AIRPORT CO US,20080721,-9999,-9999,-9999,-9999,128
GHCND:USW00023063,EAGLE CO AIRPORT CO US,20080722,-9999,-9999,-9999,-9999,128
GHCND:USW00023063,EAGLE CO AIRPORT CO US,20080723,-9999,-9999,-9999,-9999,128
GHCND:USW00023063,EAGLE CO AIRPORT CO US,20080724,-9999,-9999,-9999,-9999,122
GHCND:USW00023063,EAGLE CO AIRPORT CO US,20080726,-9999,-9999,-9999,289,128
GHCND:USW00023063,EAGLE CO AIRPORT CO US,20080727,-9999,-9999,-9999,289,128
GHCND:USW00023063,EAGLE CO AIRPORT CO US,20080728,-9999,-9999,-9999,-9999,161
GHCND:USW00023063,EAGLE CO AIRPORT CO US,20080729,-9999,-9999,-9999,-9999,100
GHCND:USW00023063,EAGLE CO AIRPORT CO US,20080730,-9999,-9999,-9999,311,-9999
GHCND:USW00023063,EAGLE CO AIRPORT CO US,20080731,-9999,-9999,-9999,328,-9999
GHCND:USW00023063,EAGLE CO AIRPORT CO US,20080805,-9999,-9999,-9999,289,-9999
GHCND:USW00023063,EAGLE CO AIRPORT CO US,20080806,-9999,-9999,-9999,272,139
GHCND:USW00023063,EAGLE CO AIRPORT CO US,20080807,-9999,-9999,-9999,250,-9999
GHCND:USW00023063,EAGLE CO AIRPORT CO US,20080808,-9999,-9999,-9999,239,-9999
GHCND:USW00023063,EAGLE CO AIRPORT CO US,20080809,-9999,-9999,-9999,239,139
GHCND:USW00023063,EAGLE CO AIRPORT CO US,20080810,-9999,-9999,-9999,-9999,128
GHCND:USW00023063,EAGLE CO AIRPORT CO US,20080811,-9999,-9999,-9999,-9999,78
GHCND:USW00023063,EAGLE CO AIRPORT CO US,20080812,-9999,-9999,-9999,228,72
GHCND:USW00023063,EAGLE CO AIRPORT CO US,20080813,-9999,-9999,-9999,278,72
GHCND:USW00023063,EAGLE CO AIRPORT CO US,20080814,-9999,-9999,-9999,278,-9999
GHCND:USW00023063,EAGLE CO AIRPORT CO US,20080816,-9999,-9999,-9999,-9999,72
GHCND:USW00023063,EAGLE CO AIRPORT CO US,20080817,-9999,-9999,-9999,-9999,78
GHCND:USW00023063,EAGLE CO AIRPORT CO US,20080819,-9999,-9999,-9999,261,72
GHCND:USW00023063,EAGLE CO AIRPORT CO US,20080820,-9999,-9999,-9999,278,78
GHCND:USW00023063,EAGLE CO AIRPORT CO US,20080821,-9999,-9999,-9999,278,78
GHCND:USW00023063,EAGLE CO AIRPORT CO US,20080822,-9999,-9999,-9999,289,78
GHCND:USW00023063,EAGLE CO AIRPORT CO US,20080823,-9999,-9999,-9999,311,111
GHCND:USW00023063,EAGLE CO AIRPORT CO US,20080824,-9999,-9999,-9999,322,100
GHCND:USW00023063,EAGLE CO AIRPORT CO US,20080825,-9999,-9999,-9999,300,89
GHCND:USW00023063,EAGLE CO AIRPORT CO US,20080828,-9999,-9999,-9999,278,-9999
GHCND:USW00023063,EAGLE CO AIRPORT CO US,20080830,-9999,-9999,-9999,289,-9999
GHCND:USW00023063,EAGLE CO AIRPORT CO US,20080831,-9999,-9999,-9999,-9999,128
GHCND:USW00023063,EAGLE CO AIRPORT CO US,20080901,-9999,-9999,-9999,239,122
GHCND:USW00023063,EAGLE CO AIRPORT CO US,20080902,-9999,-9999,-9999,-9999,78
GHCND:USW00023063,EAGLE CO AIRPORT CO US,20080903,-9999,-9999,-9999,228,-9999
GHCND:USW00023063,EAGLE CO AIRPORT CO US,20080904,-9999,-9999,-9999,228,-9999
GHCND:USW00023063,EAGLE CO AIRPORT CO US,20080905,-9999,-9999,-9999,-9999,50
GHCND:USW00023063,EAGLE CO AIRPORT CO US,20080906,-9999,-9999,-9999,239,28
GHCND:USW00023063,EAGLE CO AIRPORT CO US,20080907,-9999,-9999,-9999,-9999,28
GHCND:USW00023063,EAGLE CO AIRPORT CO US,20080908,-9999,-9999,-9999,261,28
GHCND:USW00023063,EAGLE CO AIRPORT CO US,20080909,-9999,-9999,-9999,261,28
GHCND:USW00023063,EAGLE CO AIRPORT CO US,20080910,-9999,-9999,-9999,250,78
GHCND:USW00023063,EAGLE CO AIRPORT CO US,20080911,-9999,-9999,-9999,178,72
GHCND:USW00023063,EAGLE CO AIRPORT CO US,20080912,-9999,-9999,-9999,178,78
GHCND:USW00023063,EAGLE CO AIRPORT CO US,20080915,-9999,-9999,-9999,-9999,22
GHCND:USW00023063,EAGLE CO AIRPORT CO US,20080916,-9999,-9999,-9999,250,28
GHCND:USW00023063,EAGLE CO AIRPORT CO US,20080917,-9999,-9999,-9999,250,39
GHCND:USW00023063,EAGLE CO AIRPORT CO US,20080918,-9999,-9999,-9999,250,72
GHCND:USW00023063,EAGLE CO AIRPORT CO US,20080919,-9999,-9999,-9999,200,39
GHCND:USW00023063,EAGLE CO AIRPORT CO US,20080920,-9999,-9999,-9999,222,28
GHCND:USW00023063,EAGLE CO AIRPORT CO US,20080921,-9999,-9999,-9999,228,78
GHCND:USW00023063,EAGLE CO AIRPORT CO US,20080922,-9999,-9999,-9999,228,39
GHCND:USW00023063,EAGLE CO AIRPORT CO US,20080923,-9999,-9999,-9999,-9999,22
GHCND:USW00023063,EAGLE CO AIRPORT CO US,20080925,-9999,-9999,-9999,-9999,11
GHCND:USW00023063,EAGLE CO AIRPORT CO US,20080926,-9999,-9999,-9999,-9999,39
GHCND:USW00023063,EAGLE CO AIRPORT CO US,20080930,-9999,-9999,-9999,250,-9999
GHCND:USW00023063,EAGLE CO AIRPORT CO US,20081002,-9999,-9999,-9999,239,39
GHCND:USW00023063,EAGLE CO AIRPORT CO US,20081003,-9999,-9999,-9999,211,22
GHCND:USW00023063,EAGLE CO AIRPORT CO US,20081004,-9999,-9999,-9999,128,61
GHCND:USW00023063,EAGLE CO AIRPORT CO US,20081006,-9999,-9999,-9999,139,39
GHCND:USW00023063,EAGLE CO AIRPORT CO US,20081007,-9999,-9999,-9999,139,-28
GHCND:USW00023063,EAGLE CO AIRPORT CO US,20081008,-9999,-9999,-9999,189,28
GHCND:USW00023063,EAGLE CO AIRPORT CO US,20081010,-9999,-9999,-9999,228,-9999
GHCND:USW00023063,EAGLE CO AIRPORT CO US,20081011,-9999,-9999,-9999,189,-9999
GHCND:USW00023063,EAGLE CO AIRPORT CO US,20081012,-9999,-9999,-9999,189,22
GHCND:USW00023063,EAGLE CO AIRPORT CO US,20081013,-9999,-9999,-9999,-9999,-61
GHCND:USW00023063,EAGLE CO AIRPORT CO US,20081014,-9999,-9999,-9999,89,-50
GHCND:USW00023063,EAGLE CO AIRPORT CO US,20081015,-9999,-9999,-9999,139,-39
GHCND:USW00023063,EAGLE CO AIRPORT CO US,20081017,-9999,-9999,-9999,-9999,-22
GHCND:USW00023063,EAGLE CO AIRPORT CO US,20081018,-9999,-9999,-9999,200,-22
GHCND:USW00023063,EAGLE CO AIRPORT CO US,20081019,-9999,-9999,-9999,211,-22
GHCND:USW00023063,EAGLE CO AIRPORT CO US,20081020,-9999,-9999,-9999,189,11
GHCND:USW00023063,EAGLE CO AIRPORT CO US,20081021,-9999,-9999,-9999,-9999,0
GHCND:USW00023063,EAGLE CO AIRPORT CO US,20081022,-9999,-9999,-9999,-9999,-22
GHCND:USW00023063,EAGLE CO AIRPORT CO US,20081024,-9999,-9999,-9999,111,-50
GHCND:USW00023063,EAGLE CO AIRPORT CO US,20081025,-9999,-9999,-9999,150,-39
GHCND:USW00023063,EAGLE CO AIRPORT CO US,20081026,-9999,-9999,-9999,189,-22
GHCND:USW00023063,EAGLE CO AIRPORT CO US,20081027,-9999,-9999,-9999,172,-61
GHCND:USW00023063,EAGLE CO AIRPORT CO US,20081028,-9999,-9999,-9999,200,-39
GHCND:USW00023063,EAGLE CO AIRPORT CO US,20081029,-9999,-9999,-9999,189,-39
GHCND:USW00023063,EAGLE CO AIRPORT CO US,20081030,-9999,-9999,-9999,211,-22
GHCND:USW00023063,EAGLE CO AIRPORT CO US,20081031,-9999,-9999,-9999,211,-28
GHCND:USW00023063,EAGLE CO AIRPORT CO US,20081101,-9999,-9999,-9999,178,-22
GHCND:USW00023063,EAGLE CO AIRPORT CO US,20081102,-9999,-9999,-9999,178,-11
GHCND:USW00023063,EAGLE CO AIRPORT CO US,20081103,-9999,-9999,-9999,189,28
GHCND:USW00023063,EAGLE CO AIRPORT CO US,20081104,-9999,-9999,-9999,150,11
GHCND:USW00023063,EAGLE CO AIRPORT CO US,20081105,-9999,-9999,-9999,122,-11
GHCND:USW00023063,EAGLE CO AIRPORT CO US,20081106,-9999,-9999,-9999,22,-100
GHCND:USW00023063,EAGLE CO AIRPORT CO US,20081107,-9999,-9999,-9999,11,-128
GHCND:USW00023063,EAGLE CO AIRPORT CO US,20081108,-9999,-9999,-9999,-9999,-22
GHCND:USW00023063,EAGLE CO AIRPORT CO US,20081109,-9999,-9999,-9999,89,-9999
GHCND:USW00023063,EAGLE CO AIRPORT CO US,20081110,-9999,-9999,-9999,89,-11
GHCND:USW00023063,EAGLE CO AIRPORT CO US,20081111,-9999,-9999,-9999,-9999,0
GHCND:USW00023063,EAGLE CO AIRPORT CO US,20081112,-9999,-9999,-9999,72,11
GHCND:USW00023063,EAGLE CO AIRPORT CO US,20081113,-9999,-9999,-9999,61,28
GHCND:USW00023063,EAGLE CO AIRPORT CO US,20081114,-9999,-9999,-9999,122,22
GHCND:USW00023063,EAGLE CO AIRPORT CO US,20081115,-9999,-9999,-9999,39,-122
GHCND:USW00023063,EAGLE CO AIRPORT CO US,20081116,-9999,-9999,-9999,72,-89
GHCND:USW00023063,EAGLE CO AIRPORT CO US,20081117,-9999,-9999,-9999,-9999,-72
GHCND:USW00023063,EAGLE CO AIRPORT CO US,20081118,0,-9999,0,139,-72
GHCND:USW00023063,EAGLE CO AIRPORT CO US,20081119,0,-9999,0,161,-72
GHCND:USW00023063,EAGLE CO AIRPORT CO US,20081120,0,-9999,0,-9999,-9999
GHCND:USW00023063,EAGLE CO AIRPORT CO US,20081121,-9999,-9999,-9999,78,-78
GHCND:USW00023063,EAGLE CO AIRPORT CO US,20081122,-9999,-9999,-9999,89,-89
GHCND:USW00023063,EAGLE CO AIRPORT CO US,20081123,-9999,-9999,-9999,122,-100
GHCND:USW00023063,EAGLE CO AIRPORT CO US,20081124,-9999,-9999,-9999,89,-122
GHCND:USW00023063,EAGLE CO AIRPORT CO US,20081125,0,-9999,0,28,-122
GHCND:USW00023063,EAGLE CO AIRPORT CO US,20081126,0,-9999,0,-9999,-9999
GHCND:USW00023063,EAGLE CO AIRPORT CO US,20081127,-9999,-9999,-9999,22,-28
GHCND:USW00023063,EAGLE CO AIRPORT CO US,20081128,-9999,-9999,-9999,28,-11
GHCND:USW00023063,EAGLE CO AIRPORT CO US,20081129,-9999,-9999,-9999,39,-28
GHCND:USW00023063,EAGLE CO AIRPORT CO US,20081130,-9999,-9999,-9999,-9999,-22
GHCND:USW00023063,EAGLE CO AIRPORT CO US,20081201,-9999,-9999,-9999,-9999,-28
GHCND:USW00023063,EAGLE CO AIRPORT CO US,20081202,-9999,-9999,-9999,89,-28
GHCND:USW00023063,EAGLE CO AIRPORT CO US,20081203,-9999,-9999,-9999,128,-11
GHCND:USW00023063,EAGLE CO AIRPORT CO US,20081204,-9999,-9999,-9999,61,-11
GHCND:USW00023063,EAGLE CO AIRPORT CO US,20081205,-9999,-9999,-9999,-9999,-89
GHCND:USW00023063,EAGLE CO AIRPORT CO US,20081206,0,-9999,0,-9999,-28
GHCND:USW00023063,EAGLE CO AIRPORT CO US,20081207,-9999,-9999,-9999,78,-61
GHCND:USW00023063,EAGLE CO AIRPORT CO US,20081208,-9999,-9999,-9999,-9999,-61
GHCND:USW00023063,EAGLE CO AIRPORT CO US,20081209,-9999,-9999,-9999,50,-39
GHCND:USW00023063,EAGLE CO AIRPORT CO US,20081210,-9999,-9999,-9999,0,-122
GHCND:USW00023063,EAGLE CO AIRPORT CO US,20081211,-9999,-9999,-9999,22,-122
GHCND:USW00023063,EAGLE CO AIRPORT CO US,20081212,-9999,-9999,-9999,-11,-128
GHCND:USW00023063,EAGLE CO AIRPORT CO US,20081214,-9999,-9999,-9999,39,-72
GHCND:USW00023063,EAGLE CO AIRPORT CO US,20081215,-9999,-9999,-9999,-9999,-250
GHCND:USW00023063,EAGLE CO AIRPORT CO US,20081216,-9999,-9999,-9999,-111,-111
GHCND:USW00023063,EAGLE CO AIRPORT CO US,20081217,-9999,-9999,-9999,-22,-78
GHCND:USW00023063,EAGLE CO AIRPORT CO US,20081218,-9999,-9999,-9999,-22,-78
GHCND:USW00023063,EAGLE CO AIRPORT CO US,20081219,-9999,-9999,-9999,-11,-89
GHCND:USW00023063,EAGLE CO AIRPORT CO US,20081220,-9999,-9999,-9999,0,-89
GHCND:USW00023063,EAGLE CO AIRPORT CO US,20081221,-9999,-9999,-9999,-61,-161
GHCND:USW00023063,EAGLE CO AIRPORT CO US,20081222,-9999,-9999,-9999,-39,-72
GHCND:USW00023063,EAGLE CO AIRPORT CO US,20081223,-9999,-9999,-9999,-11,-28
GHCND:USW00023063,EAGLE CO AIRPORT CO US,20081224,-9999,-9999,-9999,-28,-178
GHCND:USW00023063,EAGLE CO AIRPORT CO US,20081225,-9999,-9999,-9999,-78,-111
GHCND:USW00023063,EAGLE CO AIRPORT CO US,20081226,-9999,-9999,-9999,0,-22
GHCND:USW00023063,EAGLE CO AIRPORT CO US,20081228,-9999,-9999,-9999,-9999,-150
GHCND:USW00023063,EAGLE CO AIRPORT CO US,20081229,-9999,-9999,-9999,-28,-111
GHCND:USW00023063,EAGLE CO AIRPORT CO US,20081230,-9999,-9999,-9999,-22,-128
GHCND:USW00023063,EAGLE CO AIRPORT CO US,20081231,-9999,-9999,-9999,28,-161
