STATION,STATION_NAME,DATE,PRCP,TMAX,TMIN,AWND,WDF2,WDF5,WSF2,WSF5,PGTM
GHCND:USW00094745,WESTCHESTER CO AIRPORT NY US,20070101,485,122,44,32,290,300,67,89,2225
GHCND:USW00094745,WESTCHESTER CO AIRPORT NY US,20070102,0,89,17,68,310,310,134,174,633
GHCND:USW00094745,WESTCHESTER CO AIRPORT NY US,20070103,0,100,-27,24,220,200,72,103,1126
GHCND:USW00094745,WESTCHESTER CO AIRPORT NY US,20070104,0,133,0,17,220,230,54,72,1428
GHCND:USW00094745,WESTCHESTER CO AIRPORT NY US,20070105,18,150,50,16,230,250,63,81,1010
GHCND:USW00094745,WESTCHESTER CO AIRPORT NY US,20070106,51,211,111,45,270,270,125,170,1826
GHCND:USW00094745,WESTCHESTER CO AIRPORT NY US,20070107,46,111,44,37,320,320,94,125,409
GHCND:USW00094745,WESTCHESTER CO AIRPORT NY US,20070108,290,117,22,45,110,270,94,125,1835
GHCND:USW00094745,WESTCHESTER CO AIRPORT NY US,20070109,0,56,-5,40,310,250,76,107,1329
GHCND:USW00094745,WESTCHESTER CO AIRPORT NY US,20070110,0,11,-27,72,310,290,125,148,1640
GHCND:USW00094745,WESTCHESTER CO AIRPORT NY US,20070111,0,22,-55,26,300,310,76,94,11
GHCND:USW00094745,WESTCHESTER CO AIRPORT NY US,20070112,0,89,0,26,220,250,58,89,716
GHCND:USW00094745,WESTCHESTER CO AIRPORT NY US,20070113,56,117,56,22,350,360,54,58,2142
GHCND:USW00094745,WESTCHESTER CO AIRPORT NY US,20070114,20,67,39,19,340,100,45,67,408
GHCND:USW00094745,WESTCHESTER CO AIRPORT NY US,20070115,23,78,33,16,100,90,58,76,735
GHCND:USW00094745,WESTCHESTER CO AIRPORT NY US,20070116,0,106,-66,67,300,310,116,148,2136
GHCND:USW00094745,WESTCHESTER CO AIRPORT NY US,20070117,0,-21,-88,42,310,290,116,148,159
GHCND:USW00094745,WESTCHESTER CO AIRPORT NY US,20070118,10,22,-77,13,160,210,45,72,1235
GHCND:USW00094745,WESTCHESTER CO AIRPORT NY US,20070119,10,39,-10,54,310,320,139,165,1431
GHCND:USW00094745,WESTCHESTER CO AIRPORT NY US,20070120,0,-10,-71,96,310,310,165,206,446
GHCND:USW00094745,WESTCHESTER CO AIRPORT NY US,20070121,0,-38,-88,27,310,320,76,103,16
GHCND:USW00094745,WESTCHESTER CO AIRPORT NY US,20070122,0,-10,-38,11,140,60,31,36,1624
GHCND:USW00094745,WESTCHESTER CO AIRPORT NY US,20070123,0,17,-49,33,310,310,76,98,331
GHCND:USW00094745,WESTCHESTER CO AIRPORT NY US,20070124,0,44,-27,33,300,300,63,76,1712
GHCND:USW00094745,WESTCHESTER CO AIRPORT NY US,20070125,0,-5,-116,44,320,320,143,183,2324
GHCND:USW00094745,WESTCHESTER CO AIRPORT NY US,20070126,0,-66,-143,78,300,310,139,165,1443
GHCND:USW00094745,WESTCHESTER CO AIRPORT NY US,20070127,0,22,-88,14,290,280,58,67,6
GHCND:USW00094745,WESTCHESTER CO AIRPORT NY US,20070128,8,50,-10,28,10,10,76,98,2337
GHCND:USW00094745,WESTCHESTER CO AIRPORT NY US,20070129,0,-10,-66,62,310,290,107,148,1121
GHCND:USW00094745,WESTCHESTER CO AIRPORT NY US,20070130,0,6,-77,30,270,270,63,81,211
GHCND:USW00094745,WESTCHESTER CO AIRPORT NY US,20070131,0,0,-49,51,300,290,116,139,1205
GHCND:USW00094745,WESTCHESTER CO AIRPORT NY US,20070201,0,17,-55,17,220,230,67,89,1136
GHCND:USW00094745,WESTCHESTER CO AIRPORT NY US,20070202,46,17,-27,19,290,80,45,63,1552
GHCND:USW00094745,WESTCHESTER CO AIRPORT NY US,20070203,0,0,-88,47,310,310,107,134,601
GHCND:USW00094745,WESTCHESTER CO AIRPORT NY US,20070204,0,-49,-99,58,290,300,125,161,2121
GHCND:USW00094745,WESTCHESTER CO AIRPORT NY US,20070205,0,-77,-143,67,290,310,125,161,1543
GHCND:USW00094745,WESTCHESTER CO AIRPORT NY US,20070206,0,-43,-127,56,300,300,103,125,906
GHCND:USW00094745,WESTCHESTER CO AIRPORT NY US,20070207,0,-43,-116,54,310,310,103,125,1518
GHCND:USW00094745,WESTCHESTER CO AIRPORT NY US,20070208,0,-27,-110,62,300,300,125,165,1456
GHCND:USW00094745,WESTCHESTER CO AIRPORT NY US,20070209,0,-16,-93,70,300,320,134,165,1244
GHCND:USW00094745,WESTCHESTER CO AIRPORT NY US,20070210,0,6,-66,47,310,310,98,116,1632
GHCND:USW00094745,WESTCHESTER CO AIRPORT NY US,20070211,0,0,-88,39,290,290,76,89,203
GHCND:USW00094745,WESTCHESTER CO AIRPORT NY US,20070212,0,39,-49,38,290,300,67,94,1530
GHCND:USW00094745,WESTCHESTER CO AIRPORT NY US,20070213,3,-21,-77,38,360,360,72,94,802
GHCND:USW00094745,WESTCHESTER CO AIRPORT NY US,20070214,168,-27,-105,83,300,350,161,228,1529
GHCND:USW00094745,WESTCHESTER CO AIRPORT NY US,20070215,0,-60,-105,91,300,300,157,201,18
GHCND:USW00094745,WESTCHESTER CO AIRPORT NY US,20070216,0,-21,-110,67,300,280,134,165,1245
GHCND:USW00094745,WESTCHESTER CO AIRPORT NY US,20070217,0,17,-82,38,280,280,76,103,624
GHCND:USW00094745,WESTCHESTER CO AIRPORT NY US,20070218,0,6,-88,57,310,310,130,161,2219
GHCND:USW00094745,WESTCHESTER CO AIRPORT NY US,20070219,0,-38,-127,63,320,300,134,170,33
GHCND:USW00094745,WESTCHESTER CO AIRPORT NY US,20070220,15,78,-38,20,260,270,63,89,927
GHCND:USW00094745,WESTCHESTER CO AIRPORT NY US,20070221,0,83,-16,26,290,290,72,76,1433
GHCND:USW00094745,WESTCHESTER CO AIRPORT NY US,20070222,43,50,-38,28,300,300,94,112,2356
GHCND:USW00094745,WESTCHESTER CO AIRPORT NY US,20070223,0,22,-66,84,300,300,143,165,1519
GHCND:USW00094745,WESTCHESTER CO AIRPORT NY US,20070224,0,44,-82,68,320,310,112,148,900
GHCND:USW00094745,WESTCHESTER CO AIRPORT NY US,20070225,33,22,-66,37,330,320,98,112,33
GHCND:USW00094745,WESTCHESTER CO AIRPORT NY US,20070226,58,22,-16,22,50,50,58,76,2359
GHCND:USW00094745,WESTCHESTER CO AIRPORT NY US,20070227,0,56,-5,8,260,310,31,40,1259
GHCND:USW00094745,WESTCHESTER CO AIRPORT NY US,20070228,0,67,-10,34,290,310,67,81,1339
GHCND:USW00094745,WESTCHESTER CO AIRPORT NY US,20070301,18,50,-43,22,90,100,54,67,2341
GHCND:USW00094745,WESTCHESTER CO AIRPORT NY US,20070302,820,122,0,39,290,290,81,112,1447
GHCND:USW00094745,WESTCHESTER CO AIRPORT NY US,20070303,0,133,-21,30,310,320,130,157,1424
GHCND:USW00094745,WESTCHESTER CO AIRPORT NY US,20070304,0,33,-10,65,300,300,112,139,1710
GHCND:USW00094745,WESTCHESTER CO AIRPORT NY US,20070305,0,33,-71,74,300,310,161,201,2355
GHCND:USW00094745,WESTCHESTER CO AIRPORT NY US,20070306,0,-71,-132,102,300,300,174,228,519
GHCND:USW00094745,WESTCHESTER CO AIRPORT NY US,20070307,3,-66,-132,20,350,310,45,63,0
GHCND:USW00094745,WESTCHESTER CO AIRPORT NY US,20070308,0,0,-105,55,320,320,130,161,1631
GHCND:USW00094745,WESTCHESTER CO AIRPORT NY US,20070309,0,6,-132,25,170,150,63,72,1546
GHCND:USW00094745,WESTCHESTER CO AIRPORT NY US,20070310,23,117,-66,21,180,170,58,81,1529
GHCND:USW00094745,WESTCHESTER CO AIRPORT NY US,20070311,51,100,6,40,290,300,89,112,949
GHCND:USW00094745,WESTCHESTER CO AIRPORT NY US,20070312,0,133,-38,24,200,190,58,72,1529
GHCND:USW00094745,WESTCHESTER CO AIRPORT NY US,20070313,0,133,0,17,170,190,58,72,1505
GHCND:USW00094745,WESTCHESTER CO AIRPORT NY US,20070314,0,189,33,21,160,150,58,67,1658
GHCND:USW00094745,WESTCHESTER CO AIRPORT NY US,20070315,86,167,11,41,350,350,103,130,1708
GHCND:USW00094745,WESTCHESTER CO AIRPORT NY US,20070316,414,11,-43,48,50,50,94,116,2227
GHCND:USW00094745,WESTCHESTER CO AIRPORT NY US,20070317,3,39,-49,75,300,300,125,148,1925
GHCND:USW00094745,WESTCHESTER CO AIRPORT NY US,20070318,0,33,-43,72,300,290,125,157,1359
GHCND:USW00094745,WESTCHESTER CO AIRPORT NY US,20070319,0,39,-43,34,190,200,67,94,1940
GHCND:USW00094745,WESTCHESTER CO AIRPORT NY US,20070320,0,72,-21,57,300,300,125,157,1214
GHCND:USW00094745,WESTCHESTER CO AIRPORT NY US,20070321,0,28,-60,37,350,350,81,98,235
GHCND:USW00094745,WESTCHESTER CO AIRPORT NY US,20070322,13,172,28,27,220,190,63,89,1428
GHCND:USW00094745,WESTCHESTER CO AIRPORT NY US,20070323,13,139,33,24,290,240,54,67,108
GHCND:USW00094745,WESTCHESTER CO AIRPORT NY US,20070324,46,117,22,34,100,90,72,98,931
GHCND:USW00094745,WESTCHESTER CO AIRPORT NY US,20070325,0,106,11,26,30,310,67,89,1316
GHCND:USW00094745,WESTCHESTER CO AIRPORT NY US,20070326,5,89,0,25,190,170,72,103,1221
GHCND:USW00094745,WESTCHESTER CO AIRPORT NY US,20070327,5,239,67,41,300,310,89,107,1059
GHCND:USW00094745,WESTCHESTER CO AIRPORT NY US,20070328,0,161,50,51,350,340,107,139,1649
GHCND:USW00094745,WESTCHESTER CO AIRPORT NY US,20070329,0,117,17,74,350,350,139,174,1343
GHCND:USW00094745,WESTCHESTER CO AIRPORT NY US,20070330,0,189,-5,44,290,290,89,98,1534
GHCND:USW00094745,WESTCHESTER CO AIRPORT NY US,20070331,0,122,6,27,140,170,63,72,1740
GHCND:USW00094745,WESTCHESTER CO AIRPORT NY US,20070401,23,89,0,26,120,90,58,81,1310
GHCND:USW00094745,WESTCHESTER CO AIRPORT NY US,20070402,13,106,50,21,80,100,45,67,2015
GHCND:USW00094745,WESTCHESTER CO AIRPORT NY US,20070403,0,133,33,36,120,130,76,107,2152
GHCND:USW00094745,WESTCHESTER CO AIRPORT NY US,20070404,213,44,28,49,120,120,94,130,1025
GHCND:USW00094745,WESTCHESTER CO AIRPORT NY US,20070405,3,67,-5,61,310,290,112,157,1334
GHCND:USW00094745,WESTCHESTER CO AIRPORT NY US,20070406,0,39,-16,41,280,280,94,125,1013
GHCND:USW00094745,WESTCHESTER CO AIRPORT NY US,20070407,0,56,-38,39,300,310,89,98,1736
GHCND:USW00094745,WESTCHESTER CO AIRPORT NY US,20070408,0,44,-21,58,300,290,107,143,858
GHCND:USW00094745,WESTCHESTER CO AIRPORT NY US,20070409,0,78,-5,50,300,300,94,116,1702
GHCND:USW00094745,WESTCHESTER CO AIRPORT NY US,20070410,0,89,-10,43,300,280,94,112,1509
GHCND:USW00094745,WESTCHESTER CO AIRPORT NY US,20070411,0,100,-21,28,190,180,67,81,1316
GHCND:USW00094745,WESTCHESTER CO AIRPORT NY US,20070412,378,50,28,51,100,90,116,174,923
GHCND:USW00094745,WESTCHESTER CO AIRPORT NY US,20070413,0,89,28,75,310,310,130,174,1126
GHCND:USW00094745,WESTCHESTER CO AIRPORT NY US,20070414,0,117,28,43,300,300,112,134,2
GHCND:USW00094745,WESTCHESTER CO AIRPORT NY US,20070415,1732,106,39,54,80,80,103,143,1359
GHCND:USW00094745,WESTCHESTER CO AIRPORT NY US,20070416,168,122,50,41,120,80,76,107,707
GHCND:USW00094745,WESTCHESTER CO AIRPORT NY US,20070417,0,89,50,74,350,340,116,139,1545
GHCND:USW00094745,WESTCHESTER CO AIRPORT NY US,20070418,0,100,44,46,20,20,81,103,735
GHCND:USW00094745,WESTCHESTER CO AIRPORT NY US,20070419,0,167,61,34,350,360,72,94,1547
GHCND:USW00094745,WESTCHESTER CO AIRPORT NY US,20070420,0,211,39,40,350,350,89,112,1127
GHCND:USW00094745,WESTCHESTER CO AIRPORT NY US,20070421,0,244,33,39,350,340,76,94,922
GHCND:USW00094745,WESTCHESTER CO AIRPORT NY US,20070422,0,244,78,26,200,200,67,89,1619
GHCND:USW00094745,WESTCHESTER CO AIRPORT NY US,20070423,0,272,72,28,170,170,76,98,1611
GHCND:USW00094745,WESTCHESTER CO AIRPORT NY US,20070424,0,222,111,50,300,310,103,134,822
GHCND:USW00094745,WESTCHESTER CO AIRPORT NY US,20070425,56,172,72,31,120,120,67,89,1027
GHCND:USW00094745,WESTCHESTER CO AIRPORT NY US,20070426,0,150,50,37,150,150,72,94,1558
GHCND:USW00094745,WESTCHESTER CO AIRPORT NY US,20070427,658,122,78,17,100,110,58,72,523
GHCND:USW00094745,WESTCHESTER CO AIRPORT NY US,20070428,0,206,111,30,270,290,81,103,1722
GHCND:USW00094745,WESTCHESTER CO AIRPORT NY US,20070429,0,178,89,36,340,350,81,103,1610
GHCND:USW00094745,WESTCHESTER CO AIRPORT NY US,20070430,3,244,61,55,310,320,143,197,1354
GHCND:USW00094745,WESTCHESTER CO AIRPORT NY US,20070501,28,206,61,30,170,180,58,72,2220
GHCND:USW00094745,WESTCHESTER CO AIRPORT NY US,20070502,8,194,89,37,310,360,81,107,1329
GHCND:USW00094745,WESTCHESTER CO AIRPORT NY US,20070503,0,206,50,29,330,320,67,94,1425
GHCND:USW00094745,WESTCHESTER CO AIRPORT NY US,20070504,0,200,44,29,340,330,81,103,1016
GHCND:USW00094745,WESTCHESTER CO AIRPORT NY US,20070505,0,217,72,26,20,340,81,125,2351
GHCND:USW00094745,WESTCHESTER CO AIRPORT NY US,20070506,0,161,50,45,30,20,107,134,26
GHCND:USW00094745,WESTCHESTER CO AIRPORT NY US,20070507,0,178,33,21,150,150,67,76,1259
GHCND:USW00094745,WESTCHESTER CO AIRPORT NY US,20070508,0,211,50,22,180,190,67,76,1707
GHCND:USW00094745,WESTCHESTER CO AIRPORT NY US,20070509,0,272,89,26,170,190,72,98,1502
GHCND:USW00094745,WESTCHESTER CO AIRPORT NY US,20070510,0,261,150,25,160,160,72,89,1427
GHCND:USW00094745,WESTCHESTER CO AIRPORT NY US,20070511,38,228,150,18,130,30,45,58,1501
GHCND:USW00094745,WESTCHESTER CO AIRPORT NY US,20070512,15,222,111,38,350,350,72,89,240
GHCND:USW00094745,WESTCHESTER CO AIRPORT NY US,20070513,0,189,89,50,350,360,107,134,1038
GHCND:USW00094745,WESTCHESTER CO AIRPORT NY US,20070514,0,200,50,29,170,170,72,98,1502
GHCND:USW00094745,WESTCHESTER CO AIRPORT NY US,20070515,0,289,100,38,260,250,76,112,1620
GHCND:USW00094745,WESTCHESTER CO AIRPORT NY US,20070516,175,294,133,35,270,260,148,197,1442
GHCND:USW00094745,WESTCHESTER CO AIRPORT NY US,20070517,0,189,100,34,110,110,67,107,2249
GHCND:USW00094745,WESTCHESTER CO AIRPORT NY US,20070518,18,106,72,34,50,50,67,94,344
GHCND:USW00094745,WESTCHESTER CO AIRPORT NY US,20070519,23,117,83,33,310,310,67,89,1228
GHCND:USW00094745,WESTCHESTER CO AIRPORT NY US,20070520,0,239,106,55,310,300,103,134,1944
GHCND:USW00094745,WESTCHESTER CO AIRPORT NY US,20070521,0,206,94,37,310,310,89,116,350
GHCND:USW00094745,WESTCHESTER CO AIRPORT NY US,20070522,0,211,83,27,160,170,63,67,1755
GHCND:USW00094745,WESTCHESTER CO AIRPORT NY US,20070523,0,261,89,24,180,200,72,98,1549
GHCND:USW00094745,WESTCHESTER CO AIRPORT NY US,20070524,0,289,128,25,280,250,58,72,1348
GHCND:USW00094745,WESTCHESTER CO AIRPORT NY US,20070525,0,317,178,27,270,270,54,63,1449
GHCND:USW00094745,WESTCHESTER CO AIRPORT NY US,20070526,0,272,183,34,300,300,72,89,1423
GHCND:USW00094745,WESTCHESTER CO AIRPORT NY US,20070527,0,267,172,26,320,310,54,67,2329
GHCND:USW00094745,WESTCHESTER CO AIRPORT NY US,20070528,0,283,172,30,320,360,63,76,2146
GHCND:USW00094745,WESTCHESTER CO AIRPORT NY US,20070529,0,250,128,27,20,290,76,98,1218
GHCND:USW00094745,WESTCHESTER CO AIRPORT NY US,20070530,0,283,128,22,310,290,54,67,1314
GHCND:USW00094745,WESTCHESTER CO AIRPORT NY US,20070531,0,294,161,28,120,100,67,94,1917
GHCND:USW00094745,WESTCHESTER CO AIRPORT NY US,20070601,0,317,139,20,360,360,103,125,1814
GHCND:USW00094745,WESTCHESTER CO AIRPORT NY US,20070602,0,306,183,27,180,190,76,98,1507
GHCND:USW00094745,WESTCHESTER CO AIRPORT NY US,20070603,236,250,167,39,90,110,89,125,2130
GHCND:USW00094745,WESTCHESTER CO AIRPORT NY US,20070604,409,189,156,37,80,70,89,125,116
GHCND:USW00094745,WESTCHESTER CO AIRPORT NY US,20070605,0,267,156,33,270,250,81,116,1532
GHCND:USW00094745,WESTCHESTER CO AIRPORT NY US,20070606,0,206,100,48,310,290,94,116,1540
GHCND:USW00094745,WESTCHESTER CO AIRPORT NY US,20070607,0,239,78,21,160,160,63,81,1555
GHCND:USW00094745,WESTCHESTER CO AIRPORT NY US,20070608,0,283,139,23,120,100,63,98,1609
GHCND:USW00094745,WESTCHESTER CO AIRPORT NY US,20070609,0,267,161,35,360,360,98,125,851
GHCND:USW00094745,WESTCHESTER CO AIRPORT NY US,20070610,0,217,156,15,60,50,54,67,853
GHCND:USW00094745,WESTCHESTER CO AIRPORT NY US,20070611,46,283,139,36,350,350,76,98,1633
GHCND:USW00094745,WESTCHESTER CO AIRPORT NY US,20070612,3,283,172,31,350,60,67,94,1328
GHCND:USW00094745,WESTCHESTER CO AIRPORT NY US,20070613,0,189,128,32,60,80,76,98,1938
GHCND:USW00094745,WESTCHESTER CO AIRPORT NY US,20070614,0,183,117,22,40,40,63,72,1316
GHCND:USW00094745,WESTCHESTER CO AIRPORT NY US,20070615,0,217,122,20,170,150,54,67,1139
GHCND:USW00094745,WESTCHESTER CO AIRPORT NY US,20070616,0,272,128,15,180,170,63,76,1524
GHCND:USW00094745,WESTCHESTER CO AIRPORT NY US,20070617,0,300,156,33,300,300,72,81,1250
GHCND:USW00094745,WESTCHESTER CO AIRPORT NY US,20070618,0,272,167,30,160,170,58,67,1615
GHCND:USW00094745,WESTCHESTER CO AIRPORT NY US,20070619,3,267,156,27,160,160,72,94,1719
GHCND:USW00094745,WESTCHESTER CO AIRPORT NY US,20070620,20,261,167,38,300,320,76,98,1557
GHCND:USW00094745,WESTCHESTER CO AIRPORT NY US,20070621,76,267,128,35,280,250,72,98,1724
GHCND:USW00094745,WESTCHESTER CO AIRPORT NY US,20070622,0,228,150,59,300,300,116,143,940
GHCND:USW00094745,WESTCHESTER CO AIRPORT NY US,20070623,0,228,122,47,300,290,89,107,1507
GHCND:USW00094745,WESTCHESTER CO AIRPORT NY US,20070624,0,267,89,26,300,290,63,76,1441
GHCND:USW00094745,WESTCHESTER CO AIRPORT NY US,20070625,0,278,156,25,180,160,67,94,1222
GHCND:USW00094745,WESTCHESTER CO AIRPORT NY US,20070626,0,333,178,17,180,190,54,67,1810
GHCND:USW00094745,WESTCHESTER CO AIRPORT NY US,20070627,498,328,206,28,310,290,130,174,1959
GHCND:USW00094745,WESTCHESTER CO AIRPORT NY US,20070628,20,311,211,24,320,300,63,81,1419
GHCND:USW00094745,WESTCHESTER CO AIRPORT NY US,20070629,0,239,167,22,360,350,54,63,744
GHCND:USW00094745,WESTCHESTER CO AIRPORT NY US,20070630,0,261,133,25,340,350,76,103,2335
GHCND:USW00094745,WESTCHESTER CO AIRPORT NY US,20070701,0,228,133,43,340,360,81,103,952
GHCND:USW00094745,WESTCHESTER CO AIRPORT NY US,20070702,0,228,111,40,350,360,89,112,1127
GHCND:USW00094745,WESTCHESTER CO AIRPORT NY US,20070703,0,256,117,23,190,190,45,67,1722
GHCND:USW00094745,WESTCHESTER CO AIRPORT NY US,20070704,135,211,133,24,160,150,89,107,1427
GHCND:USW00094745,WESTCHESTER CO AIRPORT NY US,20070705,41,267,183,28,170,170,72,94,1405
GHCND:USW00094745,WESTCHESTER CO AIRPORT NY US,20070706,36,283,178,34,350,350,98,125,1737
GHCND:USW00094745,WESTCHESTER CO AIRPORT NY US,20070707,0,289,156,28,290,310,72,98,1510
GHCND:USW00094745,WESTCHESTER CO AIRPORT NY US,20070708,0,317,189,28,280,260,76,98,1235
GHCND:USW00094745,WESTCHESTER CO AIRPORT NY US,20070709,0,311,217,22,190,180,54,63,1519
GHCND:USW00094745,WESTCHESTER CO AIRPORT NY US,20070710,0,333,217,25,180,170,67,81,1743
GHCND:USW00094745,WESTCHESTER CO AIRPORT NY US,20070711,66,283,222,28,320,320,72,89,2347
GHCND:USW00094745,WESTCHESTER CO AIRPORT NY US,20070712,0,267,172,33,340,350,72,94,22
GHCND:USW00094745,WESTCHESTER CO AIRPORT NY US,20070713,0,272,161,21,260,270,67,89,1322
GHCND:USW00094745,WESTCHESTER CO AIRPORT NY US,20070714,0,283,156,25,170,180,76,98,1621
GHCND:USW00094745,WESTCHESTER CO AIRPORT NY US,20070715,0,300,172,26,180,180,81,103,1458
GHCND:USW00094745,WESTCHESTER CO AIRPORT NY US,20070716,0,283,183,20,360,360,58,72,618
GHCND:USW00094745,WESTCHESTER CO AIRPORT NY US,20070717,0,294,172,23,130,110,54,67,1502
GHCND:USW00094745,WESTCHESTER CO AIRPORT NY US,20070718,224,250,200,20,120,130,67,81,1028
GHCND:USW00094745,WESTCHESTER CO AIRPORT NY US,20070719,28,278,183,20,190,190,72,112,1422
GHCND:USW00094745,WESTCHESTER CO AIRPORT NY US,20070720,0,250,178,56,300,310,98,125,1145
GHCND:USW00094745,WESTCHESTER CO AIRPORT NY US,20070721,0,278,144,47,10,350,89,112,1454
GHCND:USW00094745,WESTCHESTER CO AIRPORT NY US,20070722,0,272,172,30,10,10,67,94,759
GHCND:USW00094745,WESTCHESTER CO AIRPORT NY US,20070723,297,217,167,42,70,100,89,107,1607
GHCND:USW00094745,WESTCHESTER CO AIRPORT NY US,20070724,0,272,150,28,310,190,58,67,1738
GHCND:USW00094745,WESTCHESTER CO AIRPORT NY US,20070725,0,306,161,16,140,140,54,72,1305
GHCND:USW00094745,WESTCHESTER CO AIRPORT NY US,20070726,0,294,183,17,160,180,36,40,2023
GHCND:USW00094745,WESTCHESTER CO AIRPORT NY US,20070727,0,289,206,18,160,190,67,89,1524
GHCND:USW00094745,WESTCHESTER CO AIRPORT NY US,20070728,0,294,200,16,260,180,45,58,1753
GHCND:USW00094745,WESTCHESTER CO AIRPORT NY US,20070729,0,261,206,16,350,360,45,54,1756
GHCND:USW00094745,WESTCHESTER CO AIRPORT NY US,20070730,0,300,200,18,300,310,103,125,2200
GHCND:USW00094745,WESTCHESTER CO AIRPORT NY US,20070731,0,300,189,28,360,360,58,81,1238
GHCND:USW00094745,WESTCHESTER CO AIRPORT NY US,20070801,0,311,194,25,350,350,58,67,620
GHCND:USW00094745,WESTCHESTER CO AIRPORT NY US,20070802,0,339,200,13,150,180,45,54,1741
GHCND:USW00094745,WESTCHESTER CO AIRPORT NY US,20070803,0,322,206,26,310,310,107,139,2027
GHCND:USW00094745,WESTCHESTER CO AIRPORT NY US,20070804,0,311,194,27,300,300,58,63,1902
GHCND:USW00094745,WESTCHESTER CO AIRPORT NY US,20070805,0,272,172,24,40,30,54,63,808
GHCND:USW00094745,WESTCHESTER CO AIRPORT NY US,20070806,0,267,194,23,180,160,54,67,1143
GHCND:USW00094745,WESTCHESTER CO AIRPORT NY US,20070807,0,311,222,20,280,260,40,54,1438
GHCND:USW00094745,WESTCHESTER CO AIRPORT NY US,20070808,0,328,228,36,180,170,89,116,544
GHCND:USW00094745,WESTCHESTER CO AIRPORT NY US,20070809,-9999,261,200,34,130,120,58,94,1709
GHCND:USW00094745,WESTCHESTER CO AIRPORT NY US,20070810,13,206,128,42,60,70,76,103,1038
GHCND:USW00094745,WESTCHESTER CO AIRPORT NY US,20070811,0,272,122,31,350,320,58,72,1248
GHCND:USW00094745,WESTCHESTER CO AIRPORT NY US,20070812,0,294,183,17,10,10,58,72,410
GHCND:USW00094745,WESTCHESTER CO AIRPORT NY US,20070813,8,289,183,37,350,350,76,103,2025
GHCND:USW00094745,WESTCHESTER CO AIRPORT NY US,20070814,0,261,150,25,290,350,58,76,839
GHCND:USW00094745,WESTCHESTER CO AIRPORT NY US,20070815,0,283,150,21,270,270,63,76,1233
GHCND:USW00094745,WESTCHESTER CO AIRPORT NY US,20070816,0,289,206,17,310,310,58,72,2306
GHCND:USW00094745,WESTCHESTER CO AIRPORT NY US,20070817,81,272,156,21,310,290,139,170,2219
GHCND:USW00094745,WESTCHESTER CO AIRPORT NY US,20070818,0,228,133,49,310,300,112,143,714
GHCND:USW00094745,WESTCHESTER CO AIRPORT NY US,20070819,0,211,139,12,180,190,31,45,1220
GHCND:USW00094745,WESTCHESTER CO AIRPORT NY US,20070820,13,206,156,25,70,80,67,89,1105
GHCND:USW00094745,WESTCHESTER CO AIRPORT NY US,20070821,282,156,128,32,90,100,76,103,1349
GHCND:USW00094745,WESTCHESTER CO AIRPORT NY US,20070822,0,183,133,26,110,80,54,81,1237
GHCND:USW00094745,WESTCHESTER CO AIRPORT NY US,20070823,0,228,161,15,150,120,40,63,1037
GHCND:USW00094745,WESTCHESTER CO AIRPORT NY US,20070824,0,289,183,18,150,250,54,72,1408
GHCND:USW00094745,WESTCHESTER CO AIRPORT NY US,20070825,0,306,206,19,270,280,76,103,2234
GHCND:USW00094745,WESTCHESTER CO AIRPORT NY US,20070826,0,267,194,30,290,300,76,94,500
GHCND:USW00094745,WESTCHESTER CO AIRPORT NY US,20070827,0,272,183,19,140,40,45,72,702
GHCND:USW00094745,WESTCHESTER CO AIRPORT NY US,20070828,0,272,172,16,150,-9999,45,657,-9999
GHCND:USW00094745,WESTCHESTER CO AIRPORT NY US,20070829,0,283,161,11,160,360,54,657,2135
GHCND:USW00094745,WESTCHESTER CO AIRPORT NY US,20070830,5,289,167,14,170,360,54,657,327
GHCND:USW00094745,WESTCHESTER CO AIRPORT NY US,20070831,0,261,178,37,350,360,89,112,1543
GHCND:USW00094745,WESTCHESTER CO AIRPORT NY US,20070901,0,244,139,42,350,340,89,107,1114
GHCND:USW00094745,WESTCHESTER CO AIRPORT NY US,20070902,0,244,139,19,290,290,40,54,1550
GHCND:USW00094745,WESTCHESTER CO AIRPORT NY US,20070903,0,278,144,26,270,260,67,81,1605
GHCND:USW00094745,WESTCHESTER CO AIRPORT NY US,20070904,0,272,161,30,330,340,76,89,1417
GHCND:USW00094745,WESTCHESTER CO AIRPORT NY US,20070905,0,239,144,14,140,360,45,63,1136
GHCND:USW00094745,WESTCHESTER CO AIRPORT NY US,20070906,0,261,144,22,140,160,67,76,1441
GHCND:USW00094745,WESTCHESTER CO AIRPORT NY US,20070907,0,294,178,26,170,210,63,89,1441
GHCND:USW00094745,WESTCHESTER CO AIRPORT NY US,20070908,0,306,200,23,170,180,67,76,1359
GHCND:USW00094745,WESTCHESTER CO AIRPORT NY US,20070909,0,289,189,20,160,160,63,76,1401
GHCND:USW00094745,WESTCHESTER CO AIRPORT NY US,20070910,381,239,206,20,50,80,54,63,509
GHCND:USW00094745,WESTCHESTER CO AIRPORT NY US,20070911,203,228,183,28,290,310,81,112,2314
GHCND:USW00094745,WESTCHESTER CO AIRPORT NY US,20070912,0,228,128,47,300,290,112,134,1015
GHCND:USW00094745,WESTCHESTER CO AIRPORT NY US,20070913,0,228,106,14,170,170,40,58,1543
GHCND:USW00094745,WESTCHESTER CO AIRPORT NY US,20070914,0,222,128,28,150,150,63,76,1446
GHCND:USW00094745,WESTCHESTER CO AIRPORT NY US,20070915,20,194,106,40,290,280,107,125,1506
GHCND:USW00094745,WESTCHESTER CO AIRPORT NY US,20070916,0,183,72,28,350,360,58,81,1036
GHCND:USW00094745,WESTCHESTER CO AIRPORT NY US,20070917,0,194,94,23,90,50,54,72,1313
GHCND:USW00094745,WESTCHESTER CO AIRPORT NY US,20070918,0,200,89,21,140,150,58,72,1415
GHCND:USW00094745,WESTCHESTER CO AIRPORT NY US,20070919,0,217,89,12,140,180,45,58,1218
GHCND:USW00094745,WESTCHESTER CO AIRPORT NY US,20070920,0,272,117,14,300,200,45,54,1724
GHCND:USW00094745,WESTCHESTER CO AIRPORT NY US,20070921,0,267,150,14,140,130,36,45,1122
GHCND:USW00094745,WESTCHESTER CO AIRPORT NY US,20070922,20,217,133,17,160,170,40,54,1427
GHCND:USW00094745,WESTCHESTER CO AIRPORT NY US,20070923,0,256,133,33,330,350,67,81,1409
GHCND:USW00094745,WESTCHESTER CO AIRPORT NY US,20070924,0,256,122,26,340,320,54,63,49
GHCND:USW00094745,WESTCHESTER CO AIRPORT NY US,20070925,0,294,139,23,270,270,54,76,1214
GHCND:USW00094745,WESTCHESTER CO AIRPORT NY US,20070926,0,294,189,20,180,180,54,72,1524
GHCND:USW00094745,WESTCHESTER CO AIRPORT NY US,20070927,0,267,172,25,180,180,67,81,1542
GHCND:USW00094745,WESTCHESTER CO AIRPORT NY US,20070928,0,233,144,43,320,310,107,143,1705
GHCND:USW00094745,WESTCHESTER CO AIRPORT NY US,20070929,0,228,117,47,350,350,107,139,1146
GHCND:USW00094745,WESTCHESTER CO AIRPORT NY US,20070930,0,206,111,25,110,70,45,76,844
GHCND:USW00094745,WESTCHESTER CO AIRPORT NY US,20071001,0,194,100,18,150,80,58,81,1038
GHCND:USW00094745,WESTCHESTER CO AIRPORT NY US,20071002,0,222,100,26,120,100,58,76,1001
GHCND:USW00094745,WESTCHESTER CO AIRPORT NY US,20071003,0,244,172,17,180,180,45,63,2131
GHCND:USW00094745,WESTCHESTER CO AIRPORT NY US,20071004,0,289,178,12,170,170,45,63,1550
GHCND:USW00094745,WESTCHESTER CO AIRPORT NY US,20071005,0,278,178,10,180,170,40,54,1455
GHCND:USW00094745,WESTCHESTER CO AIRPORT NY US,20071006,0,289,150,16,270,280,54,63,1246
GHCND:USW00094745,WESTCHESTER CO AIRPORT NY US,20071007,3,267,167,31,350,360,72,94,850
GHCND:USW00094745,WESTCHESTER CO AIRPORT NY US,20071008,0,306,167,34,300,290,72,94,1929
GHCND:USW00094745,WESTCHESTER CO AIRPORT NY US,20071009,231,244,139,37,130,120,72,94,922
GHCND:USW00094745,WESTCHESTER CO AIRPORT NY US,20071010,28,183,139,30,60,90,54,81,806
GHCND:USW00094745,WESTCHESTER CO AIRPORT NY US,20071011,419,172,144,38,60,60,81,103,1618
GHCND:USW00094745,WESTCHESTER CO AIRPORT NY US,20071012,18,156,78,61,300,310,130,161,1222
GHCND:USW00094745,WESTCHESTER CO AIRPORT NY US,20071013,0,156,50,30,320,260,67,76,1101
GHCND:USW00094745,WESTCHESTER CO AIRPORT NY US,20071014,0,167,72,40,310,310,103,139,1419
GHCND:USW00094745,WESTCHESTER CO AIRPORT NY US,20071015,0,178,72,23,320,310,63,76,1521
GHCND:USW00094745,WESTCHESTER CO AIRPORT NY US,20071016,0,189,78,21,300,290,45,58,1437
GHCND:USW00094745,WESTCHESTER CO AIRPORT NY US,20071017,0,211,94,10,170,200,40,58,1556
GHCND:USW00094745,WESTCHESTER CO AIRPORT NY US,20071018,0,239,122,19,170,180,45,58,1537
GHCND:USW00094745,WESTCHESTER CO AIRPORT NY US,20071019,173,217,161,39,310,300,112,148,2311
GHCND:USW00094745,WESTCHESTER CO AIRPORT NY US,20071020,8,206,133,33,270,260,76,107,1324
GHCND:USW00094745,WESTCHESTER CO AIRPORT NY US,20071021,0,228,78,21,270,270,54,72,132
GHCND:USW00094745,WESTCHESTER CO AIRPORT NY US,20071022,0,244,100,24,180,170,67,89,1446
GHCND:USW00094745,WESTCHESTER CO AIRPORT NY US,20071023,5,250,156,30,330,220,76,107,1340
GHCND:USW00094745,WESTCHESTER CO AIRPORT NY US,20071024,28,178,106,30,350,350,67,76,606
GHCND:USW00094745,WESTCHESTER CO AIRPORT NY US,20071025,10,133,83,30,20,30,76,94,23
GHCND:USW00094745,WESTCHESTER CO AIRPORT NY US,20071026,89,144,83,40,110,120,76,98,2139
GHCND:USW00094745,WESTCHESTER CO AIRPORT NY US,20071027,356,200,122,42,270,260,81,116,1856
GHCND:USW00094745,WESTCHESTER CO AIRPORT NY US,20071028,0,128,28,55,300,310,103,139,420
GHCND:USW00094745,WESTCHESTER CO AIRPORT NY US,20071029,0,106,6,23,310,310,63,72,1425
GHCND:USW00094745,WESTCHESTER CO AIRPORT NY US,20071030,0,167,28,20,270,280,45,58,1416
GHCND:USW00094745,WESTCHESTER CO AIRPORT NY US,20071031,0,167,39,26,170,190,63,81,1921
GHCND:USW00094745,WESTCHESTER CO AIRPORT NY US,20071101,0,172,39,33,320,320,89,103,1656
GHCND:USW00094745,WESTCHESTER CO AIRPORT NY US,20071102,0,133,17,31,30,10,72,98,1136
GHCND:USW00094745,WESTCHESTER CO AIRPORT NY US,20071103,0,89,56,72,340,350,112,143,1633
GHCND:USW00094745,WESTCHESTER CO AIRPORT NY US,20071104,0,128,50,32,300,290,81,103,923
GHCND:USW00094745,WESTCHESTER CO AIRPORT NY US,20071105,0,133,17,26,160,150,63,76,2349
GHCND:USW00094745,WESTCHESTER CO AIRPORT NY US,20071106,140,122,44,34,280,280,76,98,1535
GHCND:USW00094745,WESTCHESTER CO AIRPORT NY US,20071107,0,83,6,47,290,310,103,134,1131
GHCND:USW00094745,WESTCHESTER CO AIRPORT NY US,20071108,0,72,-27,13,340,360,40,58,905
GHCND:USW00094745,WESTCHESTER CO AIRPORT NY US,20071109,53,61,6,31,40,70,58,81,2026
GHCND:USW00094745,WESTCHESTER CO AIRPORT NY US,20071110,5,83,-5,34,340,300,81,98,1249
GHCND:USW00094745,WESTCHESTER CO AIRPORT NY US,20071111,0,72,-21,34,350,350,89,112,1109
GHCND:USW00094745,WESTCHESTER CO AIRPORT NY US,20071112,5,83,-27,10,230,80,31,58,926
GHCND:USW00094745,WESTCHESTER CO AIRPORT NY US,20071113,30,150,39,21,310,310,58,72,1357
GHCND:USW00094745,WESTCHESTER CO AIRPORT NY US,20071114,3,133,6,24,190,190,63,81,1240
GHCND:USW00094745,WESTCHESTER CO AIRPORT NY US,20071115,69,139,50,49,300,300,107,130,1406
GHCND:USW00094745,WESTCHESTER CO AIRPORT NY US,20071116,0,78,0,81,300,280,143,170,1438
GHCND:USW00094745,WESTCHESTER CO AIRPORT NY US,20071117,0,67,0,32,290,300,72,89,1155
GHCND:USW00094745,WESTCHESTER CO AIRPORT NY US,20071118,0,61,17,26,70,50,54,76,2010
GHCND:USW00094745,WESTCHESTER CO AIRPORT NY US,20071119,0,67,22,34,70,60,63,81,740
GHCND:USW00094745,WESTCHESTER CO AIRPORT NY US,20071120,46,78,17,18,290,130,40,58,901
GHCND:USW00094745,WESTCHESTER CO AIRPORT NY US,20071121,0,106,28,13,160,100,40,63,759
GHCND:USW00094745,WESTCHESTER CO AIRPORT NY US,20071122,23,178,28,33,310,310,134,170,2325
GHCND:USW00094745,WESTCHESTER CO AIRPORT NY US,20071123,0,39,-32,60,310,320,112,143,105
GHCND:USW00094745,WESTCHESTER CO AIRPORT NY US,20071124,0,22,-60,22,320,320,63,76,421
GHCND:USW00094745,WESTCHESTER CO AIRPORT NY US,20071125,0,89,-27,16,150,150,54,63,1502
GHCND:USW00094745,WESTCHESTER CO AIRPORT NY US,20071126,185,144,33,16,190,170,54,81,2228
GHCND:USW00094745,WESTCHESTER CO AIRPORT NY US,20071127,8,172,56,50,300,320,125,148,843
GHCND:USW00094745,WESTCHESTER CO AIRPORT NY US,20071128,0,67,6,39,320,310,116,170,155
GHCND:USW00094745,WESTCHESTER CO AIRPORT NY US,20071129,3,89,28,31,310,310,98,116,2352
GHCND:USW00094745,WESTCHESTER CO AIRPORT NY US,20071130,0,50,6,45,300,300,89,125,39
GHCND:USW00094745,WESTCHESTER CO AIRPORT NY US,20071201,0,28,-66,62,310,340,125,148,1334
GHCND:USW00094745,WESTCHESTER CO AIRPORT NY US,20071202,69,17,-82,21,360,80,58,63,2037
GHCND:USW00094745,WESTCHESTER CO AIRPORT NY US,20071203,99,83,-5,59,280,290,134,192,2333
GHCND:USW00094745,WESTCHESTER CO AIRPORT NY US,20071204,0,0,-32,86,310,290,139,192,1207
GHCND:USW00094745,WESTCHESTER CO AIRPORT NY US,20071205,0,-5,-43,36,300,290,81,103,56
GHCND:USW00094745,WESTCHESTER CO AIRPORT NY US,20071206,0,0,-82,27,320,290,67,81,1128
GHCND:USW00094745,WESTCHESTER CO AIRPORT NY US,20071207,3,6,-71,11,250,250,40,58,1450
GHCND:USW00094745,WESTCHESTER CO AIRPORT NY US,20071208,0,61,-16,24,310,290,76,94,1240
GHCND:USW00094745,WESTCHESTER CO AIRPORT NY US,20071209,81,22,-27,16,30,60,36,45,2354
GHCND:USW00094745,WESTCHESTER CO AIRPORT NY US,20071210,25,28,6,22,340,10,54,58,1019
GHCND:USW00094745,WESTCHESTER CO AIRPORT NY US,20071211,5,61,-21,20,210,200,72,94,2253
GHCND:USW00094745,WESTCHESTER CO AIRPORT NY US,20071212,0,100,-10,57,300,310,130,148,1507
GHCND:USW00094745,WESTCHESTER CO AIRPORT NY US,20071213,206,-5,-27,23,90,100,72,89,1811
GHCND:USW00094745,WESTCHESTER CO AIRPORT NY US,20071214,0,61,-27,35,310,310,103,130,1510
GHCND:USW00094745,WESTCHESTER CO AIRPORT NY US,20071215,0,6,-43,43,310,80,76,98,2325
GHCND:USW00094745,WESTCHESTER CO AIRPORT NY US,20071216,132,17,-49,64,290,280,130,165,2344
GHCND:USW00094745,WESTCHESTER CO AIRPORT NY US,20071217,0,-10,-55,94,300,300,148,206,1100
GHCND:USW00094745,WESTCHESTER CO AIRPORT NY US,20071218,0,17,-66,26,310,280,67,89,408
GHCND:USW00094745,WESTCHESTER CO AIRPORT NY US,20071219,33,44,-38,13,150,190,40,58,1724
GHCND:USW00094745,WESTCHESTER CO AIRPORT NY US,20071220,0,56,0,37,350,350,76,94,1333
GHCND:USW00094745,WESTCHESTER CO AIRPORT NY US,20071221,0,22,0,35,90,90,81,98,1405
GHCND:USW00094745,WESTCHESTER CO AIRPORT NY US,20071222,0,28,0,30,70,50,54,81,1508
GHCND:USW00094745,WESTCHESTER CO AIRPORT NY US,20071223,224,139,28,51,180,150,143,215,2006
GHCND:USW00094745,WESTCHESTER CO AIRPORT NY US,20071224,0,89,17,48,290,300,125,148,226
GHCND:USW00094745,WESTCHESTER CO AIRPORT NY US,20071225,0,56,-27,38,300,310,89,107,1308
GHCND:USW00094745,WESTCHESTER CO AIRPORT NY US,20071226,132,33,-43,25,40,50,54,72,2039
GHCND:USW00094745,WESTCHESTER CO AIRPORT NY US,20071227,3,33,11,23,20,20,58,72,425
GHCND:USW00094745,WESTCHESTER CO AIRPORT NY US,20071228,3,89,11,25,110,120,58,67,2318
GHCND:USW00094745,WESTCHESTER CO AIRPORT NY US,20071229,140,100,28,37,300,300,72,89,1240
GHCND:USW00094745,WESTCHESTER CO AIRPORT NY US,20071230,25,39,-21,26,70,70,67,89,2328
GHCND:USW00094745,WESTCHESTER CO AIRPORT NY US,20071231,58,61,-21,38,280,280,116,157,1134
GHCND:USW00094745,WESTCHESTER CO AIRPORT NY US,20080101,56,72,-38,35,130,140,89,125,1005
GHCND:USW00094745,WESTCHESTER CO AIRPORT NY US,20080102,0,22,-99,70,340,350,116,143,1348
GHCND:USW00094745,WESTCHESTER CO AIRPORT NY US,20080103,0,-66,-132,54,330,310,107,130,1338
GHCND:USW00094745,WESTCHESTER CO AIRPORT NY US,20080104,0,6,-127,24,270,260,67,89,1041
GHCND:USW00094745,WESTCHESTER CO AIRPORT NY US,20080105,23,44,-60,14,150,170,36,40,1454
GHCND:USW00094745,WESTCHESTER CO AIRPORT NY US,20080106,3,67,0,5,170,80,27,36,1542
GHCND:USW00094745,WESTCHESTER CO AIRPORT NY US,20080107,0,150,17,5,240,170,31,40,1437
GHCND:USW00094745,WESTCHESTER CO AIRPORT NY US,20080108,0,172,44,17,220,220,45,67,1416
GHCND:USW00094745,WESTCHESTER CO AIRPORT NY US,20080109,0,178,67,46,270,270,134,179,1305
GHCND:USW00094745,WESTCHESTER CO AIRPORT NY US,20080110,0,94,22,31,290,290,94,112,327
GHCND:USW00094745,WESTCHESTER CO AIRPORT NY US,20080111,236,117,33,29,270,280,76,98,1359
GHCND:USW00094745,WESTCHESTER CO AIRPORT NY US,20080112,0,83,-10,32,300,300,63,76,1157
GHCND:USW00094745,WESTCHESTER CO AIRPORT NY US,20080113,43,72,-21,41,120,120,89,125,2028
GHCND:USW00094745,WESTCHESTER CO AIRPORT NY US,20080114,20,22,0,26,350,50,58,76,57
GHCND:USW00094745,WESTCHESTER CO AIRPORT NY US,20080115,0,28,-10,49,310,310,94,103,2027
GHCND:USW00094745,WESTCHESTER CO AIRPORT NY US,20080116,0,33,-55,47,290,300,98,116,1431
GHCND:USW00094745,WESTCHESTER CO AIRPORT NY US,20080117,25,6,-66,25,120,120,63,81,1856
GHCND:USW00094745,WESTCHESTER CO AIRPORT NY US,20080118,86,89,6,45,270,260,98,134,1238
GHCND:USW00094745,WESTCHESTER CO AIRPORT NY US,20080119,0,17,-27,28,310,310,63,72,257
GHCND:USW00094745,WESTCHESTER CO AIRPORT NY US,20080120,0,0,-93,75,300,290,116,170,2056
GHCND:USW00094745,WESTCHESTER CO AIRPORT NY US,20080121,0,-38,-110,40,310,310,76,98,953
GHCND:USW00094745,WESTCHESTER CO AIRPORT NY US,20080122,0,28,-82,23,220,210,81,107,1153
GHCND:USW00094745,WESTCHESTER CO AIRPORT NY US,20080123,0,39,-32,43,290,300,89,103,1229
GHCND:USW00094745,WESTCHESTER CO AIRPORT NY US,20080124,0,-5,-77,31,350,350,89,112,2055
GHCND:USW00094745,WESTCHESTER CO AIRPORT NY US,20080125,0,0,-71,51,310,300,98,112,1436
GHCND:USW00094745,WESTCHESTER CO AIRPORT NY US,20080126,0,0,-60,21,310,270,45,63,37
GHCND:USW00094745,WESTCHESTER CO AIRPORT NY US,20080127,0,33,-32,38,340,360,76,94,1641
GHCND:USW00094745,WESTCHESTER CO AIRPORT NY US,20080128,0,50,-38,52,360,350,112,139,1030
GHCND:USW00094745,WESTCHESTER CO AIRPORT NY US,20080129,0,39,-49,22,300,300,67,72,433
GHCND:USW00094745,WESTCHESTER CO AIRPORT NY US,20080130,20,83,-10,49,280,280,134,183,1121
GHCND:USW00094745,WESTCHESTER CO AIRPORT NY US,20080131,0,33,-38,31,310,310,81,94,353
GHCND:USW00094745,WESTCHESTER CO AIRPORT NY US,20080201,439,94,-21,50,90,90,94,125,1552
GHCND:USW00094745,WESTCHESTER CO AIRPORT NY US,20080202,0,50,-5,43,290,290,94,112,1323
GHCND:USW00094745,WESTCHESTER CO AIRPORT NY US,20080203,0,89,-43,16,310,320,40,58,1640
GHCND:USW00094745,WESTCHESTER CO AIRPORT NY US,20080204,0,28,-27,22,110,110,45,67,2006
GHCND:USW00094745,WESTCHESTER CO AIRPORT NY US,20080205,38,94,22,24,270,280,54,67,1635
GHCND:USW00094745,WESTCHESTER CO AIRPORT NY US,20080206,18,172,50,26,90,90,67,98,2358
GHCND:USW00094745,WESTCHESTER CO AIRPORT NY US,20080207,18,89,11,36,310,310,116,157,138
GHCND:USW00094745,WESTCHESTER CO AIRPORT NY US,20080208,0,56,-21,21,300,290,63,72,1600
GHCND:USW00094745,WESTCHESTER CO AIRPORT NY US,20080209,41,33,-27,14,300,300,67,94,2334
GHCND:USW00094745,WESTCHESTER CO AIRPORT NY US,20080210,0,61,-110,65,310,290,170,206,2243
GHCND:USW00094745,WESTCHESTER CO AIRPORT NY US,20080211,0,-49,-127,83,310,290,165,192,109
GHCND:USW00094745,WESTCHESTER CO AIRPORT NY US,20080212,91,-10,-110,30,310,310,81,98,21
GHCND:USW00094745,WESTCHESTER CO AIRPORT NY US,20080213,485,111,-10,51,350,190,103,143,1050
GHCND:USW00094745,WESTCHESTER CO AIRPORT NY US,20080214,0,39,-27,60,340,360,139,174,524
GHCND:USW00094745,WESTCHESTER CO AIRPORT NY US,20080215,0,89,-27,41,300,320,94,112,2336
GHCND:USW00094745,WESTCHESTER CO AIRPORT NY US,20080216,0,0,-71,37,320,320,98,116,326
GHCND:USW00094745,WESTCHESTER CO AIRPORT NY US,20080217,74,100,-66,33,180,180,89,130,2351
GHCND:USW00094745,WESTCHESTER CO AIRPORT NY US,20080218,104,161,33,47,180,190,89,130,147
GHCND:USW00094745,WESTCHESTER CO AIRPORT NY US,20080219,0,44,-38,56,290,250,112,157,1223
GHCND:USW00094745,WESTCHESTER CO AIRPORT NY US,20080220,0,-5,-66,43,280,280,89,116,1215
GHCND:USW00094745,WESTCHESTER CO AIRPORT NY US,20080221,0,-5,-77,35,300,300,72,94,602
GHCND:USW00094745,WESTCHESTER CO AIRPORT NY US,20080222,140,6,-43,29,360,70,58,76,1519
GHCND:USW00094745,WESTCHESTER CO AIRPORT NY US,20080223,0,6,-43,25,310,330,40,54,2022
GHCND:USW00094745,WESTCHESTER CO AIRPORT NY US,20080224,0,28,-105,21,310,300,54,63,1521
GHCND:USW00094745,WESTCHESTER CO AIRPORT NY US,20080225,0,78,-71,23,260,270,54,67,1501
GHCND:USW00094745,WESTCHESTER CO AIRPORT NY US,20080226,170,50,-27,24,100,90,67,89,1734
GHCND:USW00094745,WESTCHESTER CO AIRPORT NY US,20080227,0,39,-71,66,300,310,116,143,2038
GHCND:USW00094745,WESTCHESTER CO AIRPORT NY US,20080228,0,-38,-88,72,300,300,107,130,825
GHCND:USW00094745,WESTCHESTER CO AIRPORT NY US,20080229,36,-5,-121,32,310,320,76,103,2
GHCND:USW00094745,WESTCHESTER CO AIRPORT NY US,20080301,46,56,-10,55,300,280,116,165,2013
GHCND:USW00094745,WESTCHESTER CO AIRPORT NY US,20080302,0,44,-32,56,300,310,116,157,429
GHCND:USW00094745,WESTCHESTER CO AIRPORT NY US,20080303,0,106,-49,29,190,190,72,98,1145
GHCND:USW00094745,WESTCHESTER CO AIRPORT NY US,20080304,84,150,33,24,10,20,67,76,1504
GHCND:USW00094745,WESTCHESTER CO AIRPORT NY US,20080305,89,139,17,57,180,190,134,197,445
GHCND:USW00094745,WESTCHESTER CO AIRPORT NY US,20080306,0,78,-27,21,180,180,67,94,1327
GHCND:USW00094745,WESTCHESTER CO AIRPORT NY US,20080307,221,78,-27,34,80,80,81,112,2002
GHCND:USW00094745,WESTCHESTER CO AIRPORT NY US,20080308,216,156,17,48,260,210,134,215,1929
GHCND:USW00094745,WESTCHESTER CO AIRPORT NY US,20080309,0,50,-21,79,300,270,134,179,105
GHCND:USW00094745,WESTCHESTER CO AIRPORT NY US,20080310,0,61,-43,48,310,320,89,112,17
GHCND:USW00094745,WESTCHESTER CO AIRPORT NY US,20080311,0,83,-16,26,180,270,63,76,1433
GHCND:USW00094745,WESTCHESTER CO AIRPORT NY US,20080312,0,83,0,55,300,320,134,174,1417
GHCND:USW00094745,WESTCHESTER CO AIRPORT NY US,20080313,0,61,-27,29,150,150,81,94,1626
GHCND:USW00094745,WESTCHESTER CO AIRPORT NY US,20080314,3,117,-5,25,130,140,81,98,1059
GHCND:USW00094745,WESTCHESTER CO AIRPORT NY US,20080315,20,122,39,43,70,100,89,116,122
GHCND:USW00094745,WESTCHESTER CO AIRPORT NY US,20080316,3,78,6,42,320,310,103,130,1942
GHCND:USW00094745,WESTCHESTER CO AIRPORT NY US,20080317,0,78,-21,68,350,360,112,143,752
GHCND:USW00094745,WESTCHESTER CO AIRPORT NY US,20080318,0,61,-16,33,130,80,58,81,2032
GHCND:USW00094745,WESTCHESTER CO AIRPORT NY US,20080319,254,94,28,32,90,80,58,72,1952
GHCND:USW00094745,WESTCHESTER CO AIRPORT NY US,20080320,53,111,11,94,300,290,161,219,1404
GHCND:USW00094745,WESTCHESTER CO AIRPORT NY US,20080321,0,56,-5,106,300,310,157,197,838
GHCND:USW00094745,WESTCHESTER CO AIRPORT NY US,20080322,0,89,-5,52,300,300,103,130,41
GHCND:USW00094745,WESTCHESTER CO AIRPORT NY US,20080323,0,72,-38,38,310,300,67,81,1357
GHCND:USW00094745,WESTCHESTER CO AIRPORT NY US,20080324,0,89,-43,31,360,350,72,94,2248
GHCND:USW00094745,WESTCHESTER CO AIRPORT NY US,20080325,0,72,-32,46,360,360,89,107,306
GHCND:USW00094745,WESTCHESTER CO AIRPORT NY US,20080326,0,144,44,43,280,290,107,143,1119
GHCND:USW00094745,WESTCHESTER CO AIRPORT NY US,20080327,8,83,0,13,30,50,40,63,1532
GHCND:USW00094745,WESTCHESTER CO AIRPORT NY US,20080328,15,61,17,31,330,320,72,94,2357
GHCND:USW00094745,WESTCHESTER CO AIRPORT NY US,20080329,0,72,-21,56,330,340,116,139,1322
GHCND:USW00094745,WESTCHESTER CO AIRPORT NY US,20080330,0,72,-55,31,340,340,67,81,1
GHCND:USW00094745,WESTCHESTER CO AIRPORT NY US,20080331,48,106,-16,28,130,120,58,72,702
GHCND:USW00094745,WESTCHESTER CO AIRPORT NY US,20080401,119,150,100,-9999,-9999,-9999,-9999,-9999,-9999
GHCND:USW00094745,WESTCHESTER CO AIRPORT NY US,20080402,0,100,-6,-9999,-9999,-9999,-9999,-9999,-9999
GHCND:USW00094745,WESTCHESTER CO AIRPORT NY US,20080403,13,94,-61,-9999,-9999,-9999,-9999,-9999,-9999
GHCND:USW00094745,WESTCHESTER CO AIRPORT NY US,20080404,119,100,28,-9999,-9999,-9999,-9999,-9999,-9999
GHCND:USW00094745,WESTCHESTER CO AIRPORT NY US,20080405,10,156,83,-9999,-9999,-9999,-9999,-9999,-9999
GHCND:USW00094745,WESTCHESTER CO AIRPORT NY US,20080406,0,89,44,-9999,-9999,-9999,-9999,-9999,-9999
GHCND:USW00094745,WESTCHESTER CO AIRPORT NY US,20080407,0,100,39,-9999,-9999,-9999,-9999,-9999,-9999
GHCND:USW00094745,WESTCHESTER CO AIRPORT NY US,20080408,0,122,39,-9999,-9999,-9999,-9999,-9999,-9999
GHCND:USW00094745,WESTCHESTER CO AIRPORT NY US,20080409,0,139,-9999,-9999,-9999,-9999,-9999,-9999,-9999
GHCND:USW00094745,WESTCHESTER CO AIRPORT NY US,20080410,3,217,78,-9999,-9999,-9999,-9999,-9999,-9999
GHCND:USW00094745,WESTCHESTER CO AIRPORT NY US,20080411,13,139,83,-9999,-9999,-9999,-9999,-9999,-9999
GHCND:USW00094745,WESTCHESTER CO AIRPORT NY US,20080412,64,228,78,-9999,-9999,-9999,-9999,-9999,-9999
GHCND:USW00094745,WESTCHESTER CO AIRPORT NY US,20080413,0,128,39,-9999,-9999,-9999,-9999,-9999,-9999
GHCND:USW00094745,WESTCHESTER CO AIRPORT NY US,20080414,0,128,-6,-9999,-9999,-9999,-9999,-9999,-9999
GHCND:USW00094745,WESTCHESTER CO AIRPORT NY US,20080415,0,144,-9999,-9999,-9999,-9999,-9999,-9999,-9999
GHCND:USW00094745,WESTCHESTER CO AIRPORT NY US,20080416,0,167,17,-9999,-9999,-9999,-9999,-9999,-9999
GHCND:USW00094745,WESTCHESTER CO AIRPORT NY US,20080417,0,-9999,22,-9999,-9999,-9999,-9999,-9999,-9999
GHCND:USW00094745,WESTCHESTER CO AIRPORT NY US,20080418,0,283,56,-9999,-9999,-9999,-9999,-9999,-9999
GHCND:USW00094745,WESTCHESTER CO AIRPORT NY US,20080419,0,222,89,-9999,-9999,-9999,-9999,-9999,-9999
GHCND:USW00094745,WESTCHESTER CO AIRPORT NY US,20080420,0,178,89,-9999,-9999,-9999,-9999,-9999,-9999
GHCND:USW00094745,WESTCHESTER CO AIRPORT NY US,20080421,0,178,83,-9999,-9999,-9999,-9999,-9999,-9999
GHCND:USW00094745,WESTCHESTER CO AIRPORT NY US,20080422,0,200,72,-9999,-9999,-9999,-9999,-9999,-9999
GHCND:USW00094745,WESTCHESTER CO AIRPORT NY US,20080423,0,250,78,-9999,-9999,-9999,-9999,-9999,-9999
GHCND:USW00094745,WESTCHESTER CO AIRPORT NY US,20080424,0,244,117,-9999,-9999,-9999,-9999,-9999,-9999
GHCND:USW00094745,WESTCHESTER CO AIRPORT NY US,20080429,25,139,67,-9999,-9999,-9999,-9999,-9999,-9999
GHCND:USW00094745,WESTCHESTER CO AIRPORT NY US,20080430,0,117,22,-9999,-9999,-9999,-9999,-9999,-9999
GHCND:USW00094745,WESTCHESTER CO AIRPORT NY US,20080501,8,144,0,30,150,150,76,103,1355
GHCND:USW00094745,WESTCHESTER CO AIRPORT NY US,20080502,28,106,83,41,110,80,76,112,1915
GHCND:USW00094745,WESTCHESTER CO AIRPORT NY US,20080503,3,117,67,49,100,70,81,125,1858
GHCND:USW00094745,WESTCHESTER CO AIRPORT NY US,20080504,15,217,78,26,360,350,67,89,1633
GHCND:USW00094745,WESTCHESTER CO AIRPORT NY US,20080505,0,211,72,24,350,360,76,94,200
GHCND:USW00094745,WESTCHESTER CO AIRPORT NY US,20080506,0,244,67,26,360,360,94,107,1445
GHCND:USW00094745,WESTCHESTER CO AIRPORT NY US,20080507,0,233,100,30,170,160,72,89,1712
GHCND:USW00094745,WESTCHESTER CO AIRPORT NY US,20080508,25,233,139,30,290,300,76,98,1515
GHCND:USW00094745,WESTCHESTER CO AIRPORT NY US,20080509,231,144,83,43,70,80,89,143,1215
GHCND:USW00094745,WESTCHESTER CO AIRPORT NY US,20080510,0,189,83,32,360,10,72,89,1004
GHCND:USW00094745,WESTCHESTER CO AIRPORT NY US,20080511,0,161,61,38,100,140,89,107,2334
GHCND:USW00094745,WESTCHESTER CO AIRPORT NY US,20080512,3,128,83,60,40,40,107,143,1617
GHCND:USW00094745,WESTCHESTER CO AIRPORT NY US,20080513,0,211,83,47,350,360,98,134,1015
GHCND:USW00094745,WESTCHESTER CO AIRPORT NY US,20080514,0,217,78,31,140,160,63,72,1808
GHCND:USW00094745,WESTCHESTER CO AIRPORT NY US,20080515,5,222,100,21,330,310,72,94,1644
GHCND:USW00094745,WESTCHESTER CO AIRPORT NY US,20080516,231,144,89,38,360,350,98,125,2312
GHCND:USW00094745,WESTCHESTER CO AIRPORT NY US,20080517,18,222,72,46,270,260,81,107,1728
GHCND:USW00094745,WESTCHESTER CO AIRPORT NY US,20080518,36,178,94,24,110,120,67,76,1544
GHCND:USW00094745,WESTCHESTER CO AIRPORT NY US,20080519,0,144,72,62,310,290,112,139,1425
GHCND:USW00094745,WESTCHESTER CO AIRPORT NY US,20080520,63,128,67,21,300,30,45,76,1237
GHCND:USW00094745,WESTCHESTER CO AIRPORT NY US,20080521,0,189,72,31,320,320,103,139,1640
GHCND:USW00094745,WESTCHESTER CO AIRPORT NY US,20080522,5,150,78,47,310,320,107,139,1829
GHCND:USW00094745,WESTCHESTER CO AIRPORT NY US,20080523,0,206,89,57,300,300,98,116,1634
GHCND:USW00094745,WESTCHESTER CO AIRPORT NY US,20080524,0,206,100,40,310,350,81,103,912
GHCND:USW00094745,WESTCHESTER CO AIRPORT NY US,20080525,0,244,89,33,330,190,67,76,1808
GHCND:USW00094745,WESTCHESTER CO AIRPORT NY US,20080526,0,239,94,36,180,170,89,107,1340
GHCND:USW00094745,WESTCHESTER CO AIRPORT NY US,20080527,170,278,122,29,350,360,161,197,1423
GHCND:USW00094745,WESTCHESTER CO AIRPORT NY US,20080528,0,189,83,44,350,350,112,139,220
GHCND:USW00094745,WESTCHESTER CO AIRPORT NY US,20080529,0,239,50,31,300,280,72,103,1252
GHCND:USW00094745,WESTCHESTER CO AIRPORT NY US,20080530,0,250,89,26,180,180,63,81,1800
GHCND:USW00094745,WESTCHESTER CO AIRPORT NY US,20080531,61,233,144,33,330,310,103,139,1856
GHCND:USW00094745,WESTCHESTER CO AIRPORT NY US,20080601,0,267,172,40,300,290,81,112,1357
GHCND:USW00094745,WESTCHESTER CO AIRPORT NY US,20080602,0,261,100,34,290,280,76,94,1457
GHCND:USW00094745,WESTCHESTER CO AIRPORT NY US,20080603,0,278,128,30,190,180,76,103,1434
GHCND:USW00094745,WESTCHESTER CO AIRPORT NY US,20080604,142,200,133,26,140,140,67,81,340
GHCND:USW00094745,WESTCHESTER CO AIRPORT NY US,20080605,0,211,150,29,130,130,63,76,2218
GHCND:USW00094745,WESTCHESTER CO AIRPORT NY US,20080606,0,217,144,30,120,130,58,72,30
GHCND:USW00094745,WESTCHESTER CO AIRPORT NY US,20080607,0,339,150,22,290,280,67,89,1922
GHCND:USW00094745,WESTCHESTER CO AIRPORT NY US,20080608,150,328,222,29,200,200,103,143,1550
GHCND:USW00094745,WESTCHESTER CO AIRPORT NY US,20080609,0,344,217,30,300,310,76,94,1126
GHCND:USW00094745,WESTCHESTER CO AIRPORT NY US,20080610,30,350,211,26,260,290,112,157,2047
GHCND:USW00094745,WESTCHESTER CO AIRPORT NY US,20080611,0,283,189,34,310,350,67,89,742
GHCND:USW00094745,WESTCHESTER CO AIRPORT NY US,20080612,0,278,167,31,360,330,72,98,1028
GHCND:USW00094745,WESTCHESTER CO AIRPORT NY US,20080613,0,261,144,25,170,70,58,89,734
GHCND:USW00094745,WESTCHESTER CO AIRPORT NY US,20080614,297,306,167,12,310,310,103,130,1816
GHCND:USW00094745,WESTCHESTER CO AIRPORT NY US,20080615,0,272,161,31,360,360,63,76,1220
GHCND:USW00094745,WESTCHESTER CO AIRPORT NY US,20080616,244,244,150,28,300,310,157,201,1802
GHCND:USW00094745,WESTCHESTER CO AIRPORT NY US,20080617,0,239,133,34,310,310,81,98,1709
GHCND:USW00094745,WESTCHESTER CO AIRPORT NY US,20080618,190,211,122,18,310,310,130,161,1810
GHCND:USW00094745,WESTCHESTER CO AIRPORT NY US,20080619,0,228,122,22,180,180,54,67,1945
GHCND:USW00094745,WESTCHESTER CO AIRPORT NY US,20080620,99,244,128,23,280,280,76,98,2253
GHCND:USW00094745,WESTCHESTER CO AIRPORT NY US,20080621,0,272,139,14,160,240,54,76,1251
GHCND:USW00094745,WESTCHESTER CO AIRPORT NY US,20080622,5,244,167,28,180,180,72,98,1204
GHCND:USW00094745,WESTCHESTER CO AIRPORT NY US,20080623,0,256,183,22,150,150,63,76,1417
GHCND:USW00094745,WESTCHESTER CO AIRPORT NY US,20080624,20,250,178,38,310,310,81,103,1742
GHCND:USW00094745,WESTCHESTER CO AIRPORT NY US,20080625,0,267,144,25,310,270,67,94,1458
GHCND:USW00094745,WESTCHESTER CO AIRPORT NY US,20080626,0,267,183,18,280,280,63,76,1644
GHCND:USW00094745,WESTCHESTER CO AIRPORT NY US,20080627,0,261,194,13,280,290,45,58,1140
GHCND:USW00094745,WESTCHESTER CO AIRPORT NY US,20080628,0,306,183,17,180,180,67,81,1608
GHCND:USW00094745,WESTCHESTER CO AIRPORT NY US,20080629,3,300,206,20,180,160,63,89,1343
GHCND:USW00094745,WESTCHESTER CO AIRPORT NY US,20080630,0,278,189,21,190,190,58,76,1921
GHCND:USW00094745,WESTCHESTER CO AIRPORT NY US,20080701,0,283,172,16,330,330,98,125,1747
GHCND:USW00094745,WESTCHESTER CO AIRPORT NY US,20080702,0,283,178,22,270,300,63,89,1444
GHCND:USW00094745,WESTCHESTER CO AIRPORT NY US,20080703,20,311,183,26,330,340,98,125,1649
GHCND:USW00094745,WESTCHESTER CO AIRPORT NY US,20080704,10,250,194,17,310,300,63,76,43
GHCND:USW00094745,WESTCHESTER CO AIRPORT NY US,20080705,97,233,194,17,140,70,36,54,727
GHCND:USW00094745,WESTCHESTER CO AIRPORT NY US,20080706,0,256,194,15,170,170,45,58,1032
GHCND:USW00094745,WESTCHESTER CO AIRPORT NY US,20080707,0,278,206,16,160,170,54,63,1505
GHCND:USW00094745,WESTCHESTER CO AIRPORT NY US,20080708,0,306,200,23,180,200,72,98,1340
GHCND:USW00094745,WESTCHESTER CO AIRPORT NY US,20080709,8,294,211,25,230,230,58,98,1631
GHCND:USW00094745,WESTCHESTER CO AIRPORT NY US,20080710,0,283,183,39,320,310,89,112,914
GHCND:USW00094745,WESTCHESTER CO AIRPORT NY US,20080711,0,289,156,13,90,110,45,63,1551
GHCND:USW00094745,WESTCHESTER CO AIRPORT NY US,20080712,0,283,178,32,160,160,72,94,1052
GHCND:USW00094745,WESTCHESTER CO AIRPORT NY US,20080713,0,272,189,42,150,170,89,103,1455
GHCND:USW00094745,WESTCHESTER CO AIRPORT NY US,20080714,140,267,183,15,290,290,81,98,449
GHCND:USW00094745,WESTCHESTER CO AIRPORT NY US,20080715,0,294,167,20,340,280,58,63,1413
GHCND:USW00094745,WESTCHESTER CO AIRPORT NY US,20080716,0,306,167,16,170,260,58,1314,2348
GHCND:USW00094745,WESTCHESTER CO AIRPORT NY US,20080717,0,317,183,15,290,270,67,72,1627
GHCND:USW00094745,WESTCHESTER CO AIRPORT NY US,20080718,0,333,200,21,290,270,54,72,1511
GHCND:USW00094745,WESTCHESTER CO AIRPORT NY US,20080719,0,339,222,17,270,260,58,76,1343
GHCND:USW00094745,WESTCHESTER CO AIRPORT NY US,20080720,0,322,217,32,180,180,81,112,1617
GHCND:USW00094745,WESTCHESTER CO AIRPORT NY US,20080721,0,317,222,22,300,290,58,76,1217
GHCND:USW00094745,WESTCHESTER CO AIRPORT NY US,20080722,0,278,211,31,130,90,63,89,1341
GHCND:USW00094745,WESTCHESTER CO AIRPORT NY US,20080723,239,239,200,28,300,240,76,116,2200
GHCND:USW00094745,WESTCHESTER CO AIRPORT NY US,20080724,147,267,161,29,160,190,67,98,1023
GHCND:USW00094745,WESTCHESTER CO AIRPORT NY US,20080725,0,289,156,20,280,290,63,81,1227
GHCND:USW00094745,WESTCHESTER CO AIRPORT NY US,20080726,0,294,167,22,170,170,72,98,1710
GHCND:USW00094745,WESTCHESTER CO AIRPORT NY US,20080727,69,256,183,18,150,160,67,89,1448
GHCND:USW00094745,WESTCHESTER CO AIRPORT NY US,20080728,0,289,161,16,250,230,54,67,1432
GHCND:USW00094745,WESTCHESTER CO AIRPORT NY US,20080729,0,306,183,30,300,310,72,94,1142
GHCND:USW00094745,WESTCHESTER CO AIRPORT NY US,20080730,71,289,194,17,110,90,40,63,1653
GHCND:USW00094745,WESTCHESTER CO AIRPORT NY US,20080731,0,306,211,14,270,270,54,63,1742
GHCND:USW00094745,WESTCHESTER CO AIRPORT NY US,20080801,0,300,194,19,320,310,54,63,1512
GHCND:USW00094745,WESTCHESTER CO AIRPORT NY US,20080802,170,250,172,16,310,310,116,143,1929
GHCND:USW00094745,WESTCHESTER CO AIRPORT NY US,20080803,0,261,161,41,300,310,67,81,1501
GHCND:USW00094745,WESTCHESTER CO AIRPORT NY US,20080804,0,272,178,29,300,300,63,76,1457
GHCND:USW00094745,WESTCHESTER CO AIRPORT NY US,20080805,0,278,178,32,150,160,58,72,1620
GHCND:USW00094745,WESTCHESTER CO AIRPORT NY US,20080806,353,294,189,29,310,300,76,94,1607
GHCND:USW00094745,WESTCHESTER CO AIRPORT NY US,20080807,0,283,178,16,150,270,72,103,1256
GHCND:USW00094745,WESTCHESTER CO AIRPORT NY US,20080808,132,261,167,26,310,310,116,139,1543
GHCND:USW00094745,WESTCHESTER CO AIRPORT NY US,20080809,0,256,167,30,300,310,67,81,619
GHCND:USW00094745,WESTCHESTER CO AIRPORT NY US,20080810,0,256,156,18,150,140,63,76,1119
GHCND:USW00094745,WESTCHESTER CO AIRPORT NY US,20080811,8,217,156,29,320,320,76,94,1422
GHCND:USW00094745,WESTCHESTER CO AIRPORT NY US,20080812,0,256,156,41,290,340,67,89,907
GHCND:USW00094745,WESTCHESTER CO AIRPORT NY US,20080813,0,267,156,22,290,300,58,72,1403
GHCND:USW00094745,WESTCHESTER CO AIRPORT NY US,20080814,0,272,178,17,330,260,89,1314,1953
GHCND:USW00094745,WESTCHESTER CO AIRPORT NY US,20080815,56,261,172,14,300,300,76,94,1646
GHCND:USW00094745,WESTCHESTER CO AIRPORT NY US,20080816,0,261,150,24,10,30,63,89,1612
GHCND:USW00094745,WESTCHESTER CO AIRPORT NY US,20080817,0,278,150,22,280,290,58,76,1212
GHCND:USW00094745,WESTCHESTER CO AIRPORT NY US,20080818,0,294,161,19,260,270,58,72,1450
GHCND:USW00094745,WESTCHESTER CO AIRPORT NY US,20080819,0,272,150,39,350,10,81,103,2313
GHCND:USW00094745,WESTCHESTER CO AIRPORT NY US,20080820,0,233,106,23,320,310,63,76,1202
GHCND:USW00094745,WESTCHESTER CO AIRPORT NY US,20080821,0,261,139,15,150,170,54,63,1309
GHCND:USW00094745,WESTCHESTER CO AIRPORT NY US,20080822,0,267,150,15,160,130,63,76,1507
GHCND:USW00094745,WESTCHESTER CO AIRPORT NY US,20080823,0,256,144,13,150,150,63,72,1404
GHCND:USW00094745,WESTCHESTER CO AIRPORT NY US,20080824,0,272,167,13,160,180,54,63,1711
GHCND:USW00094745,WESTCHESTER CO AIRPORT NY US,20080825,0,283,167,30,350,360,67,89,2309
GHCND:USW00094745,WESTCHESTER CO AIRPORT NY US,20080826,0,239,122,38,350,360,76,98,1244
GHCND:USW00094745,WESTCHESTER CO AIRPORT NY US,20080827,0,244,128,24,140,170,58,72,1142
GHCND:USW00094745,WESTCHESTER CO AIRPORT NY US,20080828,0,272,133,21,130,140,58,76,1310
GHCND:USW00094745,WESTCHESTER CO AIRPORT NY US,20080829,28,250,150,13,160,150,58,72,1524
GHCND:USW00094745,WESTCHESTER CO AIRPORT NY US,20080830,28,278,183,18,320,80,45,63,505
GHCND:USW00094745,WESTCHESTER CO AIRPORT NY US,20080831,0,278,156,37,350,10,89,107,1134
GHCND:USW00094745,WESTCHESTER CO AIRPORT NY US,20080901,0,283,144,42,350,360,89,134,1211
GHCND:USW00094745,WESTCHESTER CO AIRPORT NY US,20080902,0,300,161,36,340,320,67,89,1507
GHCND:USW00094745,WESTCHESTER CO AIRPORT NY US,20080903,0,283,178,17,170,170,58,63,1723
GHCND:USW00094745,WESTCHESTER CO AIRPORT NY US,20080904,0,322,194,22,150,160,58,67,1723
GHCND:USW00094745,WESTCHESTER CO AIRPORT NY US,20080905,0,289,200,35,170,160,81,103,1455
GHCND:USW00094745,WESTCHESTER CO AIRPORT NY US,20080906,1123,267,211,39,360,350,130,165,2118
GHCND:USW00094745,WESTCHESTER CO AIRPORT NY US,20080907,0,261,167,43,300,310,107,139,254
GHCND:USW00094745,WESTCHESTER CO AIRPORT NY US,20080908,0,267,161,26,180,280,54,67,1455
GHCND:USW00094745,WESTCHESTER CO AIRPORT NY US,20080909,130,228,167,24,300,310,139,197,955
GHCND:USW00094745,WESTCHESTER CO AIRPORT NY US,20080910,0,217,122,30,360,360,76,94,735
GHCND:USW00094745,WESTCHESTER CO AIRPORT NY US,20080911,0,222,139,21,150,90,58,67,1036
GHCND:USW00094745,WESTCHESTER CO AIRPORT NY US,20080912,112,200,156,23,180,190,63,81,1109
GHCND:USW00094745,WESTCHESTER CO AIRPORT NY US,20080913,0,244,178,13,160,160,36,40,2358
GHCND:USW00094745,WESTCHESTER CO AIRPORT NY US,20080914,0,300,200,29,160,160,63,72,1555
GHCND:USW00094745,WESTCHESTER CO AIRPORT NY US,20080915,0,278,161,56,300,300,89,130,453
GHCND:USW00094745,WESTCHESTER CO AIRPORT NY US,20080916,0,189,128,13,50,80,40,54,902
GHCND:USW00094745,WESTCHESTER CO AIRPORT NY US,20080917,0,217,117,21,30,350,54,67,859
GHCND:USW00094745,WESTCHESTER CO AIRPORT NY US,20080918,0,222,122,47,350,360,94,112,1225
GHCND:USW00094745,WESTCHESTER CO AIRPORT NY US,20080919,0,172,89,28,60,70,67,89,859
GHCND:USW00094745,WESTCHESTER CO AIRPORT NY US,20080920,0,189,89,19,140,140,45,58,1126
GHCND:USW00094745,WESTCHESTER CO AIRPORT NY US,20080921,0,256,100,16,360,360,63,89,2300
GHCND:USW00094745,WESTCHESTER CO AIRPORT NY US,20080922,0,217,122,33,10,10,67,81,918
GHCND:USW00094745,WESTCHESTER CO AIRPORT NY US,20080923,0,200,100,22,80,60,58,72,900
GHCND:USW00094745,WESTCHESTER CO AIRPORT NY US,20080924,0,194,100,26,120,70,63,76,1435
GHCND:USW00094745,WESTCHESTER CO AIRPORT NY US,20080925,10,178,100,38,70,60,67,94,2349
GHCND:USW00094745,WESTCHESTER CO AIRPORT NY US,20080926,320,189,133,47,60,50,81,112,138
GHCND:USW00094745,WESTCHESTER CO AIRPORT NY US,20080927,0,206,167,24,70,50,58,72,1500
GHCND:USW00094745,WESTCHESTER CO AIRPORT NY US,20080928,13,228,189,16,340,350,58,72,2221
GHCND:USW00094745,WESTCHESTER CO AIRPORT NY US,20080929,0,222,139,47,350,350,94,107,852
GHCND:USW00094745,WESTCHESTER CO AIRPORT NY US,20080930,0,211,133,15,10,170,40,45,1457
GHCND:USW00094745,WESTCHESTER CO AIRPORT NY US,20081001,20,211,133,17,310,310,98,125,1721
GHCND:USW00094745,WESTCHESTER CO AIRPORT NY US,20081002,3,161,100,47,310,310,112,139,1056
GHCND:USW00094745,WESTCHESTER CO AIRPORT NY US,20081003,0,167,61,29,340,270,98,134,1404
GHCND:USW00094745,WESTCHESTER CO AIRPORT NY US,20081004,0,167,50,15,290,300,63,72,1201
GHCND:USW00094745,WESTCHESTER CO AIRPORT NY US,20081005,51,156,89,19,310,10,54,63,2348
GHCND:USW00094745,WESTCHESTER CO AIRPORT NY US,20081006,0,167,50,32,350,350,76,107,1318
GHCND:USW00094745,WESTCHESTER CO AIRPORT NY US,20081007,0,161,33,31,320,310,72,89,1244
GHCND:USW00094745,WESTCHESTER CO AIRPORT NY US,20081008,0,183,50,17,160,160,58,67,1447
GHCND:USW00094745,WESTCHESTER CO AIRPORT NY US,20081009,13,233,139,27,290,290,67,94,1355
GHCND:USW00094745,WESTCHESTER CO AIRPORT NY US,20081010,0,211,100,27,330,320,63,76,341
GHCND:USW00094745,WESTCHESTER CO AIRPORT NY US,20081011,0,206,89,24,20,30,58,72,38
GHCND:USW00094745,WESTCHESTER CO AIRPORT NY US,20081012,0,200,89,16,160,140,40,54,1330
GHCND:USW00094745,WESTCHESTER CO AIRPORT NY US,20081013,0,206,122,28,310,300,58,67,1357
GHCND:USW00094745,WESTCHESTER CO AIRPORT NY US,20081014,0,194,117,22,170,180,63,81,1306
GHCND:USW00094745,WESTCHESTER CO AIRPORT NY US,20081015,0,206,94,17,340,350,63,76,830
GHCND:USW00094745,WESTCHESTER CO AIRPORT NY US,20081016,5,239,100,29,320,310,94,116,1717
GHCND:USW00094745,WESTCHESTER CO AIRPORT NY US,20081017,0,144,61,41,350,350,76,98,1100
GHCND:USW00094745,WESTCHESTER CO AIRPORT NY US,20081018,0,133,39,43,20,20,72,89,1222
GHCND:USW00094745,WESTCHESTER CO AIRPORT NY US,20081019,0,122,22,41,360,60,81,107,1005
GHCND:USW00094745,WESTCHESTER CO AIRPORT NY US,20081020,0,150,0,27,340,360,63,72,1017
GHCND:USW00094745,WESTCHESTER CO AIRPORT NY US,20081021,0,150,22,34,300,290,116,148,1813
GHCND:USW00094745,WESTCHESTER CO AIRPORT NY US,20081022,0,94,28,74,350,360,125,161,1109
GHCND:USW00094745,WESTCHESTER CO AIRPORT NY US,20081023,0,117,0,27,350,350,63,72,753
GHCND:USW00094745,WESTCHESTER CO AIRPORT NY US,20081024,0,133,-16,17,210,180,54,72,1349
GHCND:USW00094745,WESTCHESTER CO AIRPORT NY US,20081025,185,178,78,60,160,160,134,197,1743
GHCND:USW00094745,WESTCHESTER CO AIRPORT NY US,20081026,0,167,94,25,310,300,63,89,1328
GHCND:USW00094745,WESTCHESTER CO AIRPORT NY US,20081027,0,172,50,33,360,360,98,125,2154
GHCND:USW00094745,WESTCHESTER CO AIRPORT NY US,20081028,340,89,33,81,290,300,134,165,1705
GHCND:USW00094745,WESTCHESTER CO AIRPORT NY US,20081029,0,83,28,67,270,280,112,157,0
GHCND:USW00094745,WESTCHESTER CO AIRPORT NY US,20081030,0,83,0,41,290,300,81,103,1349
GHCND:USW00094745,WESTCHESTER CO AIRPORT NY US,20081031,0,172,6,29,270,270,58,72,1913
GHCND:USW00094745,WESTCHESTER CO AIRPORT NY US,20081101,0,178,61,26,310,290,67,89,1118
GHCND:USW00094745,WESTCHESTER CO AIRPORT NY US,20081102,0,94,6,23,350,350,67,89,549
GHCND:USW00094745,WESTCHESTER CO AIRPORT NY US,20081103,0,122,39,10,130,140,40,54,754
GHCND:USW00094745,WESTCHESTER CO AIRPORT NY US,20081104,0,167,56,10,160,110,40,45,1445
GHCND:USW00094745,WESTCHESTER CO AIRPORT NY US,20081105,28,189,111,31,30,360,72,107,2115
GHCND:USW00094745,WESTCHESTER CO AIRPORT NY US,20081106,13,172,144,47,40,40,76,107,320
GHCND:USW00094745,WESTCHESTER CO AIRPORT NY US,20081107,0,167,139,15,360,350,40,54,322
GHCND:USW00094745,WESTCHESTER CO AIRPORT NY US,20081108,61,144,106,27,310,310,72,81,2357
GHCND:USW00094745,WESTCHESTER CO AIRPORT NY US,20081109,0,128,50,31,300,290,72,103,1410
GHCND:USW00094745,WESTCHESTER CO AIRPORT NY US,20081110,0,100,33,43,310,270,89,107,813
GHCND:USW00094745,WESTCHESTER CO AIRPORT NY US,20081111,0,94,11,40,300,270,89,107,1507
GHCND:USW00094745,WESTCHESTER CO AIRPORT NY US,20081112,0,89,6,7,300,270,40,45,1414
GHCND:USW00094745,WESTCHESTER CO AIRPORT NY US,20081113,48,122,39,25,130,120,63,89,1456
GHCND:USW00094745,WESTCHESTER CO AIRPORT NY US,20081114,20,156,122,11,170,110,36,54,1549
GHCND:USW00094745,WESTCHESTER CO AIRPORT NY US,20081115,188,178,133,38,180,190,103,157,1744
GHCND:USW00094745,WESTCHESTER CO AIRPORT NY US,20081116,18,150,33,61,300,280,125,165,1218
GHCND:USW00094745,WESTCHESTER CO AIRPORT NY US,20081117,0,72,0,30,300,300,67,81,1315
GHCND:USW00094745,WESTCHESTER CO AIRPORT NY US,20081118,0,33,-32,64,340,320,116,157,2316
GHCND:USW00094745,WESTCHESTER CO AIRPORT NY US,20081119,0,11,-43,59,340,350,116,148,2
GHCND:USW00094745,WESTCHESTER CO AIRPORT NY US,20081120,0,22,-43,29,300,310,67,89,1737
GHCND:USW00094745,WESTCHESTER CO AIRPORT NY US,20081121,0,22,-55,43,300,300,103,125,2304
GHCND:USW00094745,WESTCHESTER CO AIRPORT NY US,20081122,0,-10,-60,81,300,300,130,165,1350
GHCND:USW00094745,WESTCHESTER CO AIRPORT NY US,20081123,0,17,-60,33,300,310,98,125,29
GHCND:USW00094745,WESTCHESTER CO AIRPORT NY US,20081124,33,89,-43,28,180,180,81,107,1404
GHCND:USW00094745,WESTCHESTER CO AIRPORT NY US,20081125,71,78,6,18,290,290,72,81,1350
GHCND:USW00094745,WESTCHESTER CO AIRPORT NY US,20081126,0,61,-5,21,270,270,72,94,1135
GHCND:USW00094745,WESTCHESTER CO AIRPORT NY US,20081127,0,67,-21,20,310,300,67,81,1435
GHCND:USW00094745,WESTCHESTER CO AIRPORT NY US,20081128,0,89,-21,28,300,300,107,130,1226
GHCND:USW00094745,WESTCHESTER CO AIRPORT NY US,20081129,0,61,-21,28,300,270,63,76,1603
GHCND:USW00094745,WESTCHESTER CO AIRPORT NY US,20081130,30,50,-27,43,70,70,89,125,1610
GHCND:USW00094745,WESTCHESTER CO AIRPORT NY US,20081201,20,117,50,34,230,240,72,98,2003
GHCND:USW00094745,WESTCHESTER CO AIRPORT NY US,20081202,0,67,0,30,300,260,67,94,1122
GHCND:USW00094745,WESTCHESTER CO AIRPORT NY US,20081203,0,50,-32,17,260,260,54,72,939
GHCND:USW00094745,WESTCHESTER CO AIRPORT NY US,20081204,0,83,-5,22,300,240,67,94,920
GHCND:USW00094745,WESTCHESTER CO AIRPORT NY US,20081205,0,39,-43,39,310,310,81,98,211
GHCND:USW00094745,WESTCHESTER CO AIRPORT NY US,20081206,0,17,-66,7,250,200,40,58,1435
GHCND:USW00094745,WESTCHESTER CO AIRPORT NY US,20081207,0,11,-77,71,310,290,170,206,1744
GHCND:USW00094745,WESTCHESTER CO AIRPORT NY US,20081208,0,-27,-82,38,290,300,134,157,243
GHCND:USW00094745,WESTCHESTER CO AIRPORT NY US,20081209,0,122,-38,30,180,180,76,107,1712
GHCND:USW00094745,WESTCHESTER CO AIRPORT NY US,20081210,51,144,44,42,360,360,81,98,2040
GHCND:USW00094745,WESTCHESTER CO AIRPORT NY US,20081211,394,44,17,43,350,10,81,98,241
GHCND:USW00094745,WESTCHESTER CO AIRPORT NY US,20081212,229,67,-10,59,300,300,130,157,1925
GHCND:USW00094745,WESTCHESTER CO AIRPORT NY US,20081213,0,-10,-60,46,310,310,103,139,540
GHCND:USW00094745,WESTCHESTER CO AIRPORT NY US,20081214,0,89,-60,22,200,210,72,98,1055
GHCND:USW00094745,WESTCHESTER CO AIRPORT NY US,20081215,8,161,78,28,280,280,76,94,2352
GHCND:USW00094745,WESTCHESTER CO AIRPORT NY US,20081216,8,128,-21,44,310,310,125,143,40
GHCND:USW00094745,WESTCHESTER CO AIRPORT NY US,20081217,3,39,-16,31,320,310,76,98,2038
GHCND:USW00094745,WESTCHESTER CO AIRPORT NY US,20081218,0,44,-32,14,310,240,45,63,1423
GHCND:USW00094745,WESTCHESTER CO AIRPORT NY US,20081219,84,-5,-38,38,80,70,98,116,1827
GHCND:USW00094745,WESTCHESTER CO AIRPORT NY US,20081220,0,-27,-71,39,10,30,67,89,118
GHCND:USW00094745,WESTCHESTER CO AIRPORT NY US,20081221,76,28,-49,62,290,290,130,179,2303
GHCND:USW00094745,WESTCHESTER CO AIRPORT NY US,20081222,0,-38,-116,86,300,290,157,183,1850
GHCND:USW00094745,WESTCHESTER CO AIRPORT NY US,20081223,0,-21,-121,21,300,290,89,125,48
GHCND:USW00094745,WESTCHESTER CO AIRPORT NY US,20081224,41,117,-21,23,220,210,67,116,2344
GHCND:USW00094745,WESTCHESTER CO AIRPORT NY US,20081225,13,122,-38,59,290,270,157,206,257
GHCND:USW00094745,WESTCHESTER CO AIRPORT NY US,20081226,0,28,-55,19,120,140,45,76,1545
GHCND:USW00094745,WESTCHESTER CO AIRPORT NY US,20081227,0,67,11,10,230,220,36,58,1304
GHCND:USW00094745,WESTCHESTER CO AIRPORT NY US,20081228,3,172,56,42,280,280,112,139,1911
GHCND:USW00094745,WESTCHESTER CO AIRPORT NY US,20081229,0,61,0,45,310,310,134,165,57
GHCND:USW00094745,WESTCHESTER CO AIRPORT NY US,20081230,0,50,-32,67,300,300,139,210,923
GHCND:USW00094745,WESTCHESTER CO AIRPORT NY US,20081231,5,-10,-99,73,310,310,161,201,2131
