STATION,STATION_NAME,DATE,MDPR,PRCP,SNWD,SNOW,TMAX,TMIN,AWND,WDF2,WDF5,WSF2,WSF5,PGTM
GHCND:USW00013988,KANSAS CITY DOWNTOWN AIRPORT MO US,20070101,-9999,0,0,0,56,-28,25,300,290,58,81,103
GHCND:USW00013988,KANSAS CITY DOWNTOWN AIRPORT MO US,20070102,-9999,0,0,0,78,-39,26,210,210,67,94,2129
GHCND:USW00013988,KANSAS CITY DOWNTOWN AIRPORT MO US,20070103,-9999,0,0,0,117,17,60,200,200,112,139,1548
GHCND:USW00013988,KANSAS CITY DOWNTOWN AIRPORT MO US,20070104,-9999,0,0,0,111,67,59,210,210,103,139,431
GHCND:USW00013988,KANSAS CITY DOWNTOWN AIRPORT MO US,20070105,-9999,10,0,0,89,44,20,330,320,58,76,2356
GHCND:USW00013988,KANSAS CITY DOWNTOWN AIRPORT MO US,20070106,-9999,0,0,0,89,-11,19,330,310,63,81,44
GHCND:USW00013988,KANSAS CITY DOWNTOWN AIRPORT MO US,20070107,-9999,0,0,0,67,-22,33,330,330,98,139,1502
GHCND:USW00013988,KANSAS CITY DOWNTOWN AIRPORT MO US,20070108,-9999,0,0,0,111,-22,51,250,330,94,134,2143
GHCND:USW00013988,KANSAS CITY DOWNTOWN AIRPORT MO US,20070109,-9999,0,0,0,56,-11,41,320,290,107,148,521
GHCND:USW00013988,KANSAS CITY DOWNTOWN AIRPORT MO US,20070110,-9999,0,0,0,128,-11,71,200,210,148,197,1255
GHCND:USW00013988,KANSAS CITY DOWNTOWN AIRPORT MO US,20070111,-9999,0,0,0,156,17,-9999,190,180,107,139,1536
GHCND:USW00013988,KANSAS CITY DOWNTOWN AIRPORT MO US,20070112,-9999,23,0,0,17,-83,47,350,320,67,94,16
GHCND:USW00013988,KANSAS CITY DOWNTOWN AIRPORT MO US,20070113,-9999,15,0,8,-72,-89,38,10,360,72,94,140
GHCND:USW00013988,KANSAS CITY DOWNTOWN AIRPORT MO US,20070114,-9999,86,0,13,-22,-78,33,330,320,72,98,1846
GHCND:USW00013988,KANSAS CITY DOWNTOWN AIRPORT MO US,20070115,-9999,0,25,0,-22,-139,44,320,320,81,112,747
GHCND:USW00013988,KANSAS CITY DOWNTOWN AIRPORT MO US,20070116,-9999,0,25,0,-22,-172,19,310,320,45,63,337
GHCND:USW00013988,KANSAS CITY DOWNTOWN AIRPORT MO US,20070117,-9999,0,25,0,-28,-117,36,200,210,81,107,2344
GHCND:USW00013988,KANSAS CITY DOWNTOWN AIRPORT MO US,20070118,-9999,0,0,0,33,-28,53,320,320,103,139,1501
GHCND:USW00013988,KANSAS CITY DOWNTOWN AIRPORT MO US,20070119,-9999,0,0,0,56,-50,20,240,230,72,94,1433
GHCND:USW00013988,KANSAS CITY DOWNTOWN AIRPORT MO US,20070120,-9999,81,0,81,56,-50,23,110,110,58,89,2349
GHCND:USW00013988,KANSAS CITY DOWNTOWN AIRPORT MO US,20070121,-9999,10,76,10,17,-17,27,110,120,67,81,323
GHCND:USW00013988,KANSAS CITY DOWNTOWN AIRPORT MO US,20070122,-9999,0,76,0,-17,-67,29,250,240,58,76,1834
GHCND:USW00013988,KANSAS CITY DOWNTOWN AIRPORT MO US,20070123,-9999,0,76,0,28,-72,25,230,250,54,67,955
GHCND:USW00013988,KANSAS CITY DOWNTOWN AIRPORT MO US,20070124,-9999,0,51,0,61,-17,26,320,310,67,94,1547
GHCND:USW00013988,KANSAS CITY DOWNTOWN AIRPORT MO US,20070125,-9999,0,25,0,67,-50,13,220,230,45,58,1638
GHCND:USW00013988,KANSAS CITY DOWNTOWN AIRPORT MO US,20070126,-9999,0,0,0,117,6,52,220,210,125,157,1458
GHCND:USW00013988,KANSAS CITY DOWNTOWN AIRPORT MO US,20070127,-9999,0,0,0,17,-89,52,320,330,107,157,1906
GHCND:USW00013988,KANSAS CITY DOWNTOWN AIRPORT MO US,20070128,-9999,0,0,0,-33,-122,41,320,320,81,112,651
GHCND:USW00013988,KANSAS CITY DOWNTOWN AIRPORT MO US,20070129,-9999,0,0,0,67,-83,50,320,330,130,157,2351
GHCND:USW00013988,KANSAS CITY DOWNTOWN AIRPORT MO US,20070130,-9999,0,0,0,-61,-133,42,320,320,112,143,2357
GHCND:USW00013988,KANSAS CITY DOWNTOWN AIRPORT MO US,20070131,-9999,5,0,25,-50,-106,30,200,210,63,76,1016
GHCND:USW00013988,KANSAS CITY DOWNTOWN AIRPORT MO US,20070201,-9999,0,0,0,-6,-83,20,330,320,98,134,2323
GHCND:USW00013988,KANSAS CITY DOWNTOWN AIRPORT MO US,20070202,-9999,0,0,0,-39,-139,64,340,220,103,139,2128
GHCND:USW00013988,KANSAS CITY DOWNTOWN AIRPORT MO US,20070203,-9999,0,0,0,-67,-139,36,320,340,81,125,422
GHCND:USW00013988,KANSAS CITY DOWNTOWN AIRPORT MO US,20070204,-9999,0,0,0,-39,-111,27,330,330,72,94,1023
GHCND:USW00013988,KANSAS CITY DOWNTOWN AIRPORT MO US,20070205,-9999,0,0,0,-44,-106,42,70,60,67,81,1749
GHCND:USW00013988,KANSAS CITY DOWNTOWN AIRPORT MO US,20070206,-9999,0,0,0,139,-89,39,10,360,94,125,2116
GHCND:USW00013988,KANSAS CITY DOWNTOWN AIRPORT MO US,20070207,-9999,0,0,0,-33,-89,45,20,60,72,89,1653
GHCND:USW00013988,KANSAS CITY DOWNTOWN AIRPORT MO US,20070208,-9999,0,0,0,-33,-72,33,60,50,63,67,2304
GHCND:USW00013988,KANSAS CITY DOWNTOWN AIRPORT MO US,20070209,-9999,0,0,0,-50,-78,33,360,360,58,67,2245
GHCND:USW00013988,KANSAS CITY DOWNTOWN AIRPORT MO US,20070210,-9999,0,0,0,-22,-94,18,10,330,54,63,102
GHCND:USW00013988,KANSAS CITY DOWNTOWN AIRPORT MO US,20070211,-9999,0,0,0,56,-56,36,210,220,89,103,1543
GHCND:USW00013988,KANSAS CITY DOWNTOWN AIRPORT MO US,20070212,-9999,109,0,13,28,-11,44,50,60,89,130,2038
GHCND:USW00013988,KANSAS CITY DOWNTOWN AIRPORT MO US,20070213,-9999,30,0,76,-11,-94,67,10,20,112,143,648
GHCND:USW00013988,KANSAS CITY DOWNTOWN AIRPORT MO US,20070214,-9999,0,0,0,-61,-144,37,20,10,63,81,26
GHCND:USW00013988,KANSAS CITY DOWNTOWN AIRPORT MO US,20070215,-9999,0,0,0,-94,-156,32,360,10,63,76,11
GHCND:USW00013988,KANSAS CITY DOWNTOWN AIRPORT MO US,20070216,-9999,0,0,51,28,-156,59,200,200,134,174,1424
GHCND:USW00013988,KANSAS CITY DOWNTOWN AIRPORT MO US,20070217,-9999,0,0,0,28,-156,56,330,330,125,174,159
GHCND:USW00013988,KANSAS CITY DOWNTOWN AIRPORT MO US,20070218,-9999,0,0,0,106,-72,35,190,190,98,125,1729
GHCND:USW00013988,KANSAS CITY DOWNTOWN AIRPORT MO US,20070219,-9999,0,0,0,144,22,60,220,210,130,179,339
GHCND:USW00013988,KANSAS CITY DOWNTOWN AIRPORT MO US,20070220,-9999,0,0,0,139,6,17,100,100,54,72,822
GHCND:USW00013988,KANSAS CITY DOWNTOWN AIRPORT MO US,20070221,-9999,0,0,0,178,0,29,210,210,94,112,1406
GHCND:USW00013988,KANSAS CITY DOWNTOWN AIRPORT MO US,20070222,-9999,0,0,0,178,0,25,60,30,63,81,932
GHCND:USW00013988,KANSAS CITY DOWNTOWN AIRPORT MO US,20070223,-9999,0,0,0,167,33,58,140,150,103,165,2108
GHCND:USW00013988,KANSAS CITY DOWNTOWN AIRPORT MO US,20070224,-9999,178,0,0,111,44,40,150,130,103,157,41
GHCND:USW00013988,KANSAS CITY DOWNTOWN AIRPORT MO US,20070225,-9999,25,0,0,-6,56,64,290,280,107,161,1457
GHCND:USW00013988,KANSAS CITY DOWNTOWN AIRPORT MO US,20070226,-9999,0,0,0,72,-22,17,310,300,45,72,1349
GHCND:USW00013988,KANSAS CITY DOWNTOWN AIRPORT MO US,20070227,-9999,0,0,0,100,-33,31,90,80,76,98,2352
GHCND:USW00013988,KANSAS CITY DOWNTOWN AIRPORT MO US,20070228,-9999,363,0,0,172,-33,47,90,100,81,107,605
GHCND:USW00013988,KANSAS CITY DOWNTOWN AIRPORT MO US,20070301,-9999,30,0,0,89,-33,70,290,260,139,197,1410
GHCND:USW00013988,KANSAS CITY DOWNTOWN AIRPORT MO US,20070302,-9999,0,0,0,61,-11,73,270,250,125,210,1310
GHCND:USW00013988,KANSAS CITY DOWNTOWN AIRPORT MO US,20070303,-9999,0,0,0,6,-67,61,320,320,112,148,21
GHCND:USW00013988,KANSAS CITY DOWNTOWN AIRPORT MO US,20070304,-9999,0,0,0,133,-78,31,250,250,72,98,1251
GHCND:USW00013988,KANSAS CITY DOWNTOWN AIRPORT MO US,20070305,-9999,0,0,0,189,0,33,40,40,89,103,1839
GHCND:USW00013988,KANSAS CITY DOWNTOWN AIRPORT MO US,20070306,-9999,0,0,0,200,-17,40,80,240,67,98,2231
GHCND:USW00013988,KANSAS CITY DOWNTOWN AIRPORT MO US,20070307,-9999,0,0,0,106,0,36,20,20,72,94,1509
GHCND:USW00013988,KANSAS CITY DOWNTOWN AIRPORT MO US,20070308,-9999,0,0,0,150,-11,25,190,120,54,63,1607
GHCND:USW00013988,KANSAS CITY DOWNTOWN AIRPORT MO US,20070309,-9999,33,0,0,189,67,29,350,350,72,94,1754
GHCND:USW00013988,KANSAS CITY DOWNTOWN AIRPORT MO US,20070310,-9999,0,0,0,156,6,25,100,70,63,76,1655
GHCND:USW00013988,KANSAS CITY DOWNTOWN AIRPORT MO US,20070311,-9999,0,0,0,172,78,24,140,130,63,81,1213
GHCND:USW00013988,KANSAS CITY DOWNTOWN AIRPORT MO US,20070312,-9999,0,0,0,222,83,30,240,230,76,112,1617
GHCND:USW00013988,KANSAS CITY DOWNTOWN AIRPORT MO US,20070313,-9999,0,0,0,250,122,47,220,220,103,130,1554
GHCND:USW00013988,KANSAS CITY DOWNTOWN AIRPORT MO US,20070314,-9999,0,0,0,244,94,50,40,40,103,134,2205
GHCND:USW00013988,KANSAS CITY DOWNTOWN AIRPORT MO US,20070315,-9999,0,0,0,133,61,49,30,30,81,107,1828
GHCND:USW00013988,KANSAS CITY DOWNTOWN AIRPORT MO US,20070316,-9999,0,0,0,117,0,29,360,10,58,76,1013
GHCND:USW00013988,KANSAS CITY DOWNTOWN AIRPORT MO US,20070317,-9999,0,0,0,94,17,50,70,70,81,130,1341
GHCND:USW00013988,KANSAS CITY DOWNTOWN AIRPORT MO US,20070318,-9999,0,0,0,161,11,50,190,200,81,112,2358
GHCND:USW00013988,KANSAS CITY DOWNTOWN AIRPORT MO US,20070319,-9999,0,0,0,189,6,44,210,210,94,116,58
GHCND:USW00013988,KANSAS CITY DOWNTOWN AIRPORT MO US,20070320,-9999,0,0,0,117,67,45,90,80,89,116,517
GHCND:USW00013988,KANSAS CITY DOWNTOWN AIRPORT MO US,20070321,-9999,0,0,0,228,67,69,200,190,134,170,1403
GHCND:USW00013988,KANSAS CITY DOWNTOWN AIRPORT MO US,20070322,-9999,206,0,0,200,100,37,230,220,98,139,108
GHCND:USW00013988,KANSAS CITY DOWNTOWN AIRPORT MO US,20070323,-9999,0,0,0,200,133,25,220,220,63,81,1308
GHCND:USW00013988,KANSAS CITY DOWNTOWN AIRPORT MO US,20070324,-9999,0,0,0,239,167,51,170,170,103,130,1434
GHCND:USW00013988,KANSAS CITY DOWNTOWN AIRPORT MO US,20070325,-9999,0,0,0,250,183,69,190,210,112,157,1042
GHCND:USW00013988,KANSAS CITY DOWNTOWN AIRPORT MO US,20070326,-9999,5,0,0,244,172,41,230,210,94,130,1604
GHCND:USW00013988,KANSAS CITY DOWNTOWN AIRPORT MO US,20070327,-9999,0,0,0,233,156,23,130,130,89,116,1438
GHCND:USW00013988,KANSAS CITY DOWNTOWN AIRPORT MO US,20070328,-9999,0,0,0,250,139,26,120,110,72,94,1714
GHCND:USW00013988,KANSAS CITY DOWNTOWN AIRPORT MO US,20070329,-9999,193,0,0,233,139,31,240,240,103,130,2132
GHCND:USW00013988,KANSAS CITY DOWNTOWN AIRPORT MO US,20070330,-9999,140,0,0,200,156,24,120,130,76,94,2323
GHCND:USW00013988,KANSAS CITY DOWNTOWN AIRPORT MO US,20070331,-9999,51,0,0,200,111,62,220,220,148,197,1257
GHCND:USW00013988,KANSAS CITY DOWNTOWN AIRPORT MO US,20070401,-9999,0,0,0,211,83,41,240,240,89,139,1203
GHCND:USW00013988,KANSAS CITY DOWNTOWN AIRPORT MO US,20070402,-9999,0,0,0,283,94,45,200,190,116,157,1728
GHCND:USW00013988,KANSAS CITY DOWNTOWN AIRPORT MO US,20070403,-9999,89,0,0,233,28,64,330,320,116,183,1355
GHCND:USW00013988,KANSAS CITY DOWNTOWN AIRPORT MO US,20070404,-9999,0,0,0,89,-22,51,360,280,81,125,1211
GHCND:USW00013988,KANSAS CITY DOWNTOWN AIRPORT MO US,20070405,-9999,0,0,0,56,-22,39,330,340,63,94,1303
GHCND:USW00013988,KANSAS CITY DOWNTOWN AIRPORT MO US,20070406,-9999,0,0,0,39,-17,64,320,290,112,165,1449
GHCND:USW00013988,KANSAS CITY DOWNTOWN AIRPORT MO US,20070407,-9999,0,0,0,50,-67,47,330,290,89,134,1248
GHCND:USW00013988,KANSAS CITY DOWNTOWN AIRPORT MO US,20070408,-9999,0,0,0,72,-44,27,310,240,76,103,1313
GHCND:USW00013988,KANSAS CITY DOWNTOWN AIRPORT MO US,20070409,-9999,0,0,0,89,-6,20,120,110,58,76,2337
GHCND:USW00013988,KANSAS CITY DOWNTOWN AIRPORT MO US,20070410,-9999,193,0,0,83,50,34,140,140,76,103,1235
GHCND:USW00013988,KANSAS CITY DOWNTOWN AIRPORT MO US,20070411,-9999,76,0,0,61,33,50,300,320,98,139,1825
GHCND:USW00013988,KANSAS CITY DOWNTOWN AIRPORT MO US,20070412,-9999,0,0,0,100,17,37,320,320,72,103,135
GHCND:USW00013988,KANSAS CITY DOWNTOWN AIRPORT MO US,20070413,-9999,102,0,0,100,17,38,60,60,94,112,2358
GHCND:USW00013988,KANSAS CITY DOWNTOWN AIRPORT MO US,20070414,-9999,79,0,0,117,17,34,30,40,94,125,1108
GHCND:USW00013988,KANSAS CITY DOWNTOWN AIRPORT MO US,20070415,-9999,0,0,0,189,11,20,290,290,67,89,1238
GHCND:USW00013988,KANSAS CITY DOWNTOWN AIRPORT MO US,20070416,-9999,0,0,0,228,61,29,220,190,67,89,1553
GHCND:USW00013988,KANSAS CITY DOWNTOWN AIRPORT MO US,20070417,-9999,0,0,0,217,100,19,210,210,81,107,1929
GHCND:USW00013988,KANSAS CITY DOWNTOWN AIRPORT MO US,20070418,-9999,0,0,0,217,111,26,80,100,72,98,1247
GHCND:USW00013988,KANSAS CITY DOWNTOWN AIRPORT MO US,20070419,-9999,0,0,0,206,78,43,120,130,76,103,1718
GHCND:USW00013988,KANSAS CITY DOWNTOWN AIRPORT MO US,20070420,-9999,0,0,0,256,117,40,180,180,94,125,1452
GHCND:USW00013988,KANSAS CITY DOWNTOWN AIRPORT MO US,20070421,-9999,0,0,0,267,150,55,190,180,103,134,1713
GHCND:USW00013988,KANSAS CITY DOWNTOWN AIRPORT MO US,20070422,-9999,0,0,0,239,172,77,180,190,143,215,1221
GHCND:USW00013988,KANSAS CITY DOWNTOWN AIRPORT MO US,20070423,-9999,0,0,0,250,122,26,260,250,58,76,23
GHCND:USW00013988,KANSAS CITY DOWNTOWN AIRPORT MO US,20070424,-9999,25,0,0,261,156,42,170,170,107,134,1616
GHCND:USW00013988,KANSAS CITY DOWNTOWN AIRPORT MO US,20070425,-9999,249,0,0,261,117,30,50,50,81,107,1907
GHCND:USW00013988,KANSAS CITY DOWNTOWN AIRPORT MO US,20070426,-9999,46,0,0,117,83,38,310,330,76,103,1152
GHCND:USW00013988,KANSAS CITY DOWNTOWN AIRPORT MO US,20070427,-9999,61,0,0,189,67,14,260,260,103,143,1333
GHCND:USW00013988,KANSAS CITY DOWNTOWN AIRPORT MO US,20070428,-9999,0,0,0,261,94,26,270,270,72,98,1438
GHCND:USW00013988,KANSAS CITY DOWNTOWN AIRPORT MO US,20070429,-9999,0,0,0,306,94,35,210,210,81,116,1524
GHCND:USW00013988,KANSAS CITY DOWNTOWN AIRPORT MO US,20070430,-9999,0,0,0,289,183,45,190,180,94,116,1526
GHCND:USW00013988,KANSAS CITY DOWNTOWN AIRPORT MO US,20070501,-9999,0,0,0,244,194,17,190,200,45,63,652
GHCND:USW00013988,KANSAS CITY DOWNTOWN AIRPORT MO US,20070502,-9999,221,0,0,200,133,34,60,70,67,81,1558
GHCND:USW00013988,KANSAS CITY DOWNTOWN AIRPORT MO US,20070503,-9999,132,0,0,206,161,38,130,130,72,107,1704
GHCND:USW00013988,KANSAS CITY DOWNTOWN AIRPORT MO US,20070504,-9999,0,0,0,261,167,34,130,140,72,103,1440
GHCND:USW00013988,KANSAS CITY DOWNTOWN AIRPORT MO US,20070505,-9999,0,0,0,294,206,45,140,130,98,143,2359
GHCND:USW00013988,KANSAS CITY DOWNTOWN AIRPORT MO US,20070506,-9999,686,0,0,256,167,51,140,140,107,157,126
GHCND:USW00013988,KANSAS CITY DOWNTOWN AIRPORT MO US,20070507,-9999,422,0,0,233,172,26,90,90,89,112,859
GHCND:USW00013988,KANSAS CITY DOWNTOWN AIRPORT MO US,20070508,-9999,0,0,0,261,156,12,360,350,54,67,1342
GHCND:USW00013988,KANSAS CITY DOWNTOWN AIRPORT MO US,20070509,-9999,0,0,0,250,144,11,170,180,54,63,1100
GHCND:USW00013988,KANSAS CITY DOWNTOWN AIRPORT MO US,20070510,-9999,0,0,0,294,172,16,190,130,54,67,2153
GHCND:USW00013988,KANSAS CITY DOWNTOWN AIRPORT MO US,20070511,-9999,0,0,0,311,178,15,30,30,67,81,1429
GHCND:USW00013988,KANSAS CITY DOWNTOWN AIRPORT MO US,20070512,-9999,0,0,0,306,167,21,50,100,58,76,1329
GHCND:USW00013988,KANSAS CITY DOWNTOWN AIRPORT MO US,20070513,-9999,0,0,0,311,189,27,190,190,67,89,1700
GHCND:USW00013988,KANSAS CITY DOWNTOWN AIRPORT MO US,20070514,-9999,0,0,0,306,217,54,200,200,107,139,1105
GHCND:USW00013988,KANSAS CITY DOWNTOWN AIRPORT MO US,20070515,-9999,86,0,0,256,128,42,330,320,98,134,1442
GHCND:USW00013988,KANSAS CITY DOWNTOWN AIRPORT MO US,20070516,-9999,0,0,0,239,106,22,310,330,63,89,1347
GHCND:USW00013988,KANSAS CITY DOWNTOWN AIRPORT MO US,20070517,-9999,0,0,0,239,117,35,40,50,89,107,225
GHCND:USW00013988,KANSAS CITY DOWNTOWN AIRPORT MO US,20070518,-9999,0,0,0,228,117,40,150,160,76,116,556
GHCND:USW00013988,KANSAS CITY DOWNTOWN AIRPORT MO US,20070519,-9999,0,0,0,267,144,41,210,190,81,116,1432
GHCND:USW00013988,KANSAS CITY DOWNTOWN AIRPORT MO US,20070520,-9999,0,0,0,267,172,39,180,170,76,103,1417
GHCND:USW00013988,KANSAS CITY DOWNTOWN AIRPORT MO US,20070521,-9999,0,0,0,272,172,50,180,150,98,157,1532
GHCND:USW00013988,KANSAS CITY DOWNTOWN AIRPORT MO US,20070522,-9999,0,0,0,272,194,67,180,170,103,143,1754
GHCND:USW00013988,KANSAS CITY DOWNTOWN AIRPORT MO US,20070523,-9999,0,0,0,283,200,67,180,170,107,148,635
GHCND:USW00013988,KANSAS CITY DOWNTOWN AIRPORT MO US,20070524,-9999,15,0,0,239,139,51,290,280,107,157,1140
GHCND:USW00013988,KANSAS CITY DOWNTOWN AIRPORT MO US,20070525,-9999,0,0,0,200,150,27,100,80,63,81,849
GHCND:USW00013988,KANSAS CITY DOWNTOWN AIRPORT MO US,20070526,-9999,234,0,0,256,178,34,210,180,94,125,1602
GHCND:USW00013988,KANSAS CITY DOWNTOWN AIRPORT MO US,20070527,-9999,97,0,0,244,178,20,170,120,58,72,1647
GHCND:USW00013988,KANSAS CITY DOWNTOWN AIRPORT MO US,20070528,-9999,15,0,0,278,189,38,140,130,81,112,1817
GHCND:USW00013988,KANSAS CITY DOWNTOWN AIRPORT MO US,20070529,-9999,36,0,0,283,200,42,140,150,94,130,1550
GHCND:USW00013988,KANSAS CITY DOWNTOWN AIRPORT MO US,20070530,-9999,234,0,0,233,183,24,270,190,72,103,1024
GHCND:USW00013988,KANSAS CITY DOWNTOWN AIRPORT MO US,20070531,-9999,0,0,0,267,156,-9999,130,110,63,76,1637
GHCND:USW00013988,KANSAS CITY DOWNTOWN AIRPORT MO US,20070601,-9999,229,0,0,267,156,26,190,190,81,107,221
GHCND:USW00013988,KANSAS CITY DOWNTOWN AIRPORT MO US,20070602,-9999,51,0,0,267,183,39,290,280,89,107,1707
GHCND:USW00013988,KANSAS CITY DOWNTOWN AIRPORT MO US,20070603,-9999,0,0,0,267,156,40,320,330,76,107,950
GHCND:USW00013988,KANSAS CITY DOWNTOWN AIRPORT MO US,20070604,-9999,0,0,0,289,172,33,360,320,81,112,1244
GHCND:USW00013988,KANSAS CITY DOWNTOWN AIRPORT MO US,20070605,-9999,0,0,0,261,178,25,360,10,63,76,1216
GHCND:USW00013988,KANSAS CITY DOWNTOWN AIRPORT MO US,20070606,-9999,0,0,0,306,178,77,190,170,161,201,1602
GHCND:USW00013988,KANSAS CITY DOWNTOWN AIRPORT MO US,20070607,-9999,508,0,0,311,200,73,200,190,148,192,1201
GHCND:USW00013988,KANSAS CITY DOWNTOWN AIRPORT MO US,20070608,-9999,0,0,0,239,139,24,310,300,81,116,6
GHCND:USW00013988,KANSAS CITY DOWNTOWN AIRPORT MO US,20070609,-9999,0,0,0,278,139,18,120,100,54,63,2000
GHCND:USW00013988,KANSAS CITY DOWNTOWN AIRPORT MO US,20070610,-9999,389,0,0,278,139,26,230,230,103,130,503
GHCND:USW00013988,KANSAS CITY DOWNTOWN AIRPORT MO US,20070611,-9999,0,0,0,267,200,28,140,140,63,76,1758
GHCND:USW00013988,KANSAS CITY DOWNTOWN AIRPORT MO US,20070612,-9999,0,0,0,283,200,33,150,130,72,94,1738
GHCND:USW00013988,KANSAS CITY DOWNTOWN AIRPORT MO US,20070613,-9999,0,0,0,300,200,34,150,170,76,116,938
GHCND:USW00013988,KANSAS CITY DOWNTOWN AIRPORT MO US,20070614,-9999,0,0,0,311,211,31,130,150,67,94,1256
GHCND:USW00013988,KANSAS CITY DOWNTOWN AIRPORT MO US,20070615,-9999,0,0,0,322,211,26,190,190,76,94,1551
GHCND:USW00013988,KANSAS CITY DOWNTOWN AIRPORT MO US,20070616,-9999,0,0,0,328,211,17,210,200,58,67,1622
GHCND:USW00013988,KANSAS CITY DOWNTOWN AIRPORT MO US,20070617,-9999,0,0,0,311,228,52,190,200,98,125,2150
GHCND:USW00013988,KANSAS CITY DOWNTOWN AIRPORT MO US,20070618,-9999,18,0,0,311,206,36,300,300,76,103,1646
GHCND:USW00013988,KANSAS CITY DOWNTOWN AIRPORT MO US,20070619,-9999,0,0,0,300,194,30,60,80,72,89,925
GHCND:USW00013988,KANSAS CITY DOWNTOWN AIRPORT MO US,20070620,-9999,0,0,0,300,222,31,200,170,63,81,1358
GHCND:USW00013988,KANSAS CITY DOWNTOWN AIRPORT MO US,20070621,-9999,0,0,0,317,222,39,190,190,81,116,1445
GHCND:USW00013988,KANSAS CITY DOWNTOWN AIRPORT MO US,20070622,-9999,0,0,0,317,194,44,10,40,98,116,2234
GHCND:USW00013988,KANSAS CITY DOWNTOWN AIRPORT MO US,20070623,-9999,25,0,0,300,189,19,40,40,63,72,2242
GHCND:USW00013988,KANSAS CITY DOWNTOWN AIRPORT MO US,20070624,-9999,0,0,0,317,200,27,110,80,54,81,1742
GHCND:USW00013988,KANSAS CITY DOWNTOWN AIRPORT MO US,20070625,-9999,0,0,0,322,239,37,170,180,72,94,1408
GHCND:USW00013988,KANSAS CITY DOWNTOWN AIRPORT MO US,20070626,-9999,0,0,0,311,233,35,200,160,103,139,1628
GHCND:USW00013988,KANSAS CITY DOWNTOWN AIRPORT MO US,20070627,-9999,107,0,0,267,206,27,50,40,76,103,1930
GHCND:USW00013988,KANSAS CITY DOWNTOWN AIRPORT MO US,20070628,76,94,0,0,222,183,35,30,40,72,94,736
GHCND:USW00013988,KANSAS CITY DOWNTOWN AIRPORT MO US,20070629,-9999,76,0,0,206,183,42,80,80,72,98,1654
GHCND:USW00013988,KANSAS CITY DOWNTOWN AIRPORT MO US,20070630,-9999,203,0,0,194,156,47,80,80,72,98,1322
GHCND:USW00013988,KANSAS CITY DOWNTOWN AIRPORT MO US,20070701,-9999,0,0,0,256,189,44,80,70,81,103,1445
GHCND:USW00013988,KANSAS CITY DOWNTOWN AIRPORT MO US,20070702,-9999,0,0,0,283,189,33,110,100,63,76,822
GHCND:USW00013988,KANSAS CITY DOWNTOWN AIRPORT MO US,20070703,-9999,0,0,0,306,222,20,190,190,58,72,642
GHCND:USW00013988,KANSAS CITY DOWNTOWN AIRPORT MO US,20070704,-9999,3,0,0,339,217,23,80,90,76,98,1612
GHCND:USW00013988,KANSAS CITY DOWNTOWN AIRPORT MO US,20070705,-9999,0,0,0,339,206,19,20,30,67,94,1401
GHCND:USW00013988,KANSAS CITY DOWNTOWN AIRPORT MO US,20070706,-9999,0,0,0,339,200,11,200,210,40,58,1442
GHCND:USW00013988,KANSAS CITY DOWNTOWN AIRPORT MO US,20070707,-9999,0,0,0,333,244,36,190,190,76,103,1432
GHCND:USW00013988,KANSAS CITY DOWNTOWN AIRPORT MO US,20070708,-9999,0,0,0,339,239,43,190,210,76,139,808
GHCND:USW00013988,KANSAS CITY DOWNTOWN AIRPORT MO US,20070709,-9999,3,0,0,328,250,34,220,220,98,125,1457
GHCND:USW00013988,KANSAS CITY DOWNTOWN AIRPORT MO US,20070710,-9999,0,0,0,317,217,34,330,350,76,107,1455
GHCND:USW00013988,KANSAS CITY DOWNTOWN AIRPORT MO US,20070711,-9999,0,0,0,317,183,22,10,220,58,107,601
GHCND:USW00013988,KANSAS CITY DOWNTOWN AIRPORT MO US,20070712,-9999,0,0,0,294,217,23,180,180,63,76,1519
GHCND:USW00013988,KANSAS CITY DOWNTOWN AIRPORT MO US,20070713,-9999,0,0,0,294,200,25,40,70,67,94,1025
GHCND:USW00013988,KANSAS CITY DOWNTOWN AIRPORT MO US,20070714,-9999,5,0,0,339,206,33,330,330,116,170,1921
GHCND:USW00013988,KANSAS CITY DOWNTOWN AIRPORT MO US,20070715,-9999,0,0,0,333,217,21,140,140,54,67,2025
GHCND:USW00013988,KANSAS CITY DOWNTOWN AIRPORT MO US,20070716,-9999,0,0,0,350,217,28,150,40,76,112,621
GHCND:USW00013988,KANSAS CITY DOWNTOWN AIRPORT MO US,20070717,-9999,0,0,0,356,278,36,210,210,72,98,1752
GHCND:USW00013988,KANSAS CITY DOWNTOWN AIRPORT MO US,20070718,-9999,0,0,0,356,267,60,190,220,107,134,1809
GHCND:USW00013988,KANSAS CITY DOWNTOWN AIRPORT MO US,20070719,-9999,0,0,0,356,256,27,210,220,72,98,47
GHCND:USW00013988,KANSAS CITY DOWNTOWN AIRPORT MO US,20070720,-9999,0,0,0,289,228,39,80,80,72,94,1409
GHCND:USW00013988,KANSAS CITY DOWNTOWN AIRPORT MO US,20070721,-9999,0,0,0,289,206,40,100,80,72,94,1132
GHCND:USW00013988,KANSAS CITY DOWNTOWN AIRPORT MO US,20070722,-9999,0,0,0,306,211,27,130,120,58,125,700
GHCND:USW00013988,KANSAS CITY DOWNTOWN AIRPORT MO US,20070723,-9999,0,0,0,289,200,25,20,20,67,81,834
GHCND:USW00013988,KANSAS CITY DOWNTOWN AIRPORT MO US,20070724,-9999,0,0,0,317,217,24,120,150,54,67,1506
GHCND:USW00013988,KANSAS CITY DOWNTOWN AIRPORT MO US,20070725,-9999,0,0,0,317,233,30,210,180,58,76,1627
GHCND:USW00013988,KANSAS CITY DOWNTOWN AIRPORT MO US,20070726,-9999,0,0,0,328,228,36,190,210,72,89,2315
GHCND:USW00013988,KANSAS CITY DOWNTOWN AIRPORT MO US,20070727,-9999,3,0,0,350,250,38,230,230,76,103,212
GHCND:USW00013988,KANSAS CITY DOWNTOWN AIRPORT MO US,20070728,-9999,0,0,0,350,244,26,50,350,72,103,724
GHCND:USW00013988,KANSAS CITY DOWNTOWN AIRPORT MO US,20070729,-9999,0,0,0,283,228,27,50,50,58,67,1722
GHCND:USW00013988,KANSAS CITY DOWNTOWN AIRPORT MO US,20070730,-9999,0,0,0,272,217,29,80,120,58,72,1243
GHCND:USW00013988,KANSAS CITY DOWNTOWN AIRPORT MO US,20070731,-9999,0,0,0,306,217,28,110,100,63,161,830
GHCND:USW00013988,KANSAS CITY DOWNTOWN AIRPORT MO US,20070801,-9999,0,0,0,333,239,16,100,180,45,98,835
GHCND:USW00013988,KANSAS CITY DOWNTOWN AIRPORT MO US,20070802,-9999,0,0,0,322,233,13,40,50,81,98,1807
GHCND:USW00013988,KANSAS CITY DOWNTOWN AIRPORT MO US,20070803,-9999,3,0,0,333,233,11,220,210,81,125,1609
GHCND:USW00013988,KANSAS CITY DOWNTOWN AIRPORT MO US,20070804,-9999,0,0,0,344,250,49,200,210,98,139,1344
GHCND:USW00013988,KANSAS CITY DOWNTOWN AIRPORT MO US,20070805,-9999,0,0,0,356,261,60,210,200,98,130,1025
GHCND:USW00013988,KANSAS CITY DOWNTOWN AIRPORT MO US,20070806,-9999,0,0,0,367,278,52,190,200,94,125,1641
GHCND:USW00013988,KANSAS CITY DOWNTOWN AIRPORT MO US,20070807,-9999,0,0,0,361,267,51,200,210,81,107,4
GHCND:USW00013988,KANSAS CITY DOWNTOWN AIRPORT MO US,20070808,-9999,213,0,0,361,217,54,350,300,112,174,2155
GHCND:USW00013988,KANSAS CITY DOWNTOWN AIRPORT MO US,20070809,-9999,76,0,0,367,217,22,200,240,94,125,2355
GHCND:USW00013988,KANSAS CITY DOWNTOWN AIRPORT MO US,20070810,-9999,0,0,0,367,250,26,360,330,76,112,335
GHCND:USW00013988,KANSAS CITY DOWNTOWN AIRPORT MO US,20070811,-9999,0,0,0,361,267,32,190,180,81,116,1359
GHCND:USW00013988,KANSAS CITY DOWNTOWN AIRPORT MO US,20070812,-9999,0,0,0,389,261,16,30,30,134,170,2131
GHCND:USW00013988,KANSAS CITY DOWNTOWN AIRPORT MO US,20070813,-9999,0,0,0,356,250,31,140,150,67,94,1156
GHCND:USW00013988,KANSAS CITY DOWNTOWN AIRPORT MO US,20070814,-9999,0,0,0,389,278,35,230,250,72,107,1135
GHCND:USW00013988,KANSAS CITY DOWNTOWN AIRPORT MO US,20070815,-9999,0,0,0,394,289,31,220,230,76,103,1447
GHCND:USW00013988,KANSAS CITY DOWNTOWN AIRPORT MO US,20070816,-9999,51,0,0,372,278,28,80,80,81,116,1731
GHCND:USW00013988,KANSAS CITY DOWNTOWN AIRPORT MO US,20070817,-9999,0,0,0,344,239,35,90,90,72,89,2014
GHCND:USW00013988,KANSAS CITY DOWNTOWN AIRPORT MO US,20070818,-9999,0,0,0,328,233,40,200,180,81,107,1240
GHCND:USW00013988,KANSAS CITY DOWNTOWN AIRPORT MO US,20070819,-9999,3,0,0,328,228,42,170,170,116,148,1537
GHCND:USW00013988,KANSAS CITY DOWNTOWN AIRPORT MO US,20070820,-9999,3,0,0,339,222,31,210,190,103,134,2245
GHCND:USW00013988,KANSAS CITY DOWNTOWN AIRPORT MO US,20070821,-9999,0,0,0,350,267,57,190,200,103,134,1545
GHCND:USW00013988,KANSAS CITY DOWNTOWN AIRPORT MO US,20070822,-9999,3,0,0,339,256,51,170,170,143,192,1506
GHCND:USW00013988,KANSAS CITY DOWNTOWN AIRPORT MO US,20070823,-9999,0,0,0,344,222,58,330,330,130,179,10
GHCND:USW00013988,KANSAS CITY DOWNTOWN AIRPORT MO US,20070824,-9999,5,0,0,300,261,38,240,230,107,157,325
GHCND:USW00013988,KANSAS CITY DOWNTOWN AIRPORT MO US,20070825,-9999,0,0,0,300,206,21,30,340,54,67,1449
GHCND:USW00013988,KANSAS CITY DOWNTOWN AIRPORT MO US,20070826,-9999,0,0,0,311,211,40,150,130,72,103,1624
GHCND:USW00013988,KANSAS CITY DOWNTOWN AIRPORT MO US,20070827,-9999,0,0,0,361,211,47,190,190,89,112,1452
GHCND:USW00013988,KANSAS CITY DOWNTOWN AIRPORT MO US,20070828,-9999,0,0,0,361,250,44,200,210,81,125,1455
GHCND:USW00013988,KANSAS CITY DOWNTOWN AIRPORT MO US,20070829,-9999,0,0,0,289,233,35,40,60,76,94,1001
GHCND:USW00013988,KANSAS CITY DOWNTOWN AIRPORT MO US,20070830,-9999,0,0,0,311,217,33,20,20,63,76,1337
GHCND:USW00013988,KANSAS CITY DOWNTOWN AIRPORT MO US,20070831,-9999,0,0,0,300,189,22,60,70,54,76,1344
GHCND:USW00013988,KANSAS CITY DOWNTOWN AIRPORT MO US,20070901,-9999,0,0,0,311,178,25,70,80,67,76,1829
GHCND:USW00013988,KANSAS CITY DOWNTOWN AIRPORT MO US,20070902,-9999,0,0,0,328,178,9,200,170,45,63,1605
GHCND:USW00013988,KANSAS CITY DOWNTOWN AIRPORT MO US,20070903,-9999,0,0,0,344,189,19,190,200,72,89,1458
GHCND:USW00013988,KANSAS CITY DOWNTOWN AIRPORT MO US,20070904,-9999,0,0,0,339,233,29,190,190,89,116,1810
GHCND:USW00013988,KANSAS CITY DOWNTOWN AIRPORT MO US,20070905,-9999,0,0,0,283,217,43,210,210,81,112,1156
GHCND:USW00013988,KANSAS CITY DOWNTOWN AIRPORT MO US,20070906,-9999,0,0,0,306,222,51,200,190,112,161,2349
GHCND:USW00013988,KANSAS CITY DOWNTOWN AIRPORT MO US,20070907,-9999,305,0,0,306,206,32,290,280,157,210,21
GHCND:USW00013988,KANSAS CITY DOWNTOWN AIRPORT MO US,20070908,-9999,0,0,0,289,189,20,90,50,45,67,1249
GHCND:USW00013988,KANSAS CITY DOWNTOWN AIRPORT MO US,20070909,-9999,0,0,0,256,183,26,20,20,67,89,1121
GHCND:USW00013988,KANSAS CITY DOWNTOWN AIRPORT MO US,20070910,-9999,0,0,0,256,133,36,360,360,81,107,1530
GHCND:USW00013988,KANSAS CITY DOWNTOWN AIRPORT MO US,20070911,-9999,0,0,0,278,111,25,340,330,63,81,1629
GHCND:USW00013988,KANSAS CITY DOWNTOWN AIRPORT MO US,20070912,-9999,0,0,0,261,128,26,150,170,58,72,2305
GHCND:USW00013988,KANSAS CITY DOWNTOWN AIRPORT MO US,20070913,-9999,0,0,0,294,167,37,210,210,81,107,1041
GHCND:USW00013988,KANSAS CITY DOWNTOWN AIRPORT MO US,20070914,-9999,0,0,0,206,122,41,10,20,94,107,1144
GHCND:USW00013988,KANSAS CITY DOWNTOWN AIRPORT MO US,20070915,-9999,0,0,0,206,83,28,190,170,63,81,1510
GHCND:USW00013988,KANSAS CITY DOWNTOWN AIRPORT MO US,20070916,-9999,58,0,0,239,139,32,210,210,63,94,2330
GHCND:USW00013988,KANSAS CITY DOWNTOWN AIRPORT MO US,20070917,-9999,0,0,0,306,139,69,190,200,76,107,2156
GHCND:USW00013988,KANSAS CITY DOWNTOWN AIRPORT MO US,20070918,-9999,135,0,0,311,206,49,230,220,116,179,1417
GHCND:USW00013988,KANSAS CITY DOWNTOWN AIRPORT MO US,20070919,-9999,13,0,0,300,200,19,320,320,67,81,106
GHCND:USW00013988,KANSAS CITY DOWNTOWN AIRPORT MO US,20070920,-9999,0,0,0,317,211,31,210,190,67,89,1506
GHCND:USW00013988,KANSAS CITY DOWNTOWN AIRPORT MO US,20070921,-9999,99,0,0,317,211,41,320,330,89,107,1936
GHCND:USW00013988,KANSAS CITY DOWNTOWN AIRPORT MO US,20070922,-9999,0,0,0,289,172,33,80,70,72,98,856
GHCND:USW00013988,KANSAS CITY DOWNTOWN AIRPORT MO US,20070923,-9999,0,0,0,306,194,27,160,180,76,112,1714
GHCND:USW00013988,KANSAS CITY DOWNTOWN AIRPORT MO US,20070924,-9999,0,0,0,311,233,61,200,200,107,139,1226
GHCND:USW00013988,KANSAS CITY DOWNTOWN AIRPORT MO US,20070925,-9999,333,0,0,256,144,34,190,180,112,143,352
GHCND:USW00013988,KANSAS CITY DOWNTOWN AIRPORT MO US,20070926,-9999,0,0,0,239,111,7,60,80,36,76,1128
GHCND:USW00013988,KANSAS CITY DOWNTOWN AIRPORT MO US,20070927,-9999,0,0,0,289,133,10,330,330,45,63,1535
GHCND:USW00013988,KANSAS CITY DOWNTOWN AIRPORT MO US,20070928,-9999,0,0,0,283,128,23,140,150,76,112,2130
GHCND:USW00013988,KANSAS CITY DOWNTOWN AIRPORT MO US,20070929,-9999,0,0,0,283,189,57,190,200,103,130,1028
GHCND:USW00013988,KANSAS CITY DOWNTOWN AIRPORT MO US,20070930,-9999,0,0,0,289,156,62,240,240,139,197,1527
GHCND:USW00013988,KANSAS CITY DOWNTOWN AIRPORT MO US,20071001,-9999,0,0,0,261,128,21,250,250,58,76,331
GHCND:USW00013988,KANSAS CITY DOWNTOWN AIRPORT MO US,20071002,-9999,51,0,0,267,156,38,230,230,103,148,1415
GHCND:USW00013988,KANSAS CITY DOWNTOWN AIRPORT MO US,20071003,-9999,0,0,0,256,117,19,200,130,54,67,2022
GHCND:USW00013988,KANSAS CITY DOWNTOWN AIRPORT MO US,20071004,-9999,0,0,0,300,178,33,180,180,89,116,1413
GHCND:USW00013988,KANSAS CITY DOWNTOWN AIRPORT MO US,20071005,-9999,0,0,0,311,222,52,190,180,103,125,1532
GHCND:USW00013988,KANSAS CITY DOWNTOWN AIRPORT MO US,20071006,-9999,0,0,0,300,211,45,170,180,76,103,2328
GHCND:USW00013988,KANSAS CITY DOWNTOWN AIRPORT MO US,20071007,-9999,203,0,0,278,228,39,150,150,107,157,1338
GHCND:USW00013988,KANSAS CITY DOWNTOWN AIRPORT MO US,20071008,-9999,102,0,0,239,150,26,300,290,81,125,408
GHCND:USW00013988,KANSAS CITY DOWNTOWN AIRPORT MO US,20071009,-9999,0,0,0,289,128,18,360,300,58,89,1425
GHCND:USW00013988,KANSAS CITY DOWNTOWN AIRPORT MO US,20071010,-9999,0,0,0,194,100,34,360,320,67,94,1216
GHCND:USW00013988,KANSAS CITY DOWNTOWN AIRPORT MO US,20071011,-9999,0,0,0,178,67,13,80,60,40,58,831
GHCND:USW00013988,KANSAS CITY DOWNTOWN AIRPORT MO US,20071012,-9999,0,0,0,189,94,21,130,130,45,72,2046
GHCND:USW00013988,KANSAS CITY DOWNTOWN AIRPORT MO US,20071013,-9999,483,0,0,183,139,47,150,140,107,161,1143
GHCND:USW00013988,KANSAS CITY DOWNTOWN AIRPORT MO US,20071014,-9999,58,0,0,244,144,37,140,180,76,112,1542
GHCND:USW00013988,KANSAS CITY DOWNTOWN AIRPORT MO US,20071015,-9999,25,0,0,183,128,43,200,190,89,107,1416
GHCND:USW00013988,KANSAS CITY DOWNTOWN AIRPORT MO US,20071016,-9999,0,0,0,206,106,36,240,190,76,98,1428
GHCND:USW00013988,KANSAS CITY DOWNTOWN AIRPORT MO US,20071017,-9999,594,0,0,178,144,33,120,130,103,134,1047
GHCND:USW00013988,KANSAS CITY DOWNTOWN AIRPORT MO US,20071018,-9999,0,0,0,206,111,62,260,260,103,161,1659
GHCND:USW00013988,KANSAS CITY DOWNTOWN AIRPORT MO US,20071019,-9999,0,0,0,189,100,39,280,280,103,134,1346
GHCND:USW00013988,KANSAS CITY DOWNTOWN AIRPORT MO US,20071020,-9999,0,0,0,278,139,62,190,200,130,170,2347
GHCND:USW00013988,KANSAS CITY DOWNTOWN AIRPORT MO US,20071021,-9999,3,0,0,233,122,65,200,220,130,183,623
GHCND:USW00013988,KANSAS CITY DOWNTOWN AIRPORT MO US,20071022,-9999,140,0,0,139,78,40,360,350,72,98,1627
GHCND:USW00013988,KANSAS CITY DOWNTOWN AIRPORT MO US,20071023,-9999,0,0,0,189,39,14,360,360,76,98,2358
GHCND:USW00013988,KANSAS CITY DOWNTOWN AIRPORT MO US,20071024,-9999,0,0,0,161,67,51,20,10,103,143,109
GHCND:USW00013988,KANSAS CITY DOWNTOWN AIRPORT MO US,20071025,-9999,0,0,0,150,39,32,40,50,72,94,941
GHCND:USW00013988,KANSAS CITY DOWNTOWN AIRPORT MO US,20071026,-9999,0,0,0,128,83,10,80,90,54,63,46
GHCND:USW00013988,KANSAS CITY DOWNTOWN AIRPORT MO US,20071027,-9999,0,0,0,167,67,20,10,10,67,81,1411
GHCND:USW00013988,KANSAS CITY DOWNTOWN AIRPORT MO US,20071028,-9999,0,0,0,156,28,9,170,180,58,81,1350
GHCND:USW00013988,KANSAS CITY DOWNTOWN AIRPORT MO US,20071029,-9999,0,0,0,206,50,28,190,180,63,76,1609
GHCND:USW00013988,KANSAS CITY DOWNTOWN AIRPORT MO US,20071030,-9999,0,0,0,222,111,52,190,190,89,116,2039
GHCND:USW00013988,KANSAS CITY DOWNTOWN AIRPORT MO US,20071031,-9999,0,0,0,161,50,42,10,10,98,130,1104
GHCND:USW00013988,KANSAS CITY DOWNTOWN AIRPORT MO US,20071101,-9999,0,0,0,150,11,9,170,170,45,63,1549
GHCND:USW00013988,KANSAS CITY DOWNTOWN AIRPORT MO US,20071102,-9999,0,0,0,183,39,19,270,350,58,72,1716
GHCND:USW00013988,KANSAS CITY DOWNTOWN AIRPORT MO US,20071103,-9999,0,0,0,156,22,16,240,240,54,67,2354
GHCND:USW00013988,KANSAS CITY DOWNTOWN AIRPORT MO US,20071104,-9999,0,0,0,200,44,25,200,200,72,94,2226
GHCND:USW00013988,KANSAS CITY DOWNTOWN AIRPORT MO US,20071105,-9999,0,0,0,150,44,38,10,350,125,170,1030
GHCND:USW00013988,KANSAS CITY DOWNTOWN AIRPORT MO US,20071106,-9999,0,0,0,89,-6,22,320,320,58,76,1422
GHCND:USW00013988,KANSAS CITY DOWNTOWN AIRPORT MO US,20071107,-9999,0,0,0,122,-6,34,220,210,89,107,1548
GHCND:USW00013988,KANSAS CITY DOWNTOWN AIRPORT MO US,20071108,-9999,0,0,0,178,-6,9,230,230,54,72,2
GHCND:USW00013988,KANSAS CITY DOWNTOWN AIRPORT MO US,20071109,-9999,0,0,0,161,33,14,60,50,45,58,1030
GHCND:USW00013988,KANSAS CITY DOWNTOWN AIRPORT MO US,20071110,-9999,0,0,0,172,44,35,200,200,81,112,2326
GHCND:USW00013988,KANSAS CITY DOWNTOWN AIRPORT MO US,20071111,-9999,0,0,0,217,144,52,210,200,98,125,200
GHCND:USW00013988,KANSAS CITY DOWNTOWN AIRPORT MO US,20071112,-9999,0,0,0,194,89,19,30,360,67,94,1334
GHCND:USW00013988,KANSAS CITY DOWNTOWN AIRPORT MO US,20071113,-9999,0,0,0,189,44,20,190,200,89,103,1715
GHCND:USW00013988,KANSAS CITY DOWNTOWN AIRPORT MO US,20071114,-9999,0,0,0,128,50,47,320,330,98,139,1559
GHCND:USW00013988,KANSAS CITY DOWNTOWN AIRPORT MO US,20071115,-9999,0,0,0,100,11,34,300,310,81,116,32
GHCND:USW00013988,KANSAS CITY DOWNTOWN AIRPORT MO US,20071116,-9999,0,0,0,167,33,40,210,210,112,179,853
GHCND:USW00013988,KANSAS CITY DOWNTOWN AIRPORT MO US,20071117,-9999,0,0,0,206,17,6,80,70,40,54,2355
GHCND:USW00013988,KANSAS CITY DOWNTOWN AIRPORT MO US,20071118,-9999,0,0,0,156,56,28,120,100,58,76,949
GHCND:USW00013988,KANSAS CITY DOWNTOWN AIRPORT MO US,20071119,-9999,0,0,0,244,11,69,200,200,103,143,1416
GHCND:USW00013988,KANSAS CITY DOWNTOWN AIRPORT MO US,20071120,-9999,0,0,0,228,72,59,200,180,103,139,1226
GHCND:USW00013988,KANSAS CITY DOWNTOWN AIRPORT MO US,20071121,-9999,84,0,0,72,-28,59,350,320,94,134,1529
GHCND:USW00013988,KANSAS CITY DOWNTOWN AIRPORT MO US,20071122,-9999,0,0,0,-17,-61,33,320,350,63,76,1326
GHCND:USW00013988,KANSAS CITY DOWNTOWN AIRPORT MO US,20071123,-9999,0,0,0,17,-67,15,170,150,45,63,1812
GHCND:USW00013988,KANSAS CITY DOWNTOWN AIRPORT MO US,20071124,-9999,0,0,0,0,-11,21,190,180,40,58,2243
GHCND:USW00013988,KANSAS CITY DOWNTOWN AIRPORT MO US,20071125,-9999,0,0,0,56,-22,7,210,200,40,54,1139
GHCND:USW00013988,KANSAS CITY DOWNTOWN AIRPORT MO US,20071126,-9999,0,0,0,106,11,22,10,320,63,76,1636
GHCND:USW00013988,KANSAS CITY DOWNTOWN AIRPORT MO US,20071127,-9999,0,0,0,128,-11,27,180,190,67,98,2346
GHCND:USW00013988,KANSAS CITY DOWNTOWN AIRPORT MO US,20071128,-9999,0,0,0,117,6,48,350,350,98,130,1409
GHCND:USW00013988,KANSAS CITY DOWNTOWN AIRPORT MO US,20071129,-9999,0,0,0,94,-33,29,200,200,67,81,1435
GHCND:USW00013988,KANSAS CITY DOWNTOWN AIRPORT MO US,20071130,-9999,0,0,0,33,-11,37,30,360,72,94,749
GHCND:USW00013988,KANSAS CITY DOWNTOWN AIRPORT MO US,20071201,-9999,13,0,0,172,0,69,190,190,161,233,1641
GHCND:USW00013988,KANSAS CITY DOWNTOWN AIRPORT MO US,20071202,-9999,0,0,0,178,-39,52,320,320,103,143,1335
GHCND:USW00013988,KANSAS CITY DOWNTOWN AIRPORT MO US,20071203,-9999,0,0,0,67,-56,33,200,210,81,107,1557
GHCND:USW00013988,KANSAS CITY DOWNTOWN AIRPORT MO US,20071204,-9999,0,0,0,139,6,19,240,240,67,89,2109
GHCND:USW00013988,KANSAS CITY DOWNTOWN AIRPORT MO US,20071205,-9999,0,0,0,106,-28,50,350,350,125,165,607
GHCND:USW00013988,KANSAS CITY DOWNTOWN AIRPORT MO US,20071206,-9999,30,76,64,-6,-39,21,170,160,45,67,1229
GHCND:USW00013988,KANSAS CITY DOWNTOWN AIRPORT MO US,20071207,-9999,0,-9999,0,6,-39,31,40,40,58,72,2301
GHCND:USW00013988,KANSAS CITY DOWNTOWN AIRPORT MO US,20071208,-9999,0,-9999,0,-6,-72,57,50,50,89,107,1106
GHCND:USW00013988,KANSAS CITY DOWNTOWN AIRPORT MO US,20071209,-9999,0,-9999,0,-6,-78,31,60,50,72,81,1034
GHCND:USW00013988,KANSAS CITY DOWNTOWN AIRPORT MO US,20071210,-9999,23,-9999,0,-6,-72,17,60,50,63,76,1904
GHCND:USW00013988,KANSAS CITY DOWNTOWN AIRPORT MO US,20071211,-9999,424,0,0,6,-17,27,10,10,63,81,2039
GHCND:USW00013988,KANSAS CITY DOWNTOWN AIRPORT MO US,20071212,-9999,0,0,0,-17,-33,20,350,360,54,72,111
GHCND:USW00013988,KANSAS CITY DOWNTOWN AIRPORT MO US,20071213,-9999,0,0,0,28,-22,26,260,280,63,81,947
GHCND:USW00013988,KANSAS CITY DOWNTOWN AIRPORT MO US,20071214,-9999,0,0,0,0,-44,31,60,60,98,112,1848
GHCND:USW00013988,KANSAS CITY DOWNTOWN AIRPORT MO US,20071215,-9999,20,-9999,38,-28,-89,42,60,50,76,98,213
GHCND:USW00013988,KANSAS CITY DOWNTOWN AIRPORT MO US,20071216,-9999,0,-9999,0,11,-106,17,250,250,40,54,1017
GHCND:USW00013988,KANSAS CITY DOWNTOWN AIRPORT MO US,20071217,-9999,0,0,0,67,-78,25,190,200,67,89,2142
GHCND:USW00013988,KANSAS CITY DOWNTOWN AIRPORT MO US,20071218,-9999,0,0,0,83,-78,32,210,200,89,112,328
GHCND:USW00013988,KANSAS CITY DOWNTOWN AIRPORT MO US,20071219,-9999,0,0,0,117,-33,13,80,200,54,76,1432
GHCND:USW00013988,KANSAS CITY DOWNTOWN AIRPORT MO US,20071220,-9999,0,0,0,111,-6,9,320,320,40,45,1520
GHCND:USW00013988,KANSAS CITY DOWNTOWN AIRPORT MO US,20071221,-9999,0,0,0,122,-22,28,130,130,76,98,1502
GHCND:USW00013988,KANSAS CITY DOWNTOWN AIRPORT MO US,20071222,-9999,61,25,33,100,-61,53,340,350,98,143,1737
GHCND:USW00013988,KANSAS CITY DOWNTOWN AIRPORT MO US,20071223,-9999,0,-9999,0,-6,-83,45,270,270,94,134,1311
GHCND:USW00013988,KANSAS CITY DOWNTOWN AIRPORT MO US,20071224,-9999,0,-9999,0,-50,44,22,230,240,58,67,223
GHCND:USW00013988,KANSAS CITY DOWNTOWN AIRPORT MO US,20071225,-9999,0,-9999,0,100,6,27,160,170,67,94,1429
GHCND:USW00013988,KANSAS CITY DOWNTOWN AIRPORT MO US,20071226,-9999,20,25,20,44,-17,21,360,350,54,67,2257
GHCND:USW00013988,KANSAS CITY DOWNTOWN AIRPORT MO US,20071227,-9999,8,25,0,-6,-44,33,70,60,72,94,2222
GHCND:USW00013988,KANSAS CITY DOWNTOWN AIRPORT MO US,20071228,-9999,8,51,25,-22,-67,31,280,290,72,103,1139
GHCND:USW00013988,KANSAS CITY DOWNTOWN AIRPORT MO US,20071229,-9999,0,-9999,0,17,-72,15,200,210,58,67,1302
GHCND:USW00013988,KANSAS CITY DOWNTOWN AIRPORT MO US,20071230,-9999,0,-9999,0,33,-72,24,230,230,94,125,1326
GHCND:USW00013988,KANSAS CITY DOWNTOWN AIRPORT MO US,20071231,-9999,0,25,0,33,-28,39,300,300,89,130,630
GHCND:USW00013988,KANSAS CITY DOWNTOWN AIRPORT MO US,20080101,-9999,0,0,0,33,-111,61,310,320,107,143,1348
GHCND:USW00013988,KANSAS CITY DOWNTOWN AIRPORT MO US,20080102,-9999,0,0,0,-50,-133,17,320,330,58,89,15
GHCND:USW00013988,KANSAS CITY DOWNTOWN AIRPORT MO US,20080103,-9999,0,0,0,33,-100,59,180,180,112,134,1400
GHCND:USW00013988,KANSAS CITY DOWNTOWN AIRPORT MO US,20080104,-9999,0,0,0,83,-11,56,200,190,107,134,339
GHCND:USW00013988,KANSAS CITY DOWNTOWN AIRPORT MO US,20080105,-9999,0,0,0,161,72,44,210,210,89,112,856
GHCND:USW00013988,KANSAS CITY DOWNTOWN AIRPORT MO US,20080106,-9999,0,0,0,156,72,39,230,250,103,161,756
GHCND:USW00013988,KANSAS CITY DOWNTOWN AIRPORT MO US,20080107,-9999,0,0,0,178,67,43,200,210,116,165,940
GHCND:USW00013988,KANSAS CITY DOWNTOWN AIRPORT MO US,20080108,-9999,102,0,0,78,-6,31,300,310,89,139,1329
GHCND:USW00013988,KANSAS CITY DOWNTOWN AIRPORT MO US,20080109,-9999,0,0,0,78,-22,23,130,130,72,89,1624
GHCND:USW00013988,KANSAS CITY DOWNTOWN AIRPORT MO US,20080110,-9999,173,0,0,28,-11,34,70,70,98,116,921
GHCND:USW00013988,KANSAS CITY DOWNTOWN AIRPORT MO US,20080111,-9999,0,0,0,89,-33,23,210,220,89,107,1333
GHCND:USW00013988,KANSAS CITY DOWNTOWN AIRPORT MO US,20080112,-9999,0,0,0,44,-28,37,320,320,72,98,1637
GHCND:USW00013988,KANSAS CITY DOWNTOWN AIRPORT MO US,20080113,-9999,0,0,0,28,-44,34,280,250,58,76,2114
GHCND:USW00013988,KANSAS CITY DOWNTOWN AIRPORT MO US,20080114,-9999,0,0,0,6,-72,33,320,320,63,81,1539
GHCND:USW00013988,KANSAS CITY DOWNTOWN AIRPORT MO US,20080115,-9999,0,0,0,56,-89,29,180,170,67,94,2053
GHCND:USW00013988,KANSAS CITY DOWNTOWN AIRPORT MO US,20080116,-9999,81,51,38,50,-39,37,180,190,72,103,211
GHCND:USW00013988,KANSAS CITY DOWNTOWN AIRPORT MO US,20080117,-9999,0,0,8,-39,-106,46,280,270,81,107,1534
GHCND:USW00013988,KANSAS CITY DOWNTOWN AIRPORT MO US,20080118,-9999,0,-9999,0,-33,-128,35,350,320,76,107,1524
GHCND:USW00013988,KANSAS CITY DOWNTOWN AIRPORT MO US,20080119,-9999,0,-9999,0,-94,-167,14,330,330,45,63,1332
GHCND:USW00013988,KANSAS CITY DOWNTOWN AIRPORT MO US,20080120,-9999,0,-9999,0,-39,-167,31,110,120,72,103,1503
GHCND:USW00013988,KANSAS CITY DOWNTOWN AIRPORT MO US,20080121,-9999,0,25,0,28,-78,53,210,200,103,125,1841
GHCND:USW00013988,KANSAS CITY DOWNTOWN AIRPORT MO US,20080122,-9999,0,25,0,-50,-133,35,310,290,72,107,52
GHCND:USW00013988,KANSAS CITY DOWNTOWN AIRPORT MO US,20080123,-9999,0,0,0,17,-128,43,320,330,103,143,1910
GHCND:USW00013988,KANSAS CITY DOWNTOWN AIRPORT MO US,20080124,-9999,0,0,0,17,-172,21,330,330,63,81,12
GHCND:USW00013988,KANSAS CITY DOWNTOWN AIRPORT MO US,20080125,-9999,0,0,0,6,-100,38,180,180,94,112,1227
GHCND:USW00013988,KANSAS CITY DOWNTOWN AIRPORT MO US,20080126,-9999,0,0,0,106,-28,27,280,290,72,94,1209
GHCND:USW00013988,KANSAS CITY DOWNTOWN AIRPORT MO US,20080127,-9999,0,0,0,150,-22,34,180,190,98,130,2021
GHCND:USW00013988,KANSAS CITY DOWNTOWN AIRPORT MO US,20080128,-9999,0,0,0,161,89,82,210,190,143,201,1529
GHCND:USW00013988,KANSAS CITY DOWNTOWN AIRPORT MO US,20080129,-9999,0,25,20,128,-111,60,330,320,125,174,741
GHCND:USW00013988,KANSAS CITY DOWNTOWN AIRPORT MO US,20080130,-9999,0,0,0,-6,-117,42,90,80,81,112,2113
GHCND:USW00013988,KANSAS CITY DOWNTOWN AIRPORT MO US,20080131,-9999,0,0,0,17,-39,44,20,20,76,98,1629
GHCND:USW00013988,KANSAS CITY DOWNTOWN AIRPORT MO US,20080201,-9999,0,0,0,33,-61,27,180,130,72,98,1714
GHCND:USW00013988,KANSAS CITY DOWNTOWN AIRPORT MO US,20080202,-9999,0,0,0,83,-22,12,320,320,45,63,1328
GHCND:USW00013988,KANSAS CITY DOWNTOWN AIRPORT MO US,20080203,-9999,33,0,0,22,-17,35,80,60,72,98,1138
GHCND:USW00013988,KANSAS CITY DOWNTOWN AIRPORT MO US,20080204,-9999,0,0,0,206,0,43,210,220,103,134,1055
GHCND:USW00013988,KANSAS CITY DOWNTOWN AIRPORT MO US,20080205,-9999,351,25,25,28,-22,51,30,30,130,157,2130
GHCND:USW00013988,KANSAS CITY DOWNTOWN AIRPORT MO US,20080206,-9999,25,51,20,-11,-61,39,320,320,94,112,721
GHCND:USW00013988,KANSAS CITY DOWNTOWN AIRPORT MO US,20080207,-9999,0,25,0,39,-78,24,260,250,72,94,1528
GHCND:USW00013988,KANSAS CITY DOWNTOWN AIRPORT MO US,20080208,-9999,0,-9999,0,78,-11,38,200,210,81,103,800
GHCND:USW00013988,KANSAS CITY DOWNTOWN AIRPORT MO US,20080209,-9999,0,-9999,0,83,-50,43,350,300,94,116,1241
GHCND:USW00013988,KANSAS CITY DOWNTOWN AIRPORT MO US,20080210,-9999,0,0,0,-50,-111,47,360,10,94,116,327
GHCND:USW00013988,KANSAS CITY DOWNTOWN AIRPORT MO US,20080211,-9999,0,0,0,-72,-111,52,110,120,81,103,905
GHCND:USW00013988,KANSAS CITY DOWNTOWN AIRPORT MO US,20080212,-9999,0,0,0,-39,-100,36,320,300,76,98,1347
GHCND:USW00013988,KANSAS CITY DOWNTOWN AIRPORT MO US,20080213,-9999,0,0,0,67,-94,32,170,170,76,98,1651
GHCND:USW00013988,KANSAS CITY DOWNTOWN AIRPORT MO US,20080214,-9999,0,0,0,139,-67,55,320,330,107,139,1559
GHCND:USW00013988,KANSAS CITY DOWNTOWN AIRPORT MO US,20080215,-9999,0,0,0,17,-100,24,360,360,63,76,37
GHCND:USW00013988,KANSAS CITY DOWNTOWN AIRPORT MO US,20080216,-9999,208,0,0,17,-56,25,70,80,54,63,2358
GHCND:USW00013988,KANSAS CITY DOWNTOWN AIRPORT MO US,20080217,-9999,216,0,76,39,0,49,310,320,125,161,1545
GHCND:USW00013988,KANSAS CITY DOWNTOWN AIRPORT MO US,20080218,-9999,0,0,0,11,-94,47,300,290,89,130,243
GHCND:USW00013988,KANSAS CITY DOWNTOWN AIRPORT MO US,20080219,-9999,0,0,0,56,-111,35,230,240,94,116,1530
GHCND:USW00013988,KANSAS CITY DOWNTOWN AIRPORT MO US,20080220,-9999,0,0,0,-6,-139,60,30,30,107,130,421
GHCND:USW00013988,KANSAS CITY DOWNTOWN AIRPORT MO US,20080221,-9999,38,25,13,-67,-100,40,70,70,76,103,135
GHCND:USW00013988,KANSAS CITY DOWNTOWN AIRPORT MO US,20080222,-9999,0,0,0,-17,-72,11,350,360,40,54,845
GHCND:USW00013988,KANSAS CITY DOWNTOWN AIRPORT MO US,20080223,-9999,0,0,0,33,-67,14,190,180,45,67,1310
GHCND:USW00013988,KANSAS CITY DOWNTOWN AIRPORT MO US,20080224,-9999,0,0,0,61,-22,26,200,210,67,81,2204
GHCND:USW00013988,KANSAS CITY DOWNTOWN AIRPORT MO US,20080225,-9999,0,0,5,100,-11,46,330,320,112,161,2116
GHCND:USW00013988,KANSAS CITY DOWNTOWN AIRPORT MO US,20080226,-9999,0,0,0,11,-56,57,320,330,103,157,253
GHCND:USW00013988,KANSAS CITY DOWNTOWN AIRPORT MO US,20080227,-9999,0,0,0,72,-56,19,290,320,54,76,1400
GHCND:USW00013988,KANSAS CITY DOWNTOWN AIRPORT MO US,20080228,-9999,0,0,0,61,0,26,130,130,67,81,1433
GHCND:USW00013988,KANSAS CITY DOWNTOWN AIRPORT MO US,20080229,-9999,0,0,0,117,-6,23,350,340,76,107,853
GHCND:USW00013988,KANSAS CITY DOWNTOWN AIRPORT MO US,20080301,-9999,0,0,0,206,17,58,220,200,157,201,1456
GHCND:USW00013988,KANSAS CITY DOWNTOWN AIRPORT MO US,20080302,-9999,185,0,0,228,22,76,210,200,143,197,1222
GHCND:USW00013988,KANSAS CITY DOWNTOWN AIRPORT MO US,20080303,-9999,76,0,0,22,-56,65,360,360,107,148,226
GHCND:USW00013988,KANSAS CITY DOWNTOWN AIRPORT MO US,20080304,-9999,0,0,0,72,-72,15,30,330,63,112,1058
GHCND:USW00013988,KANSAS CITY DOWNTOWN AIRPORT MO US,20080305,-9999,0,0,0,67,-22,42,320,330,89,112,1200
GHCND:USW00013988,KANSAS CITY DOWNTOWN AIRPORT MO US,20080306,-9999,0,0,0,67,-56,17,330,320,54,76,135
GHCND:USW00013988,KANSAS CITY DOWNTOWN AIRPORT MO US,20080307,-9999,13,0,0,11,-94,45,360,360,89,112,1648
GHCND:USW00013988,KANSAS CITY DOWNTOWN AIRPORT MO US,20080308,-9999,0,0,0,33,-117,25,210,210,72,94,1624
GHCND:USW00013988,KANSAS CITY DOWNTOWN AIRPORT MO US,20080309,-9999,0,0,0,122,-6,23,20,20,94,107,1823
GHCND:USW00013988,KANSAS CITY DOWNTOWN AIRPORT MO US,20080310,-9999,0,0,0,83,-33,20,360,310,45,67,1127
GHCND:USW00013988,KANSAS CITY DOWNTOWN AIRPORT MO US,20080311,-9999,0,0,0,189,-21,32,230,230,89,107,1314
GHCND:USW00013988,KANSAS CITY DOWNTOWN AIRPORT MO US,20080312,-9999,0,0,0,256,-17,27,250,260,103,134,1541
GHCND:USW00013988,KANSAS CITY DOWNTOWN AIRPORT MO US,20080313,-9999,0,0,0,172,44,13,130,130,76,103,1746
GHCND:USW00013988,KANSAS CITY DOWNTOWN AIRPORT MO US,20080314,-9999,0,0,0,194,39,26,50,50,58,72,2322
GHCND:USW00013988,KANSAS CITY DOWNTOWN AIRPORT MO US,20080315,-9999,91,0,0,89,0,43,20,10,89,112,317
GHCND:USW00013988,KANSAS CITY DOWNTOWN AIRPORT MO US,20080316,-9999,0,0,0,67,-11,38,90,90,81,112,2032
GHCND:USW00013988,KANSAS CITY DOWNTOWN AIRPORT MO US,20080317,-9999,394,0,0,72,33,32,80,100,89,112,1009
GHCND:USW00013988,KANSAS CITY DOWNTOWN AIRPORT MO US,20080318,-9999,0,0,0,89,33,32,10,320,67,94,650
GHCND:USW00013988,KANSAS CITY DOWNTOWN AIRPORT MO US,20080319,-9999,0,0,0,150,22,27,10,90,67,98,1545
GHCND:USW00013988,KANSAS CITY DOWNTOWN AIRPORT MO US,20080320,-9999,0,0,0,194,50,42,190,170,107,148,2149
GHCND:USW00013988,KANSAS CITY DOWNTOWN AIRPORT MO US,20080321,-9999,0,0,0,150,50,56,310,310,107,143,1155
GHCND:USW00013988,KANSAS CITY DOWNTOWN AIRPORT MO US,20080322,-9999,0,0,0,122,11,32,330,320,81,107,2106
GHCND:USW00013988,KANSAS CITY DOWNTOWN AIRPORT MO US,20080323,-9999,0,0,0,122,6,46,10,330,81,112,939
GHCND:USW00013988,KANSAS CITY DOWNTOWN AIRPORT MO US,20080324,-9999,0,0,0,144,-22,59,180,180,134,165,2048
GHCND:USW00013988,KANSAS CITY DOWNTOWN AIRPORT MO US,20080325,-9999,0,0,0,156,61,37,200,210,125,174,137
GHCND:USW00013988,KANSAS CITY DOWNTOWN AIRPORT MO US,20080326,-9999,10,0,0,117,50,42,90,90,89,107,1601
GHCND:USW00013988,KANSAS CITY DOWNTOWN AIRPORT MO US,20080327,-9999,0,0,0,117,33,56,30,30,103,116,1714
GHCND:USW00013988,KANSAS CITY DOWNTOWN AIRPORT MO US,20080328,-9999,0,0,0,122,22,43,30,70,81,98,1447
GHCND:USW00013988,KANSAS CITY DOWNTOWN AIRPORT MO US,20080329,-9999,0,0,0,106,28,45,120,100,76,98,1151
GHCND:USW00013988,KANSAS CITY DOWNTOWN AIRPORT MO US,20080330,-9999,0,0,0,150,67,36,60,70,72,81,1220
GHCND:USW00013988,KANSAS CITY DOWNTOWN AIRPORT MO US,20080331,-9999,0,0,0,217,56,67,190,170,148,210,710
GHCND:USW00013988,KANSAS CITY DOWNTOWN AIRPORT MO US,20080401,-9999,0,0,0,83,33,-9999,-9999,-9999,-9999,-9999,-9999
GHCND:USW00013988,KANSAS CITY DOWNTOWN AIRPORT MO US,20080402,-9999,0,0,0,144,22,-9999,-9999,-9999,-9999,-9999,-9999
GHCND:USW00013988,KANSAS CITY DOWNTOWN AIRPORT MO US,20080403,-9999,71,0,0,94,44,-9999,-9999,-9999,-9999,-9999,-9999
GHCND:USW00013988,KANSAS CITY DOWNTOWN AIRPORT MO US,20080404,-9999,0,0,0,150,39,-9999,-9999,-9999,-9999,-9999,-9999
GHCND:USW00013988,KANSAS CITY DOWNTOWN AIRPORT MO US,20080405,-9999,0,0,0,-9999,-9999,-9999,-9999,-9999,-9999,-9999,-9999
GHCND:USW00013988,KANSAS CITY DOWNTOWN AIRPORT MO US,20080406,-9999,0,0,0,194,100,-9999,-9999,-9999,-9999,-9999,-9999
GHCND:USW00013988,KANSAS CITY DOWNTOWN AIRPORT MO US,20080407,-9999,8,0,0,139,22,-9999,-9999,-9999,-9999,-9999,-9999
GHCND:USW00013988,KANSAS CITY DOWNTOWN AIRPORT MO US,20080408,-9999,338,0,0,83,56,-9999,-9999,-9999,-9999,-9999,-9999
GHCND:USW00013988,KANSAS CITY DOWNTOWN AIRPORT MO US,20080409,-9999,23,0,0,128,-9999,-9999,-9999,-9999,-9999,-9999,-9999
GHCND:USW00013988,KANSAS CITY DOWNTOWN AIRPORT MO US,20080410,-9999,132,0,0,194,83,-9999,-9999,-9999,-9999,-9999,-9999
GHCND:USW00013988,KANSAS CITY DOWNTOWN AIRPORT MO US,20080411,-9999,0,0,0,94,22,-9999,-9999,-9999,-9999,-9999,-9999
GHCND:USW00013988,KANSAS CITY DOWNTOWN AIRPORT MO US,20080412,-9999,3,0,0,56,11,-9999,-9999,-9999,-9999,-9999,-9999
GHCND:USW00013988,KANSAS CITY DOWNTOWN AIRPORT MO US,20080413,-9999,0,0,0,83,11,-9999,-9999,-9999,-9999,-9999,-9999
GHCND:USW00013988,KANSAS CITY DOWNTOWN AIRPORT MO US,20080414,-9999,0,0,0,133,-11,-9999,-9999,-9999,-9999,-9999,-9999
GHCND:USW00013988,KANSAS CITY DOWNTOWN AIRPORT MO US,20080415,-9999,0,0,0,206,67,-9999,-9999,-9999,-9999,-9999,-9999
GHCND:USW00013988,KANSAS CITY DOWNTOWN AIRPORT MO US,20080416,-9999,0,0,0,233,133,-9999,-9999,-9999,-9999,-9999,-9999
GHCND:USW00013988,KANSAS CITY DOWNTOWN AIRPORT MO US,20080417,-9999,0,0,0,183,150,-9999,-9999,-9999,-9999,-9999,-9999
GHCND:USW00013988,KANSAS CITY DOWNTOWN AIRPORT MO US,20080418,-9999,0,0,0,156,72,-9999,-9999,-9999,-9999,-9999,-9999
GHCND:USW00013988,KANSAS CITY DOWNTOWN AIRPORT MO US,20080419,-9999,0,0,0,178,67,-9999,-9999,-9999,-9999,-9999,-9999
GHCND:USW00013988,KANSAS CITY DOWNTOWN AIRPORT MO US,20080420,-9999,0,0,0,250,83,-9999,-9999,-9999,-9999,-9999,-9999
GHCND:USW00013988,KANSAS CITY DOWNTOWN AIRPORT MO US,20080421,-9999,0,0,0,250,178,-9999,-9999,-9999,-9999,-9999,-9999
GHCND:USW00013988,KANSAS CITY DOWNTOWN AIRPORT MO US,20080422,-9999,320,0,0,239,117,-9999,-9999,-9999,-9999,-9999,-9999
GHCND:USW00013988,KANSAS CITY DOWNTOWN AIRPORT MO US,20080423,-9999,279,0,0,239,133,-9999,-9999,-9999,-9999,-9999,-9999
GHCND:USW00013988,KANSAS CITY DOWNTOWN AIRPORT MO US,20080424,-9999,0,0,0,233,156,-9999,-9999,-9999,-9999,-9999,-9999
GHCND:USW00013988,KANSAS CITY DOWNTOWN AIRPORT MO US,20080425,-9999,0,0,0,217,67,-9999,-9999,-9999,-9999,-9999,-9999
GHCND:USW00013988,KANSAS CITY DOWNTOWN AIRPORT MO US,20080426,-9999,0,0,0,172,39,-9999,-9999,-9999,-9999,-9999,-9999
GHCND:USW00013988,KANSAS CITY DOWNTOWN AIRPORT MO US,20080427,-9999,33,0,0,156,67,-9999,-9999,-9999,-9999,-9999,-9999
GHCND:USW00013988,KANSAS CITY DOWNTOWN AIRPORT MO US,20080428,-9999,0,0,0,128,61,-9999,-9999,-9999,-9999,-9999,-9999
GHCND:USW00013988,KANSAS CITY DOWNTOWN AIRPORT MO US,20080429,-9999,0,0,0,172,39,-9999,-9999,-9999,-9999,-9999,-9999
GHCND:USW00013988,KANSAS CITY DOWNTOWN AIRPORT MO US,20080430,-9999,0,0,0,261,89,-9999,-9999,-9999,-9999,-9999,-9999
GHCND:USW00013988,KANSAS CITY DOWNTOWN AIRPORT MO US,20080501,-9999,13,0,0,278,178,77,190,190,148,197,1936
GHCND:USW00013988,KANSAS CITY DOWNTOWN AIRPORT MO US,20080502,-9999,109,0,-9999,167,78,75,230,220,134,192,1345
GHCND:USW00013988,KANSAS CITY DOWNTOWN AIRPORT MO US,20080503,-9999,0,0,0,161,61,43,270,260,94,130,41
GHCND:USW00013988,KANSAS CITY DOWNTOWN AIRPORT MO US,20080504,-9999,0,0,0,211,61,20,230,190,58,81,1233
GHCND:USW00013988,KANSAS CITY DOWNTOWN AIRPORT MO US,20080505,-9999,0,0,0,239,111,15,230,230,58,67,1550
GHCND:USW00013988,KANSAS CITY DOWNTOWN AIRPORT MO US,20080506,-9999,0,0,0,233,167,43,180,190,94,116,1354
GHCND:USW00013988,KANSAS CITY DOWNTOWN AIRPORT MO US,20080507,-9999,0,0,0,189,156,27,230,220,89,112,39
GHCND:USW00013988,KANSAS CITY DOWNTOWN AIRPORT MO US,20080508,-9999,0,0,0,222,117,37,20,30,89,116,102
GHCND:USW00013988,KANSAS CITY DOWNTOWN AIRPORT MO US,20080509,-9999,8,0,0,183,106,34,80,130,98,139,337
GHCND:USW00013988,KANSAS CITY DOWNTOWN AIRPORT MO US,20080510,-9999,150,0,0,161,78,52,310,300,134,197,2315
GHCND:USW00013988,KANSAS CITY DOWNTOWN AIRPORT MO US,20080511,-9999,15,0,0,172,61,56,310,310,130,192,52
GHCND:USW00013988,KANSAS CITY DOWNTOWN AIRPORT MO US,20080512,-9999,0,0,0,233,78,42,150,150,103,139,1750
GHCND:USW00013988,KANSAS CITY DOWNTOWN AIRPORT MO US,20080513,-9999,0,0,0,244,150,41,330,330,76,107,1615
GHCND:USW00013988,KANSAS CITY DOWNTOWN AIRPORT MO US,20080514,-9999,0,0,0,200,89,29,10,20,67,103,1142
GHCND:USW00013988,KANSAS CITY DOWNTOWN AIRPORT MO US,20080515,-9999,0,0,0,211,133,31,80,40,67,103,1400
GHCND:USW00013988,KANSAS CITY DOWNTOWN AIRPORT MO US,20080516,-9999,0,0,0,256,122,30,290,260,67,103,1235
GHCND:USW00013988,KANSAS CITY DOWNTOWN AIRPORT MO US,20080517,-9999,0,0,0,300,150,25,290,280,81,112,1601
GHCND:USW00013988,KANSAS CITY DOWNTOWN AIRPORT MO US,20080518,-9999,0,0,0,261,133,16,270,20,58,89,745
GHCND:USW00013988,KANSAS CITY DOWNTOWN AIRPORT MO US,20080519,-9999,0,0,0,289,161,34,350,360,67,103,1153
GHCND:USW00013988,KANSAS CITY DOWNTOWN AIRPORT MO US,20080520,-9999,0,0,0,239,139,37,360,10,81,112,1051
GHCND:USW00013988,KANSAS CITY DOWNTOWN AIRPORT MO US,20080521,-9999,0,0,0,239,111,20,100,160,58,94,1408
GHCND:USW00013988,KANSAS CITY DOWNTOWN AIRPORT MO US,20080522,-9999,107,0,0,211,128,56,90,80,98,134,2006
GHCND:USW00013988,KANSAS CITY DOWNTOWN AIRPORT MO US,20080523,-9999,0,0,0,256,161,60,90,60,112,143,1909
GHCND:USW00013988,KANSAS CITY DOWNTOWN AIRPORT MO US,20080524,-9999,284,0,0,244,144,46,240,250,112,148,410
GHCND:USW00013988,KANSAS CITY DOWNTOWN AIRPORT MO US,20080525,-9999,25,0,0,322,194,41,230,320,89,116,2229
GHCND:USW00013988,KANSAS CITY DOWNTOWN AIRPORT MO US,20080526,-9999,84,0,0,256,189,26,170,170,98,116,1218
GHCND:USW00013988,KANSAS CITY DOWNTOWN AIRPORT MO US,20080527,-9999,0,0,0,244,150,46,60,60,89,112,1832
GHCND:USW00013988,KANSAS CITY DOWNTOWN AIRPORT MO US,20080528,-9999,0,0,0,217,128,39,90,100,81,98,155
GHCND:USW00013988,KANSAS CITY DOWNTOWN AIRPORT MO US,20080529,-9999,0,0,0,289,167,49,180,180,94,143,2304
GHCND:USW00013988,KANSAS CITY DOWNTOWN AIRPORT MO US,20080530,-9999,0,0,0,311,167,42,180,250,94,130,1303
GHCND:USW00013988,KANSAS CITY DOWNTOWN AIRPORT MO US,20080531,-9999,0,0,0,317,189,13,290,320,54,67,1525
GHCND:USW00013988,KANSAS CITY DOWNTOWN AIRPORT MO US,20080601,-9999,0,0,0,317,183,17,130,130,54,72,1625
GHCND:USW00013988,KANSAS CITY DOWNTOWN AIRPORT MO US,20080602,-9999,36,0,0,317,200,34,140,130,148,206,1132
GHCND:USW00013988,KANSAS CITY DOWNTOWN AIRPORT MO US,20080603,-9999,170,0,0,317,200,51,180,180,130,170,1812
GHCND:USW00013988,KANSAS CITY DOWNTOWN AIRPORT MO US,20080604,-9999,41,0,0,306,194,47,190,200,112,143,1815
GHCND:USW00013988,KANSAS CITY DOWNTOWN AIRPORT MO US,20080605,-9999,307,0,0,289,194,62,250,250,148,192,2133
GHCND:USW00013988,KANSAS CITY DOWNTOWN AIRPORT MO US,20080606,-9999,15,0,0,289,189,58,130,210,107,157,439
GHCND:USW00013988,KANSAS CITY DOWNTOWN AIRPORT MO US,20080607,-9999,0,0,0,300,250,81,210,210,134,179,1233
GHCND:USW00013988,KANSAS CITY DOWNTOWN AIRPORT MO US,20080608,-9999,277,0,0,300,194,74,210,220,143,197,1846
GHCND:USW00013988,KANSAS CITY DOWNTOWN AIRPORT MO US,20080609,-9999,43,0,0,228,183,23,170,160,72,98,659
GHCND:USW00013988,KANSAS CITY DOWNTOWN AIRPORT MO US,20080610,-9999,0,0,0,289,178,45,170,170,98,139,1742
GHCND:USW00013988,KANSAS CITY DOWNTOWN AIRPORT MO US,20080611,-9999,15,0,0,311,211,72,180,180,125,170,1808
GHCND:USW00013988,KANSAS CITY DOWNTOWN AIRPORT MO US,20080612,-9999,315,0,0,311,189,38,290,290,107,143,1946
GHCND:USW00013988,KANSAS CITY DOWNTOWN AIRPORT MO US,20080613,-9999,8,0,0,278,189,21,250,240,63,81,1530
GHCND:USW00013988,KANSAS CITY DOWNTOWN AIRPORT MO US,20080614,-9999,0,0,0,306,172,32,200,280,72,98,1425
GHCND:USW00013988,KANSAS CITY DOWNTOWN AIRPORT MO US,20080615,-9999,69,0,0,272,189,38,350,350,107,143,1137
GHCND:USW00013988,KANSAS CITY DOWNTOWN AIRPORT MO US,20080616,-9999,23,0,0,261,189,21,40,10,67,76,1350
GHCND:USW00013988,KANSAS CITY DOWNTOWN AIRPORT MO US,20080617,-9999,0,0,0,278,150,10,80,20,40,58,1338
GHCND:USW00013988,KANSAS CITY DOWNTOWN AIRPORT MO US,20080618,-9999,0,0,0,283,194,15,200,130,54,63,1557
GHCND:USW00013988,KANSAS CITY DOWNTOWN AIRPORT MO US,20080619,-9999,20,0,0,300,183,23,50,50,94,116,1912
GHCND:USW00013988,KANSAS CITY DOWNTOWN AIRPORT MO US,20080620,-9999,0,0,0,289,167,17,30,30,58,76,2238
GHCND:USW00013988,KANSAS CITY DOWNTOWN AIRPORT MO US,20080621,-9999,0,0,0,311,200,17,360,350,67,89,1503
GHCND:USW00013988,KANSAS CITY DOWNTOWN AIRPORT MO US,20080622,-9999,25,0,0,306,194,25,330,320,54,72,301
GHCND:USW00013988,KANSAS CITY DOWNTOWN AIRPORT MO US,20080623,-9999,0,0,0,289,206,28,80,140,58,76,1340
GHCND:USW00013988,KANSAS CITY DOWNTOWN AIRPORT MO US,20080624,-9999,61,0,0,294,200,42,200,230,98,130,2315
GHCND:USW00013988,KANSAS CITY DOWNTOWN AIRPORT MO US,20080625,-9999,0,0,0,339,244,58,220,220,98,134,8
GHCND:USW00013988,KANSAS CITY DOWNTOWN AIRPORT MO US,20080626,-9999,0,0,0,306,217,52,80,110,116,157,820
GHCND:USW00013988,KANSAS CITY DOWNTOWN AIRPORT MO US,20080627,-9999,137,0,0,317,200,43,280,290,107,148,223
GHCND:USW00013988,KANSAS CITY DOWNTOWN AIRPORT MO US,20080628,-9999,5,0,0,289,200,30,330,310,89,130,1654
GHCND:USW00013988,KANSAS CITY DOWNTOWN AIRPORT MO US,20080629,-9999,0,0,0,289,189,47,360,320,103,139,1254
GHCND:USW00013988,KANSAS CITY DOWNTOWN AIRPORT MO US,20080630,-9999,0,0,0,300,189,15,330,330,58,94,1214
GHCND:USW00013988,KANSAS CITY DOWNTOWN AIRPORT MO US,20080701,-9999,0,0,0,306,178,35,180,180,76,98,1726
GHCND:USW00013988,KANSAS CITY DOWNTOWN AIRPORT MO US,20080702,-9999,792,0,0,322,194,51,190,200,40,58,2259
GHCND:USW00013988,KANSAS CITY DOWNTOWN AIRPORT MO US,20080703,-9999,127,0,0,272,172,30,40,70,67,81,1935
GHCND:USW00013988,KANSAS CITY DOWNTOWN AIRPORT MO US,20080704,-9999,51,0,0,272,167,21,40,80,58,81,1331
GHCND:USW00013988,KANSAS CITY DOWNTOWN AIRPORT MO US,20080705,-9999,0,0,0,278,189,33,120,120,72,98,1456
GHCND:USW00013988,KANSAS CITY DOWNTOWN AIRPORT MO US,20080706,-9999,0,0,0,350,239,44,210,210,81,98,1718
GHCND:USW00013988,KANSAS CITY DOWNTOWN AIRPORT MO US,20080707,-9999,0,0,0,344,256,56,200,200,103,130,1516
GHCND:USW00013988,KANSAS CITY DOWNTOWN AIRPORT MO US,20080708,-9999,30,0,0,328,222,24,200,220,89,116,1300
GHCND:USW00013988,KANSAS CITY DOWNTOWN AIRPORT MO US,20080709,-9999,0,0,0,294,211,19,190,160,54,98,642
GHCND:USW00013988,KANSAS CITY DOWNTOWN AIRPORT MO US,20080710,-9999,0,0,0,322,228,38,210,190,81,107,1659
GHCND:USW00013988,KANSAS CITY DOWNTOWN AIRPORT MO US,20080711,-9999,53,0,0,322,233,56,190,190,107,157,1808
GHCND:USW00013988,KANSAS CITY DOWNTOWN AIRPORT MO US,20080712,-9999,135,0,0,278,178,31,10,320,76,98,939
GHCND:USW00013988,KANSAS CITY DOWNTOWN AIRPORT MO US,20080713,-9999,76,0,0,300,161,22,280,320,54,72,1349
GHCND:USW00013988,KANSAS CITY DOWNTOWN AIRPORT MO US,20080714,-9999,0,0,0,311,200,29,190,190,72,103,1404
GHCND:USW00013988,KANSAS CITY DOWNTOWN AIRPORT MO US,20080715,-9999,0,0,0,328,200,37,190,300,89,103,1757
GHCND:USW00013988,KANSAS CITY DOWNTOWN AIRPORT MO US,20080716,-9999,0,0,0,328,211,38,180,200,81,107,1221
GHCND:USW00013988,KANSAS CITY DOWNTOWN AIRPORT MO US,20080717,-9999,0,0,0,333,228,37,190,190,67,89,1717
GHCND:USW00013988,KANSAS CITY DOWNTOWN AIRPORT MO US,20080718,-9999,0,0,0,278,228,22,210,220,67,89,1434
GHCND:USW00013988,KANSAS CITY DOWNTOWN AIRPORT MO US,20080719,-9999,0,0,0,344,222,35,200,200,89,112,1643
GHCND:USW00013988,KANSAS CITY DOWNTOWN AIRPORT MO US,20080720,-9999,0,0,0,372,261,45,220,210,76,98,1029
GHCND:USW00013988,KANSAS CITY DOWNTOWN AIRPORT MO US,20080721,-9999,0,0,0,378,239,29,10,30,76,107,2246
GHCND:USW00013988,KANSAS CITY DOWNTOWN AIRPORT MO US,20080722,-9999,23,0,0,344,222,41,150,110,76,125,1825
GHCND:USW00013988,KANSAS CITY DOWNTOWN AIRPORT MO US,20080723,-9999,0,0,0,289,222,42,90,110,72,94,1810
GHCND:USW00013988,KANSAS CITY DOWNTOWN AIRPORT MO US,20080724,-9999,13,0,0,333,239,44,80,80,81,103,1316
GHCND:USW00013988,KANSAS CITY DOWNTOWN AIRPORT MO US,20080725,-9999,74,0,0,333,217,33,60,60,94,125,410
GHCND:USW00013988,KANSAS CITY DOWNTOWN AIRPORT MO US,20080726,-9999,25,0,0,317,222,21,200,240,143,197,1829
GHCND:USW00013988,KANSAS CITY DOWNTOWN AIRPORT MO US,20080727,-9999,0,0,0,344,217,33,200,200,76,103,1618
GHCND:USW00013988,KANSAS CITY DOWNTOWN AIRPORT MO US,20080728,-9999,229,0,0,294,200,39,90,80,116,143,326
GHCND:USW00013988,KANSAS CITY DOWNTOWN AIRPORT MO US,20080729,-9999,376,0,0,278,222,30,50,50,89,112,2029
GHCND:USW00013988,KANSAS CITY DOWNTOWN AIRPORT MO US,20080730,-9999,323,0,0,250,206,24,80,80,67,89,2
GHCND:USW00013988,KANSAS CITY DOWNTOWN AIRPORT MO US,20080731,-9999,0,0,0,311,206,16,210,200,58,72,1613
GHCND:USW00013988,KANSAS CITY DOWNTOWN AIRPORT MO US,20080801,-9999,0,0,0,328,228,23,240,210,58,76,806
GHCND:USW00013988,KANSAS CITY DOWNTOWN AIRPORT MO US,20080802,-9999,0,0,0,361,244,31,170,170,63,81,1600
GHCND:USW00013988,KANSAS CITY DOWNTOWN AIRPORT MO US,20080803,-9999,0,0,0,378,278,39,170,170,76,112,1655
GHCND:USW00013988,KANSAS CITY DOWNTOWN AIRPORT MO US,20080804,-9999,76,0,0,378,267,45,280,270,103,143,2252
GHCND:USW00013988,KANSAS CITY DOWNTOWN AIRPORT MO US,20080805,-9999,0,0,0,350,256,42,200,200,107,134,132
GHCND:USW00013988,KANSAS CITY DOWNTOWN AIRPORT MO US,20080806,-9999,0,0,0,311,222,33,50,60,63,76,1413
GHCND:USW00013988,KANSAS CITY DOWNTOWN AIRPORT MO US,20080807,-9999,0,0,0,300,217,16,30,50,45,72,1343
GHCND:USW00013988,KANSAS CITY DOWNTOWN AIRPORT MO US,20080808,-9999,0,0,0,317,189,21,70,150,58,72,2220
GHCND:USW00013988,KANSAS CITY DOWNTOWN AIRPORT MO US,20080809,-9999,0,0,0,233,178,23,200,200,72,81,1033
GHCND:USW00013988,KANSAS CITY DOWNTOWN AIRPORT MO US,20080810,-9999,0,0,0,294,183,36,80,80,72,94,1427
GHCND:USW00013988,KANSAS CITY DOWNTOWN AIRPORT MO US,20080811,-9999,0,0,0,278,189,37,90,80,63,89,1427
GHCND:USW00013988,KANSAS CITY DOWNTOWN AIRPORT MO US,20080812,-9999,0,0,0,289,211,30,180,310,72,89,1618
GHCND:USW00013988,KANSAS CITY DOWNTOWN AIRPORT MO US,20080813,-9999,0,0,0,322,183,13,360,150,45,81,613
GHCND:USW00013988,KANSAS CITY DOWNTOWN AIRPORT MO US,20080814,-9999,46,0,0,256,200,18,130,170,58,67,1525
GHCND:USW00013988,KANSAS CITY DOWNTOWN AIRPORT MO US,20080815,-9999,51,0,0,267,172,30,60,50,81,103,1730
GHCND:USW00013988,KANSAS CITY DOWNTOWN AIRPORT MO US,20080816,-9999,0,0,0,283,156,25,90,50,58,67,1357
GHCND:USW00013988,KANSAS CITY DOWNTOWN AIRPORT MO US,20080817,-9999,0,0,0,278,178,13,50,50,63,72,1641
GHCND:USW00013988,KANSAS CITY DOWNTOWN AIRPORT MO US,20080818,-9999,0,0,0,283,161,15,70,80,54,67,1307
GHCND:USW00013988,KANSAS CITY DOWNTOWN AIRPORT MO US,20080819,-9999,0,0,0,283,178,25,110,100,76,98,1043
GHCND:USW00013988,KANSAS CITY DOWNTOWN AIRPORT MO US,20080820,-9999,102,0,0,267,183,36,100,100,89,116,2046
GHCND:USW00013988,KANSAS CITY DOWNTOWN AIRPORT MO US,20080821,-9999,25,0,0,278,189,29,80,150,54,72,2037
GHCND:USW00013988,KANSAS CITY DOWNTOWN AIRPORT MO US,20080822,-9999,0,0,0,322,217,38,170,180,72,98,1626
GHCND:USW00013988,KANSAS CITY DOWNTOWN AIRPORT MO US,20080823,-9999,173,0,0,311,211,33,350,340,116,157,349
GHCND:USW00013988,KANSAS CITY DOWNTOWN AIRPORT MO US,20080824,-9999,0,0,0,311,200,32,50,60,63,81,820
GHCND:USW00013988,KANSAS CITY DOWNTOWN AIRPORT MO US,20080825,-9999,0,0,0,278,156,34,80,70,67,94,1435
GHCND:USW00013988,KANSAS CITY DOWNTOWN AIRPORT MO US,20080826,-9999,0,0,0,278,167,27,80,80,58,72,1708
GHCND:USW00013988,KANSAS CITY DOWNTOWN AIRPORT MO US,20080827,-9999,0,0,0,306,183,31,120,120,72,94,1627
GHCND:USW00013988,KANSAS CITY DOWNTOWN AIRPORT MO US,20080828,-9999,0,0,0,356,244,38,360,360,107,143,1715
GHCND:USW00013988,KANSAS CITY DOWNTOWN AIRPORT MO US,20080829,-9999,0,0,0,306,167,29,60,20,63,89,148
GHCND:USW00013988,KANSAS CITY DOWNTOWN AIRPORT MO US,20080830,-9999,0,0,0,300,156,31,110,120,72,89,1456
GHCND:USW00013988,KANSAS CITY DOWNTOWN AIRPORT MO US,20080831,-9999,0,0,0,306,206,34,120,120,76,98,1457
GHCND:USW00013988,KANSAS CITY DOWNTOWN AIRPORT MO US,20080901,-9999,0,0,0,328,217,31,190,180,89,107,1104
GHCND:USW00013988,KANSAS CITY DOWNTOWN AIRPORT MO US,20080902,-9999,203,0,0,311,189,33,360,10,81,107,2218
GHCND:USW00013988,KANSAS CITY DOWNTOWN AIRPORT MO US,20080903,-9999,208,0,0,189,133,53,20,30,81,107,211
GHCND:USW00013988,KANSAS CITY DOWNTOWN AIRPORT MO US,20080904,-9999,168,0,0,178,128,32,350,350,67,98,1214
GHCND:USW00013988,KANSAS CITY DOWNTOWN AIRPORT MO US,20080905,-9999,0,0,0,222,117,7,30,310,45,63,1139
GHCND:USW00013988,KANSAS CITY DOWNTOWN AIRPORT MO US,20080906,-9999,23,0,0,183,133,8,50,100,31,36,1838
GHCND:USW00013988,KANSAS CITY DOWNTOWN AIRPORT MO US,20080907,-9999,0,0,0,228,144,17,80,330,45,107,809
GHCND:USW00013988,KANSAS CITY DOWNTOWN AIRPORT MO US,20080908,-9999,488,0,0,183,122,43,20,10,76,103,901
GHCND:USW00013988,KANSAS CITY DOWNTOWN AIRPORT MO US,20080909,-9999,0,0,0,211,106,38,80,80,76,98,1124
GHCND:USW00013988,KANSAS CITY DOWNTOWN AIRPORT MO US,20080910,-9999,28,0,0,244,139,36,120,120,72,94,1402
GHCND:USW00013988,KANSAS CITY DOWNTOWN AIRPORT MO US,20080911,-9999,203,0,0,222,206,27,190,180,54,72,430
GHCND:USW00013988,KANSAS CITY DOWNTOWN AIRPORT MO US,20080912,-9999,1229,0,0,239,194,18,290,290,58,81,1759
GHCND:USW00013988,KANSAS CITY DOWNTOWN AIRPORT MO US,20080913,-9999,282,0,0,233,200,21,200,200,76,112,649
GHCND:USW00013988,KANSAS CITY DOWNTOWN AIRPORT MO US,20080914,-9999,41,0,0,200,122,46,300,320,107,148,846
GHCND:USW00013988,KANSAS CITY DOWNTOWN AIRPORT MO US,20080915,-9999,0,0,0,222,94,21,330,320,63,89,1113
GHCND:USW00013988,KANSAS CITY DOWNTOWN AIRPORT MO US,20080916,-9999,0,0,0,261,106,21,190,210,54,72,1319
GHCND:USW00013988,KANSAS CITY DOWNTOWN AIRPORT MO US,20080917,-9999,0,0,0,278,122,11,140,150,45,58,1628
GHCND:USW00013988,KANSAS CITY DOWNTOWN AIRPORT MO US,20080918,-9999,0,0,0,267,150,21,120,120,58,89,1330
GHCND:USW00013988,KANSAS CITY DOWNTOWN AIRPORT MO US,20080919,-9999,0,0,0,267,150,9,180,250,54,67,1208
GHCND:USW00013988,KANSAS CITY DOWNTOWN AIRPORT MO US,20080920,-9999,0,0,0,278,156,16,90,130,58,72,1254
GHCND:USW00013988,KANSAS CITY DOWNTOWN AIRPORT MO US,20080921,-9999,0,0,0,261,156,26,130,140,67,94,2306
GHCND:USW00013988,KANSAS CITY DOWNTOWN AIRPORT MO US,20080922,-9999,0,0,0,267,161,36,170,170,72,103,1656
GHCND:USW00013988,KANSAS CITY DOWNTOWN AIRPORT MO US,20080923,-9999,0,0,0,283,200,38,200,200,76,112,1321
GHCND:USW00013988,KANSAS CITY DOWNTOWN AIRPORT MO US,20080924,-9999,130,0,0,272,167,20,360,10,94,116,444
GHCND:USW00013988,KANSAS CITY DOWNTOWN AIRPORT MO US,20080925,-9999,0,0,0,283,167,9,90,90,45,58,1619
GHCND:USW00013988,KANSAS CITY DOWNTOWN AIRPORT MO US,20080926,-9999,0,0,0,278,194,17,130,140,54,72,1322
GHCND:USW00013988,KANSAS CITY DOWNTOWN AIRPORT MO US,20080927,-9999,0,0,0,300,144,8,210,200,40,54,2241
GHCND:USW00013988,KANSAS CITY DOWNTOWN AIRPORT MO US,20080928,-9999,0,0,0,306,189,19,240,240,45,58,1137
GHCND:USW00013988,KANSAS CITY DOWNTOWN AIRPORT MO US,20080929,-9999,23,0,0,233,133,30,330,320,81,116,242
GHCND:USW00013988,KANSAS CITY DOWNTOWN AIRPORT MO US,20080930,-9999,0,0,0,228,100,17,320,320,76,103,1408
GHCND:USW00013988,KANSAS CITY DOWNTOWN AIRPORT MO US,20081001,-9999,0,0,0,211,117,32,30,20,89,112,1101
GHCND:USW00013988,KANSAS CITY DOWNTOWN AIRPORT MO US,20081002,-9999,0,0,0,211,78,9,280,220,40,72,1307
GHCND:USW00013988,KANSAS CITY DOWNTOWN AIRPORT MO US,20081003,-9999,0,0,0,244,106,10,180,160,40,58,2113
GHCND:USW00013988,KANSAS CITY DOWNTOWN AIRPORT MO US,20081004,-9999,0,0,0,250,117,32,130,130,72,103,1540
GHCND:USW00013988,KANSAS CITY DOWNTOWN AIRPORT MO US,20081005,-9999,0,0,0,267,167,45,190,170,81,125,2348
GHCND:USW00013988,KANSAS CITY DOWNTOWN AIRPORT MO US,20081006,-9999,28,0,0,222,178,46,140,150,98,139,1344
GHCND:USW00013988,KANSAS CITY DOWNTOWN AIRPORT MO US,20081007,-9999,18,0,0,183,89,26,340,340,76,125,1500
GHCND:USW00013988,KANSAS CITY DOWNTOWN AIRPORT MO US,20081008,-9999,0,0,0,233,72,21,200,190,63,81,1533
GHCND:USW00013988,KANSAS CITY DOWNTOWN AIRPORT MO US,20081009,-9999,0,0,0,250,111,25,80,110,67,89,949
GHCND:USW00013988,KANSAS CITY DOWNTOWN AIRPORT MO US,20081010,-9999,0,0,0,239,139,39,180,190,89,112,1038
GHCND:USW00013988,KANSAS CITY DOWNTOWN AIRPORT MO US,20081011,-9999,0,0,0,267,139,35,150,150,76,98,2253
GHCND:USW00013988,KANSAS CITY DOWNTOWN AIRPORT MO US,20081012,-9999,0,0,0,233,194,47,190,170,94,125,1342
GHCND:USW00013988,KANSAS CITY DOWNTOWN AIRPORT MO US,20081013,-9999,69,0,0,217,106,43,170,170,81,116,730
GHCND:USW00013988,KANSAS CITY DOWNTOWN AIRPORT MO US,20081014,-9999,28,0,0,144,111,29,70,90,58,67,1541
GHCND:USW00013988,KANSAS CITY DOWNTOWN AIRPORT MO US,20081015,-9999,94,0,0,144,78,30,330,330,67,98,1457
GHCND:USW00013988,KANSAS CITY DOWNTOWN AIRPORT MO US,20081016,-9999,0,0,0,172,44,11,10,20,40,54,1300
GHCND:USW00013988,KANSAS CITY DOWNTOWN AIRPORT MO US,20081017,-9999,36,0,0,167,50,17,230,250,63,76,1356
GHCND:USW00013988,KANSAS CITY DOWNTOWN AIRPORT MO US,20081018,-9999,0,0,0,167,56,20,180,160,45,76,2022
GHCND:USW00013988,KANSAS CITY DOWNTOWN AIRPORT MO US,20081019,-9999,0,0,0,228,106,41,170,170,94,116,1541
GHCND:USW00013988,KANSAS CITY DOWNTOWN AIRPORT MO US,20081020,-9999,0,0,0,206,111,28,60,60,76,98,1603
GHCND:USW00013988,KANSAS CITY DOWNTOWN AIRPORT MO US,20081021,-9999,81,0,0,150,83,46,300,290,112,157,1713
GHCND:USW00013988,KANSAS CITY DOWNTOWN AIRPORT MO US,20081022,-9999,490,0,0,78,144,47,130,120,89,130,708
GHCND:USW00013988,KANSAS CITY DOWNTOWN AIRPORT MO US,20081023,-9999,102,0,0,106,50,41,190,190,98,130,1257
GHCND:USW00013988,KANSAS CITY DOWNTOWN AIRPORT MO US,20081024,-9999,0,0,0,106,56,30,270,260,67,89,1451
GHCND:USW00013988,KANSAS CITY DOWNTOWN AIRPORT MO US,20081025,-9999,0,0,0,200,39,39,220,220,89,112,1635
GHCND:USW00013988,KANSAS CITY DOWNTOWN AIRPORT MO US,20081026,-9999,0,0,0,200,33,54,320,320,134,183,1634
GHCND:USW00013988,KANSAS CITY DOWNTOWN AIRPORT MO US,20081027,-9999,0,0,0,89,6,35,320,330,89,112,852
GHCND:USW00013988,KANSAS CITY DOWNTOWN AIRPORT MO US,20081028,-9999,0,0,0,122,-11,8,260,230,45,58,1302
GHCND:USW00013988,KANSAS CITY DOWNTOWN AIRPORT MO US,20081029,-9999,0,0,0,200,17,10,200,240,45,63,950
GHCND:USW00013988,KANSAS CITY DOWNTOWN AIRPORT MO US,20081030,-9999,0,0,0,233,67,33,180,170,81,112,1425
GHCND:USW00013988,KANSAS CITY DOWNTOWN AIRPORT MO US,20081031,-9999,0,0,0,228,133,16,200,190,58,72,10
GHCND:USW00013988,KANSAS CITY DOWNTOWN AIRPORT MO US,20081101,-9999,0,-9999,0,206,94,4,80,70,36,45,1737
GHCND:USW00013988,KANSAS CITY DOWNTOWN AIRPORT MO US,20081102,-9999,0,0,0,239,89,27,210,190,89,107,1351
GHCND:USW00013988,KANSAS CITY DOWNTOWN AIRPORT MO US,20081103,-9999,0,0,0,250,139,52,200,210,107,134,1514
GHCND:USW00013988,KANSAS CITY DOWNTOWN AIRPORT MO US,20081104,-9999,0,0,0,228,139,57,170,170,107,139,1604
GHCND:USW00013988,KANSAS CITY DOWNTOWN AIRPORT MO US,20081105,-9999,97,0,0,228,128,72,190,130,130,179,1932
GHCND:USW00013988,KANSAS CITY DOWNTOWN AIRPORT MO US,20081106,-9999,142,0,0,139,44,63,240,210,125,174,1244
GHCND:USW00013988,KANSAS CITY DOWNTOWN AIRPORT MO US,20081107,-9999,0,0,0,139,28,57,290,310,112,148,935
GHCND:USW00013988,KANSAS CITY DOWNTOWN AIRPORT MO US,20081108,-9999,0,0,0,39,6,51,330,330,89,125,1030
GHCND:USW00013988,KANSAS CITY DOWNTOWN AIRPORT MO US,20081109,-9999,0,0,0,72,-11,23,330,330,67,94,29
GHCND:USW00013988,KANSAS CITY DOWNTOWN AIRPORT MO US,20081110,-9999,23,0,0,67,22,44,90,110,72,103,903
GHCND:USW00013988,KANSAS CITY DOWNTOWN AIRPORT MO US,20081111,-9999,102,0,0,100,56,31,120,170,72,89,1246
GHCND:USW00013988,KANSAS CITY DOWNTOWN AIRPORT MO US,20081112,-9999,0,0,0,89,44,22,200,340,45,72,1033
GHCND:USW00013988,KANSAS CITY DOWNTOWN AIRPORT MO US,20081113,-9999,0,0,0,156,67,54,210,200,125,161,1452
GHCND:USW00013988,KANSAS CITY DOWNTOWN AIRPORT MO US,20081114,-9999,0,0,0,133,61,48,330,330,112,165,1315
GHCND:USW00013988,KANSAS CITY DOWNTOWN AIRPORT MO US,20081115,-9999,0,0,0,39,0,49,320,330,107,161,113
GHCND:USW00013988,KANSAS CITY DOWNTOWN AIRPORT MO US,20081116,-9999,0,0,0,144,0,35,30,320,72,103,1451
GHCND:USW00013988,KANSAS CITY DOWNTOWN AIRPORT MO US,20081117,-9999,0,0,0,67,-6,28,320,310,63,81,1544
GHCND:USW00013988,KANSAS CITY DOWNTOWN AIRPORT MO US,20081118,-9999,0,0,0,61,-28,30,170,180,63,81,1719
GHCND:USW00013988,KANSAS CITY DOWNTOWN AIRPORT MO US,20081119,-9999,0,0,0,183,22,39,10,360,98,112,2225
GHCND:USW00013988,KANSAS CITY DOWNTOWN AIRPORT MO US,20081120,-9999,0,0,0,50,-33,56,350,340,107,157,1339
GHCND:USW00013988,KANSAS CITY DOWNTOWN AIRPORT MO US,20081121,-9999,0,0,0,17,-78,26,170,180,54,67,2245
GHCND:USW00013988,KANSAS CITY DOWNTOWN AIRPORT MO US,20081122,-9999,0,0,0,106,0,47,200,200,98,125,1200
GHCND:USW00013988,KANSAS CITY DOWNTOWN AIRPORT MO US,20081123,-9999,0,0,0,139,11,37,300,310,81,116,2303
GHCND:USW00013988,KANSAS CITY DOWNTOWN AIRPORT MO US,20081124,-9999,0,0,0,122,0,31,310,320,81,112,41
GHCND:USW00013988,KANSAS CITY DOWNTOWN AIRPORT MO US,20081125,-9999,0,0,0,106,-11,13,90,100,40,54,1537
GHCND:USW00013988,KANSAS CITY DOWNTOWN AIRPORT MO US,20081126,-9999,0,0,0,150,-22,1,320,310,27,31,1551
GHCND:USW00013988,KANSAS CITY DOWNTOWN AIRPORT MO US,20081127,-9999,0,0,0,139,-17,13,10,10,67,89,1746
GHCND:USW00013988,KANSAS CITY DOWNTOWN AIRPORT MO US,20081128,-9999,0,0,0,61,33,9,50,50,36,40,1537
GHCND:USW00013988,KANSAS CITY DOWNTOWN AIRPORT MO US,20081129,-9999,51,0,0,50,-6,12,360,350,36,40,134
GHCND:USW00013988,KANSAS CITY DOWNTOWN AIRPORT MO US,20081130,-9999,15,0,0,0,-6,52,320,330,89,116,1910
GHCND:USW00013988,KANSAS CITY DOWNTOWN AIRPORT MO US,20081201,-9999,0,0,0,0,-22,40,320,330,89,116,423
GHCND:USW00013988,KANSAS CITY DOWNTOWN AIRPORT MO US,20081202,-9999,0,0,0,111,-22,55,210,200,107,143,1154
GHCND:USW00013988,KANSAS CITY DOWNTOWN AIRPORT MO US,20081203,-9999,0,0,0,72,-50,39,360,340,107,139,1158
GHCND:USW00013988,KANSAS CITY DOWNTOWN AIRPORT MO US,20081204,-9999,0,0,0,6,-72,29,320,300,63,81,1439
GHCND:USW00013988,KANSAS CITY DOWNTOWN AIRPORT MO US,20081205,-9999,0,0,0,28,-78,49,230,230,94,125,2303
GHCND:USW00013988,KANSAS CITY DOWNTOWN AIRPORT MO US,20081206,-9999,0,0,0,61,-44,46,330,320,98,134,1328
GHCND:USW00013988,KANSAS CITY DOWNTOWN AIRPORT MO US,20081207,-9999,0,0,0,89,-61,30,190,150,72,103,1033
GHCND:USW00013988,KANSAS CITY DOWNTOWN AIRPORT MO US,20081208,-9999,0,0,0,156,61,50,200,190,98,125,2224
GHCND:USW00013988,KANSAS CITY DOWNTOWN AIRPORT MO US,20081209,-9999,46,25,25,139,-61,64,360,360,112,143,1200
GHCND:USW00013988,KANSAS CITY DOWNTOWN AIRPORT MO US,20081210,-9999,0,0,0,11,-106,10,360,360,72,94,21
GHCND:USW00013988,KANSAS CITY DOWNTOWN AIRPORT MO US,20081211,-9999,5,0,0,78,-56,15,360,350,40,63,2153
GHCND:USW00013988,KANSAS CITY DOWNTOWN AIRPORT MO US,20081212,-9999,0,0,0,72,-11,30,190,170,67,81,2137
GHCND:USW00013988,KANSAS CITY DOWNTOWN AIRPORT MO US,20081213,-9999,0,0,0,133,44,86,190,200,143,206,1712
GHCND:USW00013988,KANSAS CITY DOWNTOWN AIRPORT MO US,20081214,-9999,3,25,25,156,-133,83,190,180,165,246,438
GHCND:USW00013988,KANSAS CITY DOWNTOWN AIRPORT MO US,20081215,-9999,0,0,0,-117,-161,37,300,310,81,112,115
GHCND:USW00013988,KANSAS CITY DOWNTOWN AIRPORT MO US,20081216,-9999,56,76,76,-94,-122,34,70,90,76,94,1027
GHCND:USW00013988,KANSAS CITY DOWNTOWN AIRPORT MO US,20081217,-9999,0,76,0,-61,-128,12,80,70,45,54,1738
GHCND:USW00013988,KANSAS CITY DOWNTOWN AIRPORT MO US,20081218,-9999,36,51,3,0,-83,26,80,100,58,67,1950
GHCND:USW00013988,KANSAS CITY DOWNTOWN AIRPORT MO US,20081219,-9999,0,0,0,78,-50,42,270,260,134,201,414
GHCND:USW00013988,KANSAS CITY DOWNTOWN AIRPORT MO US,20081220,-9999,0,0,0,-33,-156,51,320,330,98,134,1338
GHCND:USW00013988,KANSAS CITY DOWNTOWN AIRPORT MO US,20081221,-9999,0,0,0,-111,-172,51,310,290,107,143,1225
GHCND:USW00013988,KANSAS CITY DOWNTOWN AIRPORT MO US,20081222,-9999,0,0,0,-39,-172,32,160,150,81,116,2335
GHCND:USW00013988,KANSAS CITY DOWNTOWN AIRPORT MO US,20081223,-9999,8,0,0,11,-44,53,190,190,112,157,909
GHCND:USW00013988,KANSAS CITY DOWNTOWN AIRPORT MO US,20081224,-9999,8,51,38,11,-94,34,300,320,76,107,736
GHCND:USW00013988,KANSAS CITY DOWNTOWN AIRPORT MO US,20081225,-9999,0,-9999,0,78,-89,33,180,170,89,125,2317
GHCND:USW00013988,KANSAS CITY DOWNTOWN AIRPORT MO US,20081226,-9999,0,-9999,0,189,78,55,190,190,103,143,1203
GHCND:USW00013988,KANSAS CITY DOWNTOWN AIRPORT MO US,20081227,-9999,249,0,0,189,-33,49,260,270,197,268,452
GHCND:USW00013988,KANSAS CITY DOWNTOWN AIRPORT MO US,20081228,-9999,0,0,0,89,-44,30,220,230,72,98,1630
GHCND:USW00013988,KANSAS CITY DOWNTOWN AIRPORT MO US,20081229,-9999,0,0,0,139,17,20,240,250,45,67,913
GHCND:USW00013988,KANSAS CITY DOWNTOWN AIRPORT MO US,20081230,-9999,0,0,0,122,-33,55,330,330,139,237,2020
GHCND:USW00013988,KANSAS CITY DOWNTOWN AIRPORT MO US,20081231,-9999,0,0,0,-6,-83,31,150,130,89,134,2344
