STATION,STATION_NAME,DATE,PRCP,SNWD,SNOW,TMAX,TMIN,TOBS
GHCND:USW00094850,MARQUETTE WEATHER SERVICE OFFICE AIRPORT MI US,20070101,142,178,119,0,-67,-9999
GHCND:USW00094850,MARQUETTE WEATHER SERVICE OFFICE AIRPORT MI US,20070102,0,178,0,17,-83,-9999
GHCND:USW00094850,MARQUETTE WEATHER SERVICE OFFICE AIRPORT MI US,20070103,0,178,0,50,-22,-9999
GHCND:USW00094850,MARQUETTE WEATHER SERVICE OFFICE AIRPORT MI US,20070104,0,127,0,50,11,-9999
GHCND:USW00094850,MARQUETTE WEATHER SERVICE OFFICE AIRPORT MI US,20070105,3,127,0,39,-6,-9999
GHCND:USW00094850,MARQUETTE WEATHER SERVICE OFFICE AIRPORT MI US,20070106,3,76,5,0,-22,-9999
GHCND:USW00094850,MARQUETTE WEATHER SERVICE OFFICE AIRPORT MI US,20070107,25,76,38,28,-44,-9999
GHCND:USW00094850,MARQUETTE WEATHER SERVICE OFFICE AIRPORT MI US,20070108,5,127,10,-11,-67,-9999
GHCND:USW00094850,MARQUETTE WEATHER SERVICE OFFICE AIRPORT MI US,20070109,3,127,18,-61,-128,-9999
GHCND:USW00094850,MARQUETTE WEATHER SERVICE OFFICE AIRPORT MI US,20070110,0,127,0,-28,-172,-9999
GHCND:USW00094850,MARQUETTE WEATHER SERVICE OFFICE AIRPORT MI US,20070111,0,127,0,28,-28,-9999
GHCND:USW00094850,MARQUETTE WEATHER SERVICE OFFICE AIRPORT MI US,20070112,25,76,81,-11,-128,-9999
GHCND:USW00094850,MARQUETTE WEATHER SERVICE OFFICE AIRPORT MI US,20070113,5,178,25,-89,-117,-9999
GHCND:USW00094850,MARQUETTE WEATHER SERVICE OFFICE AIRPORT MI US,20070114,20,127,76,-83,-161,-9999
GHCND:USW00094850,MARQUETTE WEATHER SERVICE OFFICE AIRPORT MI US,20070115,150,305,401,-89,-111,-9999
GHCND:USW00094850,MARQUETTE WEATHER SERVICE OFFICE AIRPORT MI US,20070116,0,406,3,-106,-206,-9999
GHCND:USW00094850,MARQUETTE WEATHER SERVICE OFFICE AIRPORT MI US,20070117,0,305,0,-28,-156,-9999
GHCND:USW00094850,MARQUETTE WEATHER SERVICE OFFICE AIRPORT MI US,20070118,8,229,10,-50,-117,-9999
GHCND:USW00094850,MARQUETTE WEATHER SERVICE OFFICE AIRPORT MI US,20070119,23,279,97,-67,-139,-9999
GHCND:USW00094850,MARQUETTE WEATHER SERVICE OFFICE AIRPORT MI US,20070120,0,229,3,-78,-206,-9999
GHCND:USW00094850,MARQUETTE WEATHER SERVICE OFFICE AIRPORT MI US,20070121,15,229,15,-44,-117,-9999
GHCND:USW00094850,MARQUETTE WEATHER SERVICE OFFICE AIRPORT MI US,20070122,5,229,8,-44,-100,-9999
GHCND:USW00094850,MARQUETTE WEATHER SERVICE OFFICE AIRPORT MI US,20070123,8,229,36,-44,-172,-9999
GHCND:USW00094850,MARQUETTE WEATHER SERVICE OFFICE AIRPORT MI US,20070124,3,229,18,-83,-228,-9999
GHCND:USW00094850,MARQUETTE WEATHER SERVICE OFFICE AIRPORT MI US,20070125,20,279,41,-111,-200,-9999
GHCND:USW00094850,MARQUETTE WEATHER SERVICE OFFICE AIRPORT MI US,20070126,0,279,0,-50,-133,-9999
GHCND:USW00094850,MARQUETTE WEATHER SERVICE OFFICE AIRPORT MI US,20070127,23,279,107,-39,-100,-9999
GHCND:USW00094850,MARQUETTE WEATHER SERVICE OFFICE AIRPORT MI US,20070128,33,356,79,-83,-256,-9999
GHCND:USW00094850,MARQUETTE WEATHER SERVICE OFFICE AIRPORT MI US,20070129,3,356,5,-83,-261,-9999
GHCND:USW00094850,MARQUETTE WEATHER SERVICE OFFICE AIRPORT MI US,20070130,56,406,145,-94,-139,-9999
GHCND:USW00094850,MARQUETTE WEATHER SERVICE OFFICE AIRPORT MI US,20070131,0,406,0,-67,-161,-9999
GHCND:USW00094850,MARQUETTE WEATHER SERVICE OFFICE AIRPORT MI US,20070201,0,381,0,-72,-150,-9999
GHCND:USW00094850,MARQUETTE WEATHER SERVICE OFFICE AIRPORT MI US,20070202,3,356,8,-139,-206,-9999
GHCND:USW00094850,MARQUETTE WEATHER SERVICE OFFICE AIRPORT MI US,20070203,3,356,8,-178,-256,-9999
GHCND:USW00094850,MARQUETTE WEATHER SERVICE OFFICE AIRPORT MI US,20070204,0,356,0,-228,-272,-9999
GHCND:USW00094850,MARQUETTE WEATHER SERVICE OFFICE AIRPORT MI US,20070205,0,356,0,-161,-267,-9999
GHCND:USW00094850,MARQUETTE WEATHER SERVICE OFFICE AIRPORT MI US,20070206,0,356,0,-150,-272,-9999
GHCND:USW00094850,MARQUETTE WEATHER SERVICE OFFICE AIRPORT MI US,20070207,0,356,3,-106,-211,-9999
GHCND:USW00094850,MARQUETTE WEATHER SERVICE OFFICE AIRPORT MI US,20070208,3,330,8,-111,-167,-9999
GHCND:USW00094850,MARQUETTE WEATHER SERVICE OFFICE AIRPORT MI US,20070209,0,330,0,-100,-178,-9999
GHCND:USW00094850,MARQUETTE WEATHER SERVICE OFFICE AIRPORT MI US,20070210,0,330,0,-89,-217,-9999
GHCND:USW00094850,MARQUETTE WEATHER SERVICE OFFICE AIRPORT MI US,20070211,0,330,0,-83,-172,-9999
GHCND:USW00094850,MARQUETTE WEATHER SERVICE OFFICE AIRPORT MI US,20070212,0,330,3,-117,-211,-9999
GHCND:USW00094850,MARQUETTE WEATHER SERVICE OFFICE AIRPORT MI US,20070213,3,330,8,-100,-189,-9999
GHCND:USW00094850,MARQUETTE WEATHER SERVICE OFFICE AIRPORT MI US,20070214,5,356,15,-128,-211,-9999
GHCND:USW00094850,MARQUETTE WEATHER SERVICE OFFICE AIRPORT MI US,20070215,0,356,5,-111,-183,-9999
GHCND:USW00094850,MARQUETTE WEATHER SERVICE OFFICE AIRPORT MI US,20070216,0,356,0,-44,-161,-9999
GHCND:USW00094850,MARQUETTE WEATHER SERVICE OFFICE AIRPORT MI US,20070217,41,356,147,-56,-133,-9999
GHCND:USW00094850,MARQUETTE WEATHER SERVICE OFFICE AIRPORT MI US,20070218,0,381,3,-94,-200,-9999
GHCND:USW00094850,MARQUETTE WEATHER SERVICE OFFICE AIRPORT MI US,20070219,0,381,0,-11,-128,-9999
GHCND:USW00094850,MARQUETTE WEATHER SERVICE OFFICE AIRPORT MI US,20070220,0,356,0,22,-67,-9999
GHCND:USW00094850,MARQUETTE WEATHER SERVICE OFFICE AIRPORT MI US,20070221,13,356,0,72,-33,-9999
GHCND:USW00094850,MARQUETTE WEATHER SERVICE OFFICE AIRPORT MI US,20070222,53,305,124,6,-106,-9999
GHCND:USW00094850,MARQUETTE WEATHER SERVICE OFFICE AIRPORT MI US,20070223,5,381,58,-72,-111,-9999
GHCND:USW00094850,MARQUETTE WEATHER SERVICE OFFICE AIRPORT MI US,20070224,0,356,0,-28,-122,-9999
GHCND:USW00094850,MARQUETTE WEATHER SERVICE OFFICE AIRPORT MI US,20070225,191,356,152,-44,-94,-9999
GHCND:USW00094850,MARQUETTE WEATHER SERVICE OFFICE AIRPORT MI US,20070226,94,457,104,-50,-67,-9999
GHCND:USW00094850,MARQUETTE WEATHER SERVICE OFFICE AIRPORT MI US,20070227,0,533,3,-33,-61,-9999
GHCND:USW00094850,MARQUETTE WEATHER SERVICE OFFICE AIRPORT MI US,20070228,0,508,0,6,-61,-9999
GHCND:USW00094850,MARQUETTE WEATHER SERVICE OFFICE AIRPORT MI US,20070301,269,457,224,-44,-78,-9999
GHCND:USW00094850,MARQUETTE WEATHER SERVICE OFFICE AIRPORT MI US,20070302,353,686,363,-39,-78,-9999
GHCND:USW00094850,MARQUETTE WEATHER SERVICE OFFICE AIRPORT MI US,20070303,94,787,198,-72,-106,-9999
GHCND:USW00094850,MARQUETTE WEATHER SERVICE OFFICE AIRPORT MI US,20070304,33,838,84,-39,-150,-9999
GHCND:USW00094850,MARQUETTE WEATHER SERVICE OFFICE AIRPORT MI US,20070305,18,787,33,-78,-183,-9999
GHCND:USW00094850,MARQUETTE WEATHER SERVICE OFFICE AIRPORT MI US,20070306,25,737,28,-128,-233,-9999
GHCND:USW00094850,MARQUETTE WEATHER SERVICE OFFICE AIRPORT MI US,20070307,0,737,0,-61,-244,-9999
GHCND:USW00094850,MARQUETTE WEATHER SERVICE OFFICE AIRPORT MI US,20070308,0,737,0,6,-200,-9999
GHCND:USW00094850,MARQUETTE WEATHER SERVICE OFFICE AIRPORT MI US,20070309,0,686,0,78,-50,-9999
GHCND:USW00094850,MARQUETTE WEATHER SERVICE OFFICE AIRPORT MI US,20070310,0,635,0,50,-44,-9999
GHCND:USW00094850,MARQUETTE WEATHER SERVICE OFFICE AIRPORT MI US,20070311,0,610,0,117,-89,-9999
GHCND:USW00094850,MARQUETTE WEATHER SERVICE OFFICE AIRPORT MI US,20070312,3,508,0,83,11,-9999
GHCND:USW00094850,MARQUETTE WEATHER SERVICE OFFICE AIRPORT MI US,20070313,0,457,0,189,44,-9999
GHCND:USW00094850,MARQUETTE WEATHER SERVICE OFFICE AIRPORT MI US,20070314,3,356,8,56,-89,-9999
GHCND:USW00094850,MARQUETTE WEATHER SERVICE OFFICE AIRPORT MI US,20070315,8,356,18,-78,-117,-9999
GHCND:USW00094850,MARQUETTE WEATHER SERVICE OFFICE AIRPORT MI US,20070316,10,356,36,-17,-161,-9999
GHCND:USW00094850,MARQUETTE WEATHER SERVICE OFFICE AIRPORT MI US,20070317,0,356,0,-11,-200,-9999
GHCND:USW00094850,MARQUETTE WEATHER SERVICE OFFICE AIRPORT MI US,20070318,5,356,8,33,-156,-9999
GHCND:USW00094850,MARQUETTE WEATHER SERVICE OFFICE AIRPORT MI US,20070319,69,457,112,11,-117,-9999
GHCND:USW00094850,MARQUETTE WEATHER SERVICE OFFICE AIRPORT MI US,20070320,8,457,36,0,-122,-9999
GHCND:USW00094850,MARQUETTE WEATHER SERVICE OFFICE AIRPORT MI US,20070321,0,406,0,39,-50,-9999
GHCND:USW00094850,MARQUETTE WEATHER SERVICE OFFICE AIRPORT MI US,20070322,20,356,0,56,6,-9999
GHCND:USW00094850,MARQUETTE WEATHER SERVICE OFFICE AIRPORT MI US,20070323,0,305,0,139,-6,-9999
GHCND:USW00094850,MARQUETTE WEATHER SERVICE OFFICE AIRPORT MI US,20070324,0,279,0,156,17,-9999
GHCND:USW00094850,MARQUETTE WEATHER SERVICE OFFICE AIRPORT MI US,20070325,94,178,0,106,50,-9999
GHCND:USW00094850,MARQUETTE WEATHER SERVICE OFFICE AIRPORT MI US,20070326,15,76,0,172,39,-9999
GHCND:USW00094850,MARQUETTE WEATHER SERVICE OFFICE AIRPORT MI US,20070327,0,0,0,94,6,-9999
GHCND:USW00094850,MARQUETTE WEATHER SERVICE OFFICE AIRPORT MI US,20070328,0,0,0,83,-11,-9999
GHCND:USW00094850,MARQUETTE WEATHER SERVICE OFFICE AIRPORT MI US,20070329,0,0,0,128,6,-9999
GHCND:USW00094850,MARQUETTE WEATHER SERVICE OFFICE AIRPORT MI US,20070330,61,0,0,33,-11,-9999
GHCND:USW00094850,MARQUETTE WEATHER SERVICE OFFICE AIRPORT MI US,20070331,46,0,0,56,0,-9999
GHCND:USW00094850,MARQUETTE WEATHER SERVICE OFFICE AIRPORT MI US,20070401,48,0,0,122,11,-9999
GHCND:USW00094850,MARQUETTE WEATHER SERVICE OFFICE AIRPORT MI US,20070402,3,0,0,67,0,-9999
GHCND:USW00094850,MARQUETTE WEATHER SERVICE OFFICE AIRPORT MI US,20070403,170,0,79,0,-17,-9999
GHCND:USW00094850,MARQUETTE WEATHER SERVICE OFFICE AIRPORT MI US,20070404,455,178,610,-11,-100,-9999
GHCND:USW00094850,MARQUETTE WEATHER SERVICE OFFICE AIRPORT MI US,20070405,104,406,183,-83,-111,-9999
GHCND:USW00094850,MARQUETTE WEATHER SERVICE OFFICE AIRPORT MI US,20070406,84,406,170,-89,-111,-9999
GHCND:USW00094850,MARQUETTE WEATHER SERVICE OFFICE AIRPORT MI US,20070407,86,508,191,-56,-89,-9999
GHCND:USW00094850,MARQUETTE WEATHER SERVICE OFFICE AIRPORT MI US,20070408,0,508,0,-39,-150,-9999
GHCND:USW00094850,MARQUETTE WEATHER SERVICE OFFICE AIRPORT MI US,20070409,0,406,0,-28,-183,-9999
GHCND:USW00094850,MARQUETTE WEATHER SERVICE OFFICE AIRPORT MI US,20070410,0,406,0,6,-194,-9999
GHCND:USW00094850,MARQUETTE WEATHER SERVICE OFFICE AIRPORT MI US,20070411,69,406,51,-6,-106,-9999
GHCND:USW00094850,MARQUETTE WEATHER SERVICE OFFICE AIRPORT MI US,20070412,157,406,119,-22,-33,-9999
GHCND:USW00094850,MARQUETTE WEATHER SERVICE OFFICE AIRPORT MI US,20070413,0,457,0,61,-83,-9999
GHCND:USW00094850,MARQUETTE WEATHER SERVICE OFFICE AIRPORT MI US,20070414,0,406,0,106,-78,-9999
GHCND:USW00094850,MARQUETTE WEATHER SERVICE OFFICE AIRPORT MI US,20070415,0,356,0,72,-56,-9999
GHCND:USW00094850,MARQUETTE WEATHER SERVICE OFFICE AIRPORT MI US,20070416,0,279,0,117,-44,-9999
GHCND:USW00094850,MARQUETTE WEATHER SERVICE OFFICE AIRPORT MI US,20070417,0,229,0,67,-28,-9999
GHCND:USW00094850,MARQUETTE WEATHER SERVICE OFFICE AIRPORT MI US,20070418,0,178,0,50,17,-9999
GHCND:USW00094850,MARQUETTE WEATHER SERVICE OFFICE AIRPORT MI US,20070419,0,127,0,139,-6,-9999
GHCND:USW00094850,MARQUETTE WEATHER SERVICE OFFICE AIRPORT MI US,20070420,0,76,0,178,-22,-9999
GHCND:USW00094850,MARQUETTE WEATHER SERVICE OFFICE AIRPORT MI US,20070421,0,25,0,217,56,-9999
GHCND:USW00094850,MARQUETTE WEATHER SERVICE OFFICE AIRPORT MI US,20070422,0,0,0,283,94,-9999
GHCND:USW00094850,MARQUETTE WEATHER SERVICE OFFICE AIRPORT MI US,20070423,104,0,0,133,50,-9999
GHCND:USW00094850,MARQUETTE WEATHER SERVICE OFFICE AIRPORT MI US,20070424,0,0,0,117,-11,-9999
GHCND:USW00094850,MARQUETTE WEATHER SERVICE OFFICE AIRPORT MI US,20070425,0,0,0,100,-28,-9999
GHCND:USW00094850,MARQUETTE WEATHER SERVICE OFFICE AIRPORT MI US,20070426,0,0,0,150,0,-9999
GHCND:USW00094850,MARQUETTE WEATHER SERVICE OFFICE AIRPORT MI US,20070427,8,0,0,144,22,-9999
GHCND:USW00094850,MARQUETTE WEATHER SERVICE OFFICE AIRPORT MI US,20070428,0,0,0,172,22,-9999
GHCND:USW00094850,MARQUETTE WEATHER SERVICE OFFICE AIRPORT MI US,20070429,0,0,0,267,56,-9999
GHCND:USW00094850,MARQUETTE WEATHER SERVICE OFFICE AIRPORT MI US,20070430,0,0,0,139,6,-9999
GHCND:USW00094850,MARQUETTE WEATHER SERVICE OFFICE AIRPORT MI US,20070501,5,0,0,167,61,-9999
GHCND:USW00094850,MARQUETTE WEATHER SERVICE OFFICE AIRPORT MI US,20070502,0,0,0,106,11,-9999
GHCND:USW00094850,MARQUETTE WEATHER SERVICE OFFICE AIRPORT MI US,20070503,0,0,0,167,-17,-9999
GHCND:USW00094850,MARQUETTE WEATHER SERVICE OFFICE AIRPORT MI US,20070504,0,0,0,211,11,-9999
GHCND:USW00094850,MARQUETTE WEATHER SERVICE OFFICE AIRPORT MI US,20070505,0,0,0,150,33,-9999
GHCND:USW00094850,MARQUETTE WEATHER SERVICE OFFICE AIRPORT MI US,20070506,0,0,0,178,61,-9999
GHCND:USW00094850,MARQUETTE WEATHER SERVICE OFFICE AIRPORT MI US,20070507,3,0,0,183,94,-9999
GHCND:USW00094850,MARQUETTE WEATHER SERVICE OFFICE AIRPORT MI US,20070508,0,0,0,256,139,-9999
GHCND:USW00094850,MARQUETTE WEATHER SERVICE OFFICE AIRPORT MI US,20070509,13,0,0,244,133,-9999
GHCND:USW00094850,MARQUETTE WEATHER SERVICE OFFICE AIRPORT MI US,20070510,0,0,0,289,89,-9999
GHCND:USW00094850,MARQUETTE WEATHER SERVICE OFFICE AIRPORT MI US,20070511,0,0,0,128,33,-9999
GHCND:USW00094850,MARQUETTE WEATHER SERVICE OFFICE AIRPORT MI US,20070512,0,0,0,133,0,-9999
GHCND:USW00094850,MARQUETTE WEATHER SERVICE OFFICE AIRPORT MI US,20070513,33,0,0,211,-22,-9999
GHCND:USW00094850,MARQUETTE WEATHER SERVICE OFFICE AIRPORT MI US,20070514,259,0,0,244,67,-9999
GHCND:USW00094850,MARQUETTE WEATHER SERVICE OFFICE AIRPORT MI US,20070515,81,0,0,100,28,-9999
GHCND:USW00094850,MARQUETTE WEATHER SERVICE OFFICE AIRPORT MI US,20070516,3,0,0,89,17,-9999
GHCND:USW00094850,MARQUETTE WEATHER SERVICE OFFICE AIRPORT MI US,20070517,0,0,0,172,33,-9999
GHCND:USW00094850,MARQUETTE WEATHER SERVICE OFFICE AIRPORT MI US,20070518,0,0,0,228,67,-9999
GHCND:USW00094850,MARQUETTE WEATHER SERVICE OFFICE AIRPORT MI US,20070519,30,0,0,161,-11,-9999
GHCND:USW00094850,MARQUETTE WEATHER SERVICE OFFICE AIRPORT MI US,20070520,3,0,0,56,-11,-9999
GHCND:USW00094850,MARQUETTE WEATHER SERVICE OFFICE AIRPORT MI US,20070521,46,0,0,128,-6,-9999
GHCND:USW00094850,MARQUETTE WEATHER SERVICE OFFICE AIRPORT MI US,20070522,0,0,0,278,83,-9999
GHCND:USW00094850,MARQUETTE WEATHER SERVICE OFFICE AIRPORT MI US,20070523,0,0,0,272,150,-9999
GHCND:USW00094850,MARQUETTE WEATHER SERVICE OFFICE AIRPORT MI US,20070524,30,0,0,283,94,-9999
GHCND:USW00094850,MARQUETTE WEATHER SERVICE OFFICE AIRPORT MI US,20070525,0,0,0,183,50,-9999
GHCND:USW00094850,MARQUETTE WEATHER SERVICE OFFICE AIRPORT MI US,20070526,10,0,0,194,28,-9999
GHCND:USW00094850,MARQUETTE WEATHER SERVICE OFFICE AIRPORT MI US,20070527,0,0,0,122,89,-9999
GHCND:USW00094850,MARQUETTE WEATHER SERVICE OFFICE AIRPORT MI US,20070528,0,0,0,233,56,-9999
GHCND:USW00094850,MARQUETTE WEATHER SERVICE OFFICE AIRPORT MI US,20070529,3,0,0,289,117,-9999
GHCND:USW00094850,MARQUETTE WEATHER SERVICE OFFICE AIRPORT MI US,20070530,0,0,0,300,172,-9999
GHCND:USW00094850,MARQUETTE WEATHER SERVICE OFFICE AIRPORT MI US,20070531,5,0,0,272,172,-9999
GHCND:USW00094850,MARQUETTE WEATHER SERVICE OFFICE AIRPORT MI US,20070601,0,0,0,256,128,-9999
GHCND:USW00094850,MARQUETTE WEATHER SERVICE OFFICE AIRPORT MI US,20070602,8,0,0,250,144,-9999
GHCND:USW00094850,MARQUETTE WEATHER SERVICE OFFICE AIRPORT MI US,20070603,0,0,0,200,122,-9999
GHCND:USW00094850,MARQUETTE WEATHER SERVICE OFFICE AIRPORT MI US,20070604,10,0,0,167,72,-9999
GHCND:USW00094850,MARQUETTE WEATHER SERVICE OFFICE AIRPORT MI US,20070605,0,0,0,128,22,-9999
GHCND:USW00094850,MARQUETTE WEATHER SERVICE OFFICE AIRPORT MI US,20070606,18,0,0,233,28,-9999
GHCND:USW00094850,MARQUETTE WEATHER SERVICE OFFICE AIRPORT MI US,20070607,0,0,0,256,94,-9999
GHCND:USW00094850,MARQUETTE WEATHER SERVICE OFFICE AIRPORT MI US,20070608,0,0,0,206,67,-9999
GHCND:USW00094850,MARQUETTE WEATHER SERVICE OFFICE AIRPORT MI US,20070609,0,0,0,256,56,-9999
GHCND:USW00094850,MARQUETTE WEATHER SERVICE OFFICE AIRPORT MI US,20070610,76,0,0,300,106,-9999
GHCND:USW00094850,MARQUETTE WEATHER SERVICE OFFICE AIRPORT MI US,20070611,0,0,0,300,122,-9999
GHCND:USW00094850,MARQUETTE WEATHER SERVICE OFFICE AIRPORT MI US,20070612,0,0,0,317,133,-9999
GHCND:USW00094850,MARQUETTE WEATHER SERVICE OFFICE AIRPORT MI US,20070613,0,0,0,306,133,-9999
GHCND:USW00094850,MARQUETTE WEATHER SERVICE OFFICE AIRPORT MI US,20070614,0,0,0,300,128,-9999
GHCND:USW00094850,MARQUETTE WEATHER SERVICE OFFICE AIRPORT MI US,20070615,0,0,0,328,144,-9999
GHCND:USW00094850,MARQUETTE WEATHER SERVICE OFFICE AIRPORT MI US,20070616,3,0,0,244,128,-9999
GHCND:USW00094850,MARQUETTE WEATHER SERVICE OFFICE AIRPORT MI US,20070617,107,0,0,261,100,-9999
GHCND:USW00094850,MARQUETTE WEATHER SERVICE OFFICE AIRPORT MI US,20070618,224,0,0,300,156,-9999
GHCND:USW00094850,MARQUETTE WEATHER SERVICE OFFICE AIRPORT MI US,20070619,0,0,0,172,83,-9999
GHCND:USW00094850,MARQUETTE WEATHER SERVICE OFFICE AIRPORT MI US,20070620,46,0,0,244,61,-9999
GHCND:USW00094850,MARQUETTE WEATHER SERVICE OFFICE AIRPORT MI US,20070621,0,0,0,211,89,-9999
GHCND:USW00094850,MARQUETTE WEATHER SERVICE OFFICE AIRPORT MI US,20070622,0,0,0,206,67,-9999
GHCND:USW00094850,MARQUETTE WEATHER SERVICE OFFICE AIRPORT MI US,20070623,0,0,0,278,128,-9999
GHCND:USW00094850,MARQUETTE WEATHER SERVICE OFFICE AIRPORT MI US,20070624,0,0,0,300,156,-9999
GHCND:USW00094850,MARQUETTE WEATHER SERVICE OFFICE AIRPORT MI US,20070625,0,0,0,317,167,-9999
GHCND:USW00094850,MARQUETTE WEATHER SERVICE OFFICE AIRPORT MI US,20070626,0,0,0,317,178,-9999
GHCND:USW00094850,MARQUETTE WEATHER SERVICE OFFICE AIRPORT MI US,20070627,0,0,0,294,133,-9999
GHCND:USW00094850,MARQUETTE WEATHER SERVICE OFFICE AIRPORT MI US,20070628,0,0,0,144,56,-9999
GHCND:USW00094850,MARQUETTE WEATHER SERVICE OFFICE AIRPORT MI US,20070629,0,0,0,233,44,-9999
GHCND:USW00094850,MARQUETTE WEATHER SERVICE OFFICE AIRPORT MI US,20070630,0,0,0,167,67,-9999
GHCND:USW00094850,MARQUETTE WEATHER SERVICE OFFICE AIRPORT MI US,20070701,0,0,0,178,33,-9999
GHCND:USW00094850,MARQUETTE WEATHER SERVICE OFFICE AIRPORT MI US,20070702,10,0,0,167,78,-9999
GHCND:USW00094850,MARQUETTE WEATHER SERVICE OFFICE AIRPORT MI US,20070703,3,0,0,267,133,-9999
GHCND:USW00094850,MARQUETTE WEATHER SERVICE OFFICE AIRPORT MI US,20070704,0,0,0,283,122,-9999
GHCND:USW00094850,MARQUETTE WEATHER SERVICE OFFICE AIRPORT MI US,20070705,0,0,0,261,133,-9999
GHCND:USW00094850,MARQUETTE WEATHER SERVICE OFFICE AIRPORT MI US,20070706,0,0,0,272,111,-9999
GHCND:USW00094850,MARQUETTE WEATHER SERVICE OFFICE AIRPORT MI US,20070707,0,0,0,317,150,-9999
GHCND:USW00094850,MARQUETTE WEATHER SERVICE OFFICE AIRPORT MI US,20070708,132,0,0,306,178,-9999
GHCND:USW00094850,MARQUETTE WEATHER SERVICE OFFICE AIRPORT MI US,20070709,0,0,0,256,150,-9999
GHCND:USW00094850,MARQUETTE WEATHER SERVICE OFFICE AIRPORT MI US,20070710,61,0,0,272,122,-9999
GHCND:USW00094850,MARQUETTE WEATHER SERVICE OFFICE AIRPORT MI US,20070711,41,0,0,217,111,-9999
GHCND:USW00094850,MARQUETTE WEATHER SERVICE OFFICE AIRPORT MI US,20070712,13,0,0,161,94,-9999
GHCND:USW00094850,MARQUETTE WEATHER SERVICE OFFICE AIRPORT MI US,20070713,97,0,0,194,78,-9999
GHCND:USW00094850,MARQUETTE WEATHER SERVICE OFFICE AIRPORT MI US,20070714,71,0,0,183,100,-9999
GHCND:USW00094850,MARQUETTE WEATHER SERVICE OFFICE AIRPORT MI US,20070715,0,0,0,222,94,-9999
GHCND:USW00094850,MARQUETTE WEATHER SERVICE OFFICE AIRPORT MI US,20070716,0,0,0,239,83,-9999
GHCND:USW00094850,MARQUETTE WEATHER SERVICE OFFICE AIRPORT MI US,20070717,0,0,0,256,133,-9999
GHCND:USW00094850,MARQUETTE WEATHER SERVICE OFFICE AIRPORT MI US,20070718,10,0,0,267,139,-9999
GHCND:USW00094850,MARQUETTE WEATHER SERVICE OFFICE AIRPORT MI US,20070719,20,0,0,161,117,-9999
GHCND:USW00094850,MARQUETTE WEATHER SERVICE OFFICE AIRPORT MI US,20070720,0,0,0,200,89,-9999
GHCND:USW00094850,MARQUETTE WEATHER SERVICE OFFICE AIRPORT MI US,20070721,0,0,0,256,61,-9999
GHCND:USW00094850,MARQUETTE WEATHER SERVICE OFFICE AIRPORT MI US,20070722,0,0,0,283,139,-9999
GHCND:USW00094850,MARQUETTE WEATHER SERVICE OFFICE AIRPORT MI US,20070723,0,0,0,267,167,-9999
GHCND:USW00094850,MARQUETTE WEATHER SERVICE OFFICE AIRPORT MI US,20070724,0,0,0,289,189,-9999
GHCND:USW00094850,MARQUETTE WEATHER SERVICE OFFICE AIRPORT MI US,20070725,0,0,0,328,194,-9999
GHCND:USW00094850,MARQUETTE WEATHER SERVICE OFFICE AIRPORT MI US,20070726,142,0,0,289,194,-9999
GHCND:USW00094850,MARQUETTE WEATHER SERVICE OFFICE AIRPORT MI US,20070727,0,0,0,244,161,-9999
GHCND:USW00094850,MARQUETTE WEATHER SERVICE OFFICE AIRPORT MI US,20070728,0,0,0,261,133,-9999
GHCND:USW00094850,MARQUETTE WEATHER SERVICE OFFICE AIRPORT MI US,20070729,0,0,0,294,106,-9999
GHCND:USW00094850,MARQUETTE WEATHER SERVICE OFFICE AIRPORT MI US,20070730,0,0,0,322,178,-9999
GHCND:USW00094850,MARQUETTE WEATHER SERVICE OFFICE AIRPORT MI US,20070731,0,0,0,317,178,-9999
GHCND:USW00094850,MARQUETTE WEATHER SERVICE OFFICE AIRPORT MI US,20070801,0,0,0,333,206,-9999
GHCND:USW00094850,MARQUETTE WEATHER SERVICE OFFICE AIRPORT MI US,20070802,0,0,0,289,178,-9999
GHCND:USW00094850,MARQUETTE WEATHER SERVICE OFFICE AIRPORT MI US,20070803,0,0,0,250,111,-9999
GHCND:USW00094850,MARQUETTE WEATHER SERVICE OFFICE AIRPORT MI US,20070804,0,0,0,283,94,-9999
GHCND:USW00094850,MARQUETTE WEATHER SERVICE OFFICE AIRPORT MI US,20070805,0,0,0,239,156,-9999
GHCND:USW00094850,MARQUETTE WEATHER SERVICE OFFICE AIRPORT MI US,20070806,0,0,0,228,156,-9999
GHCND:USW00094850,MARQUETTE WEATHER SERVICE OFFICE AIRPORT MI US,20070807,36,0,0,294,150,-9999
GHCND:USW00094850,MARQUETTE WEATHER SERVICE OFFICE AIRPORT MI US,20070808,0,0,0,239,139,-9999
GHCND:USW00094850,MARQUETTE WEATHER SERVICE OFFICE AIRPORT MI US,20070809,0,0,0,272,128,-9999
GHCND:USW00094850,MARQUETTE WEATHER SERVICE OFFICE AIRPORT MI US,20070810,0,0,0,267,144,-9999
GHCND:USW00094850,MARQUETTE WEATHER SERVICE OFFICE AIRPORT MI US,20070811,8,0,0,289,122,-9999
GHCND:USW00094850,MARQUETTE WEATHER SERVICE OFFICE AIRPORT MI US,20070812,0,0,0,239,128,-9999
GHCND:USW00094850,MARQUETTE WEATHER SERVICE OFFICE AIRPORT MI US,20070813,0,0,0,228,89,-9999
GHCND:USW00094850,MARQUETTE WEATHER SERVICE OFFICE AIRPORT MI US,20070814,0,0,0,267,156,-9999
GHCND:USW00094850,MARQUETTE WEATHER SERVICE OFFICE AIRPORT MI US,20070815,0,0,0,256,106,-9999
GHCND:USW00094850,MARQUETTE WEATHER SERVICE OFFICE AIRPORT MI US,20070816,0,0,0,228,89,-9999
GHCND:USW00094850,MARQUETTE WEATHER SERVICE OFFICE AIRPORT MI US,20070817,0,0,0,172,56,-9999
GHCND:USW00094850,MARQUETTE WEATHER SERVICE OFFICE AIRPORT MI US,20070818,0,0,0,206,17,-9999
GHCND:USW00094850,MARQUETTE WEATHER SERVICE OFFICE AIRPORT MI US,20070819,0,0,0,189,56,-9999
GHCND:USW00094850,MARQUETTE WEATHER SERVICE OFFICE AIRPORT MI US,20070820,0,0,0,222,122,-9999
GHCND:USW00094850,MARQUETTE WEATHER SERVICE OFFICE AIRPORT MI US,20070821,13,0,0,178,122,-9999
GHCND:USW00094850,MARQUETTE WEATHER SERVICE OFFICE AIRPORT MI US,20070822,0,0,0,278,161,-9999
GHCND:USW00094850,MARQUETTE WEATHER SERVICE OFFICE AIRPORT MI US,20070823,0,0,0,267,144,-9999
GHCND:USW00094850,MARQUETTE WEATHER SERVICE OFFICE AIRPORT MI US,20070824,0,0,0,217,111,-9999
GHCND:USW00094850,MARQUETTE WEATHER SERVICE OFFICE AIRPORT MI US,20070825,0,0,0,200,83,-9999
GHCND:USW00094850,MARQUETTE WEATHER SERVICE OFFICE AIRPORT MI US,20070826,0,0,0,261,67,-9999
GHCND:USW00094850,MARQUETTE WEATHER SERVICE OFFICE AIRPORT MI US,20070827,0,0,0,289,156,-9999
GHCND:USW00094850,MARQUETTE WEATHER SERVICE OFFICE AIRPORT MI US,20070828,160,0,0,272,167,-9999
GHCND:USW00094850,MARQUETTE WEATHER SERVICE OFFICE AIRPORT MI US,20070829,0,0,0,206,100,-9999
GHCND:USW00094850,MARQUETTE WEATHER SERVICE OFFICE AIRPORT MI US,20070830,0,0,0,217,83,-9999
GHCND:USW00094850,MARQUETTE WEATHER SERVICE OFFICE AIRPORT MI US,20070831,0,0,0,206,83,-9999
GHCND:USW00094850,MARQUETTE WEATHER SERVICE OFFICE AIRPORT MI US,20070901,0,0,0,278,83,-9999
GHCND:USW00094850,MARQUETTE WEATHER SERVICE OFFICE AIRPORT MI US,20070902,0,0,0,289,167,-9999
GHCND:USW00094850,MARQUETTE WEATHER SERVICE OFFICE AIRPORT MI US,20070903,28,0,0,217,89,-9999
GHCND:USW00094850,MARQUETTE WEATHER SERVICE OFFICE AIRPORT MI US,20070904,1090,0,0,161,122,-9999
GHCND:USW00094850,MARQUETTE WEATHER SERVICE OFFICE AIRPORT MI US,20070905,0,0,0,311,150,-9999
GHCND:USW00094850,MARQUETTE WEATHER SERVICE OFFICE AIRPORT MI US,20070906,0,0,0,294,206,-9999
GHCND:USW00094850,MARQUETTE WEATHER SERVICE OFFICE AIRPORT MI US,20070907,107,0,0,228,94,-9999
GHCND:USW00094850,MARQUETTE WEATHER SERVICE OFFICE AIRPORT MI US,20070908,0,0,0,194,94,-9999
GHCND:USW00094850,MARQUETTE WEATHER SERVICE OFFICE AIRPORT MI US,20070909,0,0,0,128,61,-9999
GHCND:USW00094850,MARQUETTE WEATHER SERVICE OFFICE AIRPORT MI US,20070910,0,0,0,144,44,-9999
GHCND:USW00094850,MARQUETTE WEATHER SERVICE OFFICE AIRPORT MI US,20070911,46,0,0,122,56,-9999
GHCND:USW00094850,MARQUETTE WEATHER SERVICE OFFICE AIRPORT MI US,20070912,3,0,0,83,44,-9999
GHCND:USW00094850,MARQUETTE WEATHER SERVICE OFFICE AIRPORT MI US,20070913,3,0,0,189,56,-9999
GHCND:USW00094850,MARQUETTE WEATHER SERVICE OFFICE AIRPORT MI US,20070914,30,0,0,94,28,-9999
GHCND:USW00094850,MARQUETTE WEATHER SERVICE OFFICE AIRPORT MI US,20070915,8,0,0,128,-6,-9999
GHCND:USW00094850,MARQUETTE WEATHER SERVICE OFFICE AIRPORT MI US,20070916,0,0,0,189,50,-9999
GHCND:USW00094850,MARQUETTE WEATHER SERVICE OFFICE AIRPORT MI US,20070917,3,0,0,228,83,-9999
GHCND:USW00094850,MARQUETTE WEATHER SERVICE OFFICE AIRPORT MI US,20070918,56,0,0,272,150,-9999
GHCND:USW00094850,MARQUETTE WEATHER SERVICE OFFICE AIRPORT MI US,20070919,18,0,0,206,111,-9999
GHCND:USW00094850,MARQUETTE WEATHER SERVICE OFFICE AIRPORT MI US,20070920,0,0,0,183,72,-9999
GHCND:USW00094850,MARQUETTE WEATHER SERVICE OFFICE AIRPORT MI US,20070921,353,0,0,244,117,-9999
GHCND:USW00094850,MARQUETTE WEATHER SERVICE OFFICE AIRPORT MI US,20070922,0,0,0,206,78,-9999
GHCND:USW00094850,MARQUETTE WEATHER SERVICE OFFICE AIRPORT MI US,20070923,0,0,0,244,67,-9999
GHCND:USW00094850,MARQUETTE WEATHER SERVICE OFFICE AIRPORT MI US,20070924,69,0,0,289,156,-9999
GHCND:USW00094850,MARQUETTE WEATHER SERVICE OFFICE AIRPORT MI US,20070925,5,0,0,228,100,-9999
GHCND:USW00094850,MARQUETTE WEATHER SERVICE OFFICE AIRPORT MI US,20070926,8,0,0,139,61,-9999
GHCND:USW00094850,MARQUETTE WEATHER SERVICE OFFICE AIRPORT MI US,20070927,23,0,0,150,67,-9999
GHCND:USW00094850,MARQUETTE WEATHER SERVICE OFFICE AIRPORT MI US,20070928,0,0,0,150,50,-9999
GHCND:USW00094850,MARQUETTE WEATHER SERVICE OFFICE AIRPORT MI US,20070929,15,0,0,183,56,-9999
GHCND:USW00094850,MARQUETTE WEATHER SERVICE OFFICE AIRPORT MI US,20070930,38,0,0,233,133,-9999
GHCND:USW00094850,MARQUETTE WEATHER SERVICE OFFICE AIRPORT MI US,20071001,64,0,0,156,117,-9999
GHCND:USW00094850,MARQUETTE WEATHER SERVICE OFFICE AIRPORT MI US,20071002,74,0,0,178,117,-9999
GHCND:USW00094850,MARQUETTE WEATHER SERVICE OFFICE AIRPORT MI US,20071003,5,0,0,194,117,-9999
GHCND:USW00094850,MARQUETTE WEATHER SERVICE OFFICE AIRPORT MI US,20071004,0,0,0,244,100,-9999
GHCND:USW00094850,MARQUETTE WEATHER SERVICE OFFICE AIRPORT MI US,20071005,13,0,0,150,89,-9999
GHCND:USW00094850,MARQUETTE WEATHER SERVICE OFFICE AIRPORT MI US,20071006,145,0,0,239,133,-9999
GHCND:USW00094850,MARQUETTE WEATHER SERVICE OFFICE AIRPORT MI US,20071007,5,0,0,289,178,-9999
GHCND:USW00094850,MARQUETTE WEATHER SERVICE OFFICE AIRPORT MI US,20071008,69,0,0,283,106,-9999
GHCND:USW00094850,MARQUETTE WEATHER SERVICE OFFICE AIRPORT MI US,20071009,13,0,0,106,44,-9999
GHCND:USW00094850,MARQUETTE WEATHER SERVICE OFFICE AIRPORT MI US,20071010,439,0,0,67,44,-9999
GHCND:USW00094850,MARQUETTE WEATHER SERVICE OFFICE AIRPORT MI US,20071011,74,0,0,50,17,-9999
GHCND:USW00094850,MARQUETTE WEATHER SERVICE OFFICE AIRPORT MI US,20071012,25,0,0,67,0,-9999
GHCND:USW00094850,MARQUETTE WEATHER SERVICE OFFICE AIRPORT MI US,20071013,0,0,0,117,0,-9999
GHCND:USW00094850,MARQUETTE WEATHER SERVICE OFFICE AIRPORT MI US,20071014,0,0,0,111,-17,-9999
GHCND:USW00094850,MARQUETTE WEATHER SERVICE OFFICE AIRPORT MI US,20071015,0,0,0,111,17,-9999
GHCND:USW00094850,MARQUETTE WEATHER SERVICE OFFICE AIRPORT MI US,20071016,117,0,0,117,61,-9999
GHCND:USW00094850,MARQUETTE WEATHER SERVICE OFFICE AIRPORT MI US,20071017,0,0,0,161,100,-9999
GHCND:USW00094850,MARQUETTE WEATHER SERVICE OFFICE AIRPORT MI US,20071018,147,0,0,178,106,-9999
GHCND:USW00094850,MARQUETTE WEATHER SERVICE OFFICE AIRPORT MI US,20071019,33,0,0,128,83,-9999
GHCND:USW00094850,MARQUETTE WEATHER SERVICE OFFICE AIRPORT MI US,20071020,3,0,0,178,89,-9999
GHCND:USW00094850,MARQUETTE WEATHER SERVICE OFFICE AIRPORT MI US,20071021,0,0,0,156,56,-9999
GHCND:USW00094850,MARQUETTE WEATHER SERVICE OFFICE AIRPORT MI US,20071022,3,0,0,94,6,-9999
GHCND:USW00094850,MARQUETTE WEATHER SERVICE OFFICE AIRPORT MI US,20071023,36,0,0,100,-11,-9999
GHCND:USW00094850,MARQUETTE WEATHER SERVICE OFFICE AIRPORT MI US,20071024,23,0,3,56,-28,-9999
GHCND:USW00094850,MARQUETTE WEATHER SERVICE OFFICE AIRPORT MI US,20071025,0,0,0,117,-39,-9999
GHCND:USW00094850,MARQUETTE WEATHER SERVICE OFFICE AIRPORT MI US,20071026,0,0,0,128,39,-9999
GHCND:USW00094850,MARQUETTE WEATHER SERVICE OFFICE AIRPORT MI US,20071027,13,0,0,78,0,-9999
GHCND:USW00094850,MARQUETTE WEATHER SERVICE OFFICE AIRPORT MI US,20071028,0,0,0,67,-33,-9999
GHCND:USW00094850,MARQUETTE WEATHER SERVICE OFFICE AIRPORT MI US,20071029,0,0,0,156,28,-9999
GHCND:USW00094850,MARQUETTE WEATHER SERVICE OFFICE AIRPORT MI US,20071030,0,0,0,167,11,-9999
GHCND:USW00094850,MARQUETTE WEATHER SERVICE OFFICE AIRPORT MI US,20071031,8,0,0,133,17,-9999
GHCND:USW00094850,MARQUETTE WEATHER SERVICE OFFICE AIRPORT MI US,20071101,0,0,0,72,6,-9999
GHCND:USW00094850,MARQUETTE WEATHER SERVICE OFFICE AIRPORT MI US,20071102,0,0,0,117,-6,-9999
GHCND:USW00094850,MARQUETTE WEATHER SERVICE OFFICE AIRPORT MI US,20071103,0,0,0,72,-33,-9999
GHCND:USW00094850,MARQUETTE WEATHER SERVICE OFFICE AIRPORT MI US,20071104,0,0,0,72,-44,-9999
GHCND:USW00094850,MARQUETTE WEATHER SERVICE OFFICE AIRPORT MI US,20071105,81,0,56,33,-11,-9999
GHCND:USW00094850,MARQUETTE WEATHER SERVICE OFFICE AIRPORT MI US,20071106,208,152,203,-6,-39,-9999
GHCND:USW00094850,MARQUETTE WEATHER SERVICE OFFICE AIRPORT MI US,20071107,10,178,33,-17,-50,-9999
GHCND:USW00094850,MARQUETTE WEATHER SERVICE OFFICE AIRPORT MI US,20071108,0,152,5,0,-56,-9999
GHCND:USW00094850,MARQUETTE WEATHER SERVICE OFFICE AIRPORT MI US,20071109,0,127,3,17,-61,-9999
GHCND:USW00094850,MARQUETTE WEATHER SERVICE OFFICE AIRPORT MI US,20071110,0,102,0,39,-72,-9999
GHCND:USW00094850,MARQUETTE WEATHER SERVICE OFFICE AIRPORT MI US,20071111,0,76,0,89,17,-9999
GHCND:USW00094850,MARQUETTE WEATHER SERVICE OFFICE AIRPORT MI US,20071112,0,0,0,67,17,-9999
GHCND:USW00094850,MARQUETTE WEATHER SERVICE OFFICE AIRPORT MI US,20071113,0,0,0,89,0,-9999
GHCND:USW00094850,MARQUETTE WEATHER SERVICE OFFICE AIRPORT MI US,20071114,25,0,25,83,0,-9999
GHCND:USW00094850,MARQUETTE WEATHER SERVICE OFFICE AIRPORT MI US,20071115,30,51,64,0,-56,-9999
GHCND:USW00094850,MARQUETTE WEATHER SERVICE OFFICE AIRPORT MI US,20071116,0,51,0,11,-89,-9999
GHCND:USW00094850,MARQUETTE WEATHER SERVICE OFFICE AIRPORT MI US,20071117,28,76,41,-22,-33,-9999
GHCND:USW00094850,MARQUETTE WEATHER SERVICE OFFICE AIRPORT MI US,20071118,0,51,0,28,-83,-9999
GHCND:USW00094850,MARQUETTE WEATHER SERVICE OFFICE AIRPORT MI US,20071119,13,25,0,28,0,-9999
GHCND:USW00094850,MARQUETTE WEATHER SERVICE OFFICE AIRPORT MI US,20071120,0,0,0,17,-11,-9999
GHCND:USW00094850,MARQUETTE WEATHER SERVICE OFFICE AIRPORT MI US,20071121,48,25,36,6,-56,-9999
GHCND:USW00094850,MARQUETTE WEATHER SERVICE OFFICE AIRPORT MI US,20071122,5,25,28,-39,-117,-9999
GHCND:USW00094850,MARQUETTE WEATHER SERVICE OFFICE AIRPORT MI US,20071123,0,51,0,-33,-144,-9999
GHCND:USW00094850,MARQUETTE WEATHER SERVICE OFFICE AIRPORT MI US,20071124,0,25,8,-17,-56,-9999
GHCND:USW00094850,MARQUETTE WEATHER SERVICE OFFICE AIRPORT MI US,20071125,0,25,0,56,-33,-9999
GHCND:USW00094850,MARQUETTE WEATHER SERVICE OFFICE AIRPORT MI US,20071126,0,25,8,6,-56,-9999
GHCND:USW00094850,MARQUETTE WEATHER SERVICE OFFICE AIRPORT MI US,20071127,81,51,122,-50,-150,-9999
GHCND:USW00094850,MARQUETTE WEATHER SERVICE OFFICE AIRPORT MI US,20071128,18,76,25,-22,-139,-9999
GHCND:USW00094850,MARQUETTE WEATHER SERVICE OFFICE AIRPORT MI US,20071129,0,76,0,-72,-144,-9999
GHCND:USW00094850,MARQUETTE WEATHER SERVICE OFFICE AIRPORT MI US,20071130,8,76,18,-128,-156,-9999
GHCND:USW00094850,MARQUETTE WEATHER SERVICE OFFICE AIRPORT MI US,20071201,160,76,165,-56,-194,-9999
GHCND:USW00094850,MARQUETTE WEATHER SERVICE OFFICE AIRPORT MI US,20071202,97,254,81,-6,-56,-9999
GHCND:USW00094850,MARQUETTE WEATHER SERVICE OFFICE AIRPORT MI US,20071203,43,330,224,-50,-106,-9999
GHCND:USW00094850,MARQUETTE WEATHER SERVICE OFFICE AIRPORT MI US,20071204,66,381,224,-72,-89,-9999
GHCND:USW00094850,MARQUETTE WEATHER SERVICE OFFICE AIRPORT MI US,20071205,41,508,119,-89,-139,-9999
GHCND:USW00094850,MARQUETTE WEATHER SERVICE OFFICE AIRPORT MI US,20071206,0,432,0,-89,-217,-9999
GHCND:USW00094850,MARQUETTE WEATHER SERVICE OFFICE AIRPORT MI US,20071207,0,381,0,-61,-133,-9999
GHCND:USW00094850,MARQUETTE WEATHER SERVICE OFFICE AIRPORT MI US,20071208,0,356,0,-106,-178,-9999
GHCND:USW00094850,MARQUETTE WEATHER SERVICE OFFICE AIRPORT MI US,20071209,0,330,3,-100,-167,-9999
GHCND:USW00094850,MARQUETTE WEATHER SERVICE OFFICE AIRPORT MI US,20071210,0,330,0,-39,-189,-9999
GHCND:USW00094850,MARQUETTE WEATHER SERVICE OFFICE AIRPORT MI US,20071211,0,305,0,-50,-94,-9999
GHCND:USW00094850,MARQUETTE WEATHER SERVICE OFFICE AIRPORT MI US,20071212,0,305,8,-28,-89,-9999
GHCND:USW00094850,MARQUETTE WEATHER SERVICE OFFICE AIRPORT MI US,20071213,3,305,8,-28,-89,-9999
GHCND:USW00094850,MARQUETTE WEATHER SERVICE OFFICE AIRPORT MI US,20071214,8,305,66,-83,-178,-9999
GHCND:USW00094850,MARQUETTE WEATHER SERVICE OFFICE AIRPORT MI US,20071215,0,279,0,-61,-233,-9999
GHCND:USW00094850,MARQUETTE WEATHER SERVICE OFFICE AIRPORT MI US,20071216,10,279,41,-50,-211,-9999
GHCND:USW00094850,MARQUETTE WEATHER SERVICE OFFICE AIRPORT MI US,20071217,0,305,5,-61,-200,-9999
GHCND:USW00094850,MARQUETTE WEATHER SERVICE OFFICE AIRPORT MI US,20071218,18,305,20,-22,-144,-9999
GHCND:USW00094850,MARQUETTE WEATHER SERVICE OFFICE AIRPORT MI US,20071219,10,305,13,-22,-61,-9999
GHCND:USW00094850,MARQUETTE WEATHER SERVICE OFFICE AIRPORT MI US,20071220,0,305,0,0,-72,-9999
GHCND:USW00094850,MARQUETTE WEATHER SERVICE OFFICE AIRPORT MI US,20071221,0,305,0,0,-17,-9999
GHCND:USW00094850,MARQUETTE WEATHER SERVICE OFFICE AIRPORT MI US,20071222,13,279,0,22,0,-9999
GHCND:USW00094850,MARQUETTE WEATHER SERVICE OFFICE AIRPORT MI US,20071223,191,254,15,33,-106,-9999
GHCND:USW00094850,MARQUETTE WEATHER SERVICE OFFICE AIRPORT MI US,20071224,3,229,5,-39,-78,-9999
GHCND:USW00094850,MARQUETTE WEATHER SERVICE OFFICE AIRPORT MI US,20071225,41,229,69,-39,-67,-9999
GHCND:USW00094850,MARQUETTE WEATHER SERVICE OFFICE AIRPORT MI US,20071226,43,305,69,-11,-44,-9999
GHCND:USW00094850,MARQUETTE WEATHER SERVICE OFFICE AIRPORT MI US,20071227,18,356,28,-17,-83,-9999
GHCND:USW00094850,MARQUETTE WEATHER SERVICE OFFICE AIRPORT MI US,20071228,43,330,48,-44,-83,-9999
GHCND:USW00094850,MARQUETTE WEATHER SERVICE OFFICE AIRPORT MI US,20071229,0,356,3,-44,-89,-9999
GHCND:USW00094850,MARQUETTE WEATHER SERVICE OFFICE AIRPORT MI US,20071230,0,356,8,-39,-111,-9999
GHCND:USW00094850,MARQUETTE WEATHER SERVICE OFFICE AIRPORT MI US,20071231,3,330,10,-33,-89,-9999
GHCND:USW00094850,MARQUETTE WEATHER SERVICE OFFICE AIRPORT MI US,20080101,104,559,178,-56,-100,-9999
GHCND:USW00094850,MARQUETTE WEATHER SERVICE OFFICE AIRPORT MI US,20080102,28,559,137,-78,-183,-9999
GHCND:USW00094850,MARQUETTE WEATHER SERVICE OFFICE AIRPORT MI US,20080103,0,533,0,-50,-183,-9999
GHCND:USW00094850,MARQUETTE WEATHER SERVICE OFFICE AIRPORT MI US,20080104,0,457,0,-17,-117,-9999
GHCND:USW00094850,MARQUETTE WEATHER SERVICE OFFICE AIRPORT MI US,20080105,0,432,0,6,-67,-9999
GHCND:USW00094850,MARQUETTE WEATHER SERVICE OFFICE AIRPORT MI US,20080106,0,381,0,39,0,-9999
GHCND:USW00094850,MARQUETTE WEATHER SERVICE OFFICE AIRPORT MI US,20080107,15,305,0,33,-44,-9999
GHCND:USW00094850,MARQUETTE WEATHER SERVICE OFFICE AIRPORT MI US,20080108,5,279,10,6,-6,-9999
GHCND:USW00094850,MARQUETTE WEATHER SERVICE OFFICE AIRPORT MI US,20080109,0,279,0,0,-44,-9999
GHCND:USW00094850,MARQUETTE WEATHER SERVICE OFFICE AIRPORT MI US,20080110,0,279,0,6,-61,-9999
GHCND:USW00094850,MARQUETTE WEATHER SERVICE OFFICE AIRPORT MI US,20080111,13,279,15,-17,-39,-9999
GHCND:USW00094850,MARQUETTE WEATHER SERVICE OFFICE AIRPORT MI US,20080112,15,279,38,-11,-44,-9999
GHCND:USW00094850,MARQUETTE WEATHER SERVICE OFFICE AIRPORT MI US,20080113,61,330,97,-11,-44,-9999
GHCND:USW00094850,MARQUETTE WEATHER SERVICE OFFICE AIRPORT MI US,20080114,43,381,76,-28,-67,-9999
GHCND:USW00094850,MARQUETTE WEATHER SERVICE OFFICE AIRPORT MI US,20080115,5,432,15,-56,-72,-9999
GHCND:USW00094850,MARQUETTE WEATHER SERVICE OFFICE AIRPORT MI US,20080116,0,406,0,-17,-94,-9999
GHCND:USW00094850,MARQUETTE WEATHER SERVICE OFFICE AIRPORT MI US,20080117,130,0,145,-39,-94,-9999
GHCND:USW00094850,MARQUETTE WEATHER SERVICE OFFICE AIRPORT MI US,20080118,0,483,3,-94,-206,-9999
GHCND:USW00094850,MARQUETTE WEATHER SERVICE OFFICE AIRPORT MI US,20080119,0,483,0,-178,-256,-9999
GHCND:USW00094850,MARQUETTE WEATHER SERVICE OFFICE AIRPORT MI US,20080120,0,457,0,-167,-289,-9999
GHCND:USW00094850,MARQUETTE WEATHER SERVICE OFFICE AIRPORT MI US,20080121,0,457,5,-144,-233,-9999
GHCND:USW00094850,MARQUETTE WEATHER SERVICE OFFICE AIRPORT MI US,20080122,0,457,0,-117,-194,-9999
GHCND:USW00094850,MARQUETTE WEATHER SERVICE OFFICE AIRPORT MI US,20080123,3,457,5,-133,-233,-9999
GHCND:USW00094850,MARQUETTE WEATHER SERVICE OFFICE AIRPORT MI US,20080124,0,457,0,-111,-217,-9999
GHCND:USW00094850,MARQUETTE WEATHER SERVICE OFFICE AIRPORT MI US,20080125,0,457,0,-39,-150,-9999
GHCND:USW00094850,MARQUETTE WEATHER SERVICE OFFICE AIRPORT MI US,20080126,0,457,3,-44,-150,-9999
GHCND:USW00094850,MARQUETTE WEATHER SERVICE OFFICE AIRPORT MI US,20080127,0,457,0,-17,-111,-9999
GHCND:USW00094850,MARQUETTE WEATHER SERVICE OFFICE AIRPORT MI US,20080128,0,457,0,50,-78,-9999
GHCND:USW00094850,MARQUETTE WEATHER SERVICE OFFICE AIRPORT MI US,20080129,64,432,79,28,-144,-9999
GHCND:USW00094850,MARQUETTE WEATHER SERVICE OFFICE AIRPORT MI US,20080130,69,457,86,-144,-222,-9999
GHCND:USW00094850,MARQUETTE WEATHER SERVICE OFFICE AIRPORT MI US,20080131,0,432,0,-106,-233,-9999
GHCND:USW00094850,MARQUETTE WEATHER SERVICE OFFICE AIRPORT MI US,20080201,0,432,0,-44,-211,-9999
GHCND:USW00094850,MARQUETTE WEATHER SERVICE OFFICE AIRPORT MI US,20080202,8,432,18,-28,-61,-9999
GHCND:USW00094850,MARQUETTE WEATHER SERVICE OFFICE AIRPORT MI US,20080203,0,432,0,-6,-56,-9999
GHCND:USW00094850,MARQUETTE WEATHER SERVICE OFFICE AIRPORT MI US,20080204,56,432,53,-11,-56,-9999
GHCND:USW00094850,MARQUETTE WEATHER SERVICE OFFICE AIRPORT MI US,20080205,0,457,0,-11,-78,-9999
GHCND:USW00094850,MARQUETTE WEATHER SERVICE OFFICE AIRPORT MI US,20080206,10,483,28,-78,-94,-9999
GHCND:USW00094850,MARQUETTE WEATHER SERVICE OFFICE AIRPORT MI US,20080207,0,483,0,-39,-206,-9999
GHCND:USW00094850,MARQUETTE WEATHER SERVICE OFFICE AIRPORT MI US,20080208,0,483,0,-22,-156,-9999
GHCND:USW00094850,MARQUETTE WEATHER SERVICE OFFICE AIRPORT MI US,20080209,33,483,41,-22,-183,-9999
GHCND:USW00094850,MARQUETTE WEATHER SERVICE OFFICE AIRPORT MI US,20080210,18,457,15,-183,-228,-9999
GHCND:USW00094850,MARQUETTE WEATHER SERVICE OFFICE AIRPORT MI US,20080211,0,457,0,-122,-217,-9999
GHCND:USW00094850,MARQUETTE WEATHER SERVICE OFFICE AIRPORT MI US,20080212,0,457,3,-78,-189,-9999
GHCND:USW00094850,MARQUETTE WEATHER SERVICE OFFICE AIRPORT MI US,20080213,0,457,0,-72,-172,-9999
GHCND:USW00094850,MARQUETTE WEATHER SERVICE OFFICE AIRPORT MI US,20080214,61,508,132,-72,-172,-9999
GHCND:USW00094850,MARQUETTE WEATHER SERVICE OFFICE AIRPORT MI US,20080215,0,559,0,-117,-272,-9999
GHCND:USW00094850,MARQUETTE WEATHER SERVICE OFFICE AIRPORT MI US,20080216,0,559,0,-44,-278,-9999
GHCND:USW00094850,MARQUETTE WEATHER SERVICE OFFICE AIRPORT MI US,20080217,142,508,155,-33,-100,-9999
GHCND:USW00094850,MARQUETTE WEATHER SERVICE OFFICE AIRPORT MI US,20080218,15,635,28,-61,-128,-9999
GHCND:USW00094850,MARQUETTE WEATHER SERVICE OFFICE AIRPORT MI US,20080219,5,635,15,-122,-194,-9999
GHCND:USW00094850,MARQUETTE WEATHER SERVICE OFFICE AIRPORT MI US,20080220,0,584,0,-122,-194,-9999
GHCND:USW00094850,MARQUETTE WEATHER SERVICE OFFICE AIRPORT MI US,20080221,0,584,0,-67,-228,-9999
GHCND:USW00094850,MARQUETTE WEATHER SERVICE OFFICE AIRPORT MI US,20080222,0,584,0,-44,-194,-9999
GHCND:USW00094850,MARQUETTE WEATHER SERVICE OFFICE AIRPORT MI US,20080223,0,584,0,0,-200,-9999
GHCND:USW00094850,MARQUETTE WEATHER SERVICE OFFICE AIRPORT MI US,20080224,0,584,0,56,-178,-9999
GHCND:USW00094850,MARQUETTE WEATHER SERVICE OFFICE AIRPORT MI US,20080225,3,584,5,-17,-117,-9999
GHCND:USW00094850,MARQUETTE WEATHER SERVICE OFFICE AIRPORT MI US,20080226,5,584,15,-67,-117,-9999
GHCND:USW00094850,MARQUETTE WEATHER SERVICE OFFICE AIRPORT MI US,20080227,8,610,28,-106,-233,-9999
GHCND:USW00094850,MARQUETTE WEATHER SERVICE OFFICE AIRPORT MI US,20080228,0,610,0,-39,-244,-9999
GHCND:USW00094850,MARQUETTE WEATHER SERVICE OFFICE AIRPORT MI US,20080229,25,610,89,-44,-89,-9999
GHCND:USW00094850,MARQUETTE WEATHER SERVICE OFFICE AIRPORT MI US,20080301,0,660,13,-22,-111,-9999
GHCND:USW00094850,MARQUETTE WEATHER SERVICE OFFICE AIRPORT MI US,20080302,3,635,0,28,-100,-9999
GHCND:USW00094850,MARQUETTE WEATHER SERVICE OFFICE AIRPORT MI US,20080303,5,584,5,11,-133,-9999
GHCND:USW00094850,MARQUETTE WEATHER SERVICE OFFICE AIRPORT MI US,20080304,0,584,3,-72,-217,-9999
GHCND:USW00094850,MARQUETTE WEATHER SERVICE OFFICE AIRPORT MI US,20080305,15,584,56,-28,-156,-9999
GHCND:USW00094850,MARQUETTE WEATHER SERVICE OFFICE AIRPORT MI US,20080306,0,635,5,-83,-178,-9999
GHCND:USW00094850,MARQUETTE WEATHER SERVICE OFFICE AIRPORT MI US,20080307,0,635,0,-106,-261,-9999
GHCND:USW00094850,MARQUETTE WEATHER SERVICE OFFICE AIRPORT MI US,20080308,0,610,0,-78,-294,-9999
GHCND:USW00094850,MARQUETTE WEATHER SERVICE OFFICE AIRPORT MI US,20080309,0,610,5,-50,-206,-9999
GHCND:USW00094850,MARQUETTE WEATHER SERVICE OFFICE AIRPORT MI US,20080310,0,610,0,11,-222,-9999
GHCND:USW00094850,MARQUETTE WEATHER SERVICE OFFICE AIRPORT MI US,20080311,0,610,0,44,-44,-9999
GHCND:USW00094850,MARQUETTE WEATHER SERVICE OFFICE AIRPORT MI US,20080312,10,584,13,17,-61,-9999
GHCND:USW00094850,MARQUETTE WEATHER SERVICE OFFICE AIRPORT MI US,20080313,61,660,84,44,-50,-9999
GHCND:USW00094850,MARQUETTE WEATHER SERVICE OFFICE AIRPORT MI US,20080314,0,610,0,22,-61,-9999
GHCND:USW00094850,MARQUETTE WEATHER SERVICE OFFICE AIRPORT MI US,20080315,5,610,36,-39,-89,-9999
GHCND:USW00094850,MARQUETTE WEATHER SERVICE OFFICE AIRPORT MI US,20080316,5,660,43,-22,-117,-9999
GHCND:USW00094850,MARQUETTE WEATHER SERVICE OFFICE AIRPORT MI US,20080317,5,610,13,17,-94,-9999
GHCND:USW00094850,MARQUETTE WEATHER SERVICE OFFICE AIRPORT MI US,20080318,51,635,71,0,-33,-9999
GHCND:USW00094850,MARQUETTE WEATHER SERVICE OFFICE AIRPORT MI US,20080319,0,660,0,22,-44,-9999
GHCND:USW00094850,MARQUETTE WEATHER SERVICE OFFICE AIRPORT MI US,20080320,0,635,3,-17,-106,-9999
GHCND:USW00094850,MARQUETTE WEATHER SERVICE OFFICE AIRPORT MI US,20080321,0,610,0,-28,-172,-9999
GHCND:USW00094850,MARQUETTE WEATHER SERVICE OFFICE AIRPORT MI US,20080322,0,610,0,11,-133,-9999
GHCND:USW00094850,MARQUETTE WEATHER SERVICE OFFICE AIRPORT MI US,20080323,51,635,137,-44,-217,-9999
GHCND:USW00094850,MARQUETTE WEATHER SERVICE OFFICE AIRPORT MI US,20080324,0,686,0,33,-222,-9999
GHCND:USW00094850,MARQUETTE WEATHER SERVICE OFFICE AIRPORT MI US,20080325,41,686,53,22,-33,-9999
GHCND:USW00094850,MARQUETTE WEATHER SERVICE OFFICE AIRPORT MI US,20080326,8,635,10,33,-122,-9999
GHCND:USW00094850,MARQUETTE WEATHER SERVICE OFFICE AIRPORT MI US,20080327,0,635,0,-17,-133,-9999
GHCND:USW00094850,MARQUETTE WEATHER SERVICE OFFICE AIRPORT MI US,20080328,0,635,0,6,-144,-9999
GHCND:USW00094850,MARQUETTE WEATHER SERVICE OFFICE AIRPORT MI US,20080329,0,635,0,61,-167,-9999
GHCND:USW00094850,MARQUETTE WEATHER SERVICE OFFICE AIRPORT MI US,20080330,0,610,0,44,-39,-9999
GHCND:USW00094850,MARQUETTE WEATHER SERVICE OFFICE AIRPORT MI US,20080331,267,584,249,17,-17,-9999
GHCND:USW00094850,MARQUETTE WEATHER SERVICE OFFICE AIRPORT MI US,20080401,465,838,401,-17,-133,-9999
GHCND:USW00094850,MARQUETTE WEATHER SERVICE OFFICE AIRPORT MI US,20080402,0,889,0,67,-161,-9999
GHCND:USW00094850,MARQUETTE WEATHER SERVICE OFFICE AIRPORT MI US,20080403,0,813,0,111,-33,-9999
GHCND:USW00094850,MARQUETTE WEATHER SERVICE OFFICE AIRPORT MI US,20080404,0,711,0,111,-11,-9999
GHCND:USW00094850,MARQUETTE WEATHER SERVICE OFFICE AIRPORT MI US,20080405,0,635,0,83,-6,-9999
GHCND:USW00094850,MARQUETTE WEATHER SERVICE OFFICE AIRPORT MI US,20080406,0,610,0,139,-33,-9999
GHCND:USW00094850,MARQUETTE WEATHER SERVICE OFFICE AIRPORT MI US,20080407,58,533,0,94,0,-9999
GHCND:USW00094850,MARQUETTE WEATHER SERVICE OFFICE AIRPORT MI US,20080408,46,457,43,0,-22,-9999
GHCND:USW00094850,MARQUETTE WEATHER SERVICE OFFICE AIRPORT MI US,20080409,89,559,89,6,-22,-9999
GHCND:USW00094850,MARQUETTE WEATHER SERVICE OFFICE AIRPORT MI US,20080410,0,508,0,17,-39,-9999
GHCND:USW00094850,MARQUETTE WEATHER SERVICE OFFICE AIRPORT MI US,20080411,564,610,345,0,-28,-9999
GHCND:USW00094850,MARQUETTE WEATHER SERVICE OFFICE AIRPORT MI US,20080412,173,813,99,-6,-39,-9999
GHCND:USW00094850,MARQUETTE WEATHER SERVICE OFFICE AIRPORT MI US,20080413,0,813,0,22,-78,-9999
GHCND:USW00094850,MARQUETTE WEATHER SERVICE OFFICE AIRPORT MI US,20080414,0,787,0,89,-128,-9999
GHCND:USW00094850,MARQUETTE WEATHER SERVICE OFFICE AIRPORT MI US,20080415,0,737,0,133,17,-9999
GHCND:USW00094850,MARQUETTE WEATHER SERVICE OFFICE AIRPORT MI US,20080416,0,635,0,172,39,-9999
GHCND:USW00094850,MARQUETTE WEATHER SERVICE OFFICE AIRPORT MI US,20080417,79,432,0,106,28,-9999
GHCND:USW00094850,MARQUETTE WEATHER SERVICE OFFICE AIRPORT MI US,20080418,71,381,0,61,6,-9999
GHCND:USW00094850,MARQUETTE WEATHER SERVICE OFFICE AIRPORT MI US,20080419,38,330,0,50,11,-9999
GHCND:USW00094850,MARQUETTE WEATHER SERVICE OFFICE AIRPORT MI US,20080420,0,254,0,100,17,-9999
GHCND:USW00094850,MARQUETTE WEATHER SERVICE OFFICE AIRPORT MI US,20080421,0,152,0,200,11,-9999
GHCND:USW00094850,MARQUETTE WEATHER SERVICE OFFICE AIRPORT MI US,20080422,25,0,0,178,28,-9999
GHCND:USW00094850,MARQUETTE WEATHER SERVICE OFFICE AIRPORT MI US,20080423,0,0,0,211,-6,-9999
GHCND:USW00094850,MARQUETTE WEATHER SERVICE OFFICE AIRPORT MI US,20080424,3,0,0,200,61,-9999
GHCND:USW00094850,MARQUETTE WEATHER SERVICE OFFICE AIRPORT MI US,20080425,13,0,0,139,72,-9999
GHCND:USW00094850,MARQUETTE WEATHER SERVICE OFFICE AIRPORT MI US,20080426,0,0,0,117,-28,-9999
GHCND:USW00094850,MARQUETTE WEATHER SERVICE OFFICE AIRPORT MI US,20080427,0,0,0,56,-44,-9999
GHCND:USW00094850,MARQUETTE WEATHER SERVICE OFFICE AIRPORT MI US,20080428,0,0,0,11,-50,-9999
GHCND:USW00094850,MARQUETTE WEATHER SERVICE OFFICE AIRPORT MI US,20080429,0,0,0,72,-56,-9999
GHCND:USW00094850,MARQUETTE WEATHER SERVICE OFFICE AIRPORT MI US,20080430,0,0,0,100,-39,-9999
GHCND:USW00094850,MARQUETTE WEATHER SERVICE OFFICE AIRPORT MI US,20080501,0,0,0,122,-22,-9999
GHCND:USW00094850,MARQUETTE WEATHER SERVICE OFFICE AIRPORT MI US,20080502,239,0,0,61,28,-9999
GHCND:USW00094850,MARQUETTE WEATHER SERVICE OFFICE AIRPORT MI US,20080503,3,0,0,78,-22,-9999
GHCND:USW00094850,MARQUETTE WEATHER SERVICE OFFICE AIRPORT MI US,20080504,15,0,0,150,-39,-9999
GHCND:USW00094850,MARQUETTE WEATHER SERVICE OFFICE AIRPORT MI US,20080505,3,0,0,100,-6,-9999
GHCND:USW00094850,MARQUETTE WEATHER SERVICE OFFICE AIRPORT MI US,20080506,5,0,0,183,6,-9999
GHCND:USW00094850,MARQUETTE WEATHER SERVICE OFFICE AIRPORT MI US,20080507,74,0,0,117,-6,-9999
GHCND:USW00094850,MARQUETTE WEATHER SERVICE OFFICE AIRPORT MI US,20080508,0,0,0,117,-22,-9999
GHCND:USW00094850,MARQUETTE WEATHER SERVICE OFFICE AIRPORT MI US,20080509,0,0,0,133,11,-9999
GHCND:USW00094850,MARQUETTE WEATHER SERVICE OFFICE AIRPORT MI US,20080510,0,0,0,172,-22,-9999
GHCND:USW00094850,MARQUETTE WEATHER SERVICE OFFICE AIRPORT MI US,20080511,46,0,0,67,11,-9999
GHCND:USW00094850,MARQUETTE WEATHER SERVICE OFFICE AIRPORT MI US,20080512,0,0,0,94,11,-9999
GHCND:USW00094850,MARQUETTE WEATHER SERVICE OFFICE AIRPORT MI US,20080513,10,0,0,194,6,-9999
GHCND:USW00094850,MARQUETTE WEATHER SERVICE OFFICE AIRPORT MI US,20080514,8,0,0,133,39,-9999
GHCND:USW00094850,MARQUETTE WEATHER SERVICE OFFICE AIRPORT MI US,20080515,0,0,0,200,11,-9999
GHCND:USW00094850,MARQUETTE WEATHER SERVICE OFFICE AIRPORT MI US,20080516,41,0,0,156,50,-9999
GHCND:USW00094850,MARQUETTE WEATHER SERVICE OFFICE AIRPORT MI US,20080517,0,0,0,161,56,-9999
GHCND:USW00094850,MARQUETTE WEATHER SERVICE OFFICE AIRPORT MI US,20080518,0,0,0,83,17,-9999
GHCND:USW00094850,MARQUETTE WEATHER SERVICE OFFICE AIRPORT MI US,20080519,0,0,0,139,6,-9999
GHCND:USW00094850,MARQUETTE WEATHER SERVICE OFFICE AIRPORT MI US,20080520,8,0,0,100,17,-9999
GHCND:USW00094850,MARQUETTE WEATHER SERVICE OFFICE AIRPORT MI US,20080521,8,0,0,100,22,-9999
GHCND:USW00094850,MARQUETTE WEATHER SERVICE OFFICE AIRPORT MI US,20080522,0,0,0,100,39,-9999
GHCND:USW00094850,MARQUETTE WEATHER SERVICE OFFICE AIRPORT MI US,20080523,0,0,0,128,44,-9999
GHCND:USW00094850,MARQUETTE WEATHER SERVICE OFFICE AIRPORT MI US,20080524,0,0,0,172,11,-9999
GHCND:USW00094850,MARQUETTE WEATHER SERVICE OFFICE AIRPORT MI US,20080525,10,0,0,233,78,-9999
GHCND:USW00094850,MARQUETTE WEATHER SERVICE OFFICE AIRPORT MI US,20080526,0,0,0,172,6,-9999
GHCND:USW00094850,MARQUETTE WEATHER SERVICE OFFICE AIRPORT MI US,20080527,0,0,0,94,-6,-9999
GHCND:USW00094850,MARQUETTE WEATHER SERVICE OFFICE AIRPORT MI US,20080528,0,0,0,200,-11,-9999
GHCND:USW00094850,MARQUETTE WEATHER SERVICE OFFICE AIRPORT MI US,20080529,0,0,0,233,50,-9999
GHCND:USW00094850,MARQUETTE WEATHER SERVICE OFFICE AIRPORT MI US,20080530,48,0,0,144,72,-9999
GHCND:USW00094850,MARQUETTE WEATHER SERVICE OFFICE AIRPORT MI US,20080531,0,0,0,122,78,-9999
GHCND:USW00094850,MARQUETTE WEATHER SERVICE OFFICE AIRPORT MI US,20080601,0,0,0,239,61,-9999
GHCND:USW00094850,MARQUETTE WEATHER SERVICE OFFICE AIRPORT MI US,20080602,0,0,0,189,78,-9999
GHCND:USW00094850,MARQUETTE WEATHER SERVICE OFFICE AIRPORT MI US,20080603,0,0,0,150,56,-9999
GHCND:USW00094850,MARQUETTE WEATHER SERVICE OFFICE AIRPORT MI US,20080604,0,0,0,172,78,-9999
GHCND:USW00094850,MARQUETTE WEATHER SERVICE OFFICE AIRPORT MI US,20080605,23,0,0,150,100,-9999
GHCND:USW00094850,MARQUETTE WEATHER SERVICE OFFICE AIRPORT MI US,20080606,46,0,0,283,100,-9999
GHCND:USW00094850,MARQUETTE WEATHER SERVICE OFFICE AIRPORT MI US,20080607,5,0,0,300,150,-9999
GHCND:USW00094850,MARQUETTE WEATHER SERVICE OFFICE AIRPORT MI US,20080608,3,0,0,228,156,-9999
GHCND:USW00094850,MARQUETTE WEATHER SERVICE OFFICE AIRPORT MI US,20080609,8,0,0,256,122,-9999
GHCND:USW00094850,MARQUETTE WEATHER SERVICE OFFICE AIRPORT MI US,20080610,46,0,0,206,61,-9999
GHCND:USW00094850,MARQUETTE WEATHER SERVICE OFFICE AIRPORT MI US,20080611,117,0,0,111,56,-9999
GHCND:USW00094850,MARQUETTE WEATHER SERVICE OFFICE AIRPORT MI US,20080612,262,0,0,194,89,-9999
GHCND:USW00094850,MARQUETTE WEATHER SERVICE OFFICE AIRPORT MI US,20080613,3,0,0,256,111,-9999
GHCND:USW00094850,MARQUETTE WEATHER SERVICE OFFICE AIRPORT MI US,20080614,3,0,0,228,100,-9999
GHCND:USW00094850,MARQUETTE WEATHER SERVICE OFFICE AIRPORT MI US,20080615,0,0,0,217,111,-9999
GHCND:USW00094850,MARQUETTE WEATHER SERVICE OFFICE AIRPORT MI US,20080616,3,0,0,144,89,-9999
GHCND:USW00094850,MARQUETTE WEATHER SERVICE OFFICE AIRPORT MI US,20080617,41,0,0,167,89,-9999
GHCND:USW00094850,MARQUETTE WEATHER SERVICE OFFICE AIRPORT MI US,20080618,20,0,0,156,67,-9999
GHCND:USW00094850,MARQUETTE WEATHER SERVICE OFFICE AIRPORT MI US,20080619,0,0,0,200,89,-9999
GHCND:USW00094850,MARQUETTE WEATHER SERVICE OFFICE AIRPORT MI US,20080620,0,0,0,250,94,-9999
GHCND:USW00094850,MARQUETTE WEATHER SERVICE OFFICE AIRPORT MI US,20080621,0,0,0,233,122,-9999
GHCND:USW00094850,MARQUETTE WEATHER SERVICE OFFICE AIRPORT MI US,20080622,0,0,0,194,106,-9999
GHCND:USW00094850,MARQUETTE WEATHER SERVICE OFFICE AIRPORT MI US,20080623,0,0,0,206,94,-9999
GHCND:USW00094850,MARQUETTE WEATHER SERVICE OFFICE AIRPORT MI US,20080624,0,0,0,267,89,-9999
GHCND:USW00094850,MARQUETTE WEATHER SERVICE OFFICE AIRPORT MI US,20080625,81,0,0,289,161,-9999
GHCND:USW00094850,MARQUETTE WEATHER SERVICE OFFICE AIRPORT MI US,20080626,0,0,0,239,144,-9999
GHCND:USW00094850,MARQUETTE WEATHER SERVICE OFFICE AIRPORT MI US,20080627,46,0,0,250,133,-9999
GHCND:USW00094850,MARQUETTE WEATHER SERVICE OFFICE AIRPORT MI US,20080628,107,0,0,233,122,-9999
GHCND:USW00094850,MARQUETTE WEATHER SERVICE OFFICE AIRPORT MI US,20080629,23,0,0,194,94,-9999
GHCND:USW00094850,MARQUETTE WEATHER SERVICE OFFICE AIRPORT MI US,20080630,0,0,0,228,111,-9999
GHCND:USW00094850,MARQUETTE WEATHER SERVICE OFFICE AIRPORT MI US,20080701,0,0,0,294,111,-9999
GHCND:USW00094850,MARQUETTE WEATHER SERVICE OFFICE AIRPORT MI US,20080702,81,0,0,222,122,-9999
GHCND:USW00094850,MARQUETTE WEATHER SERVICE OFFICE AIRPORT MI US,20080703,0,0,0,194,89,-9999
GHCND:USW00094850,MARQUETTE WEATHER SERVICE OFFICE AIRPORT MI US,20080704,0,0,0,244,78,-9999
GHCND:USW00094850,MARQUETTE WEATHER SERVICE OFFICE AIRPORT MI US,20080705,0,0,0,272,106,-9999
GHCND:USW00094850,MARQUETTE WEATHER SERVICE OFFICE AIRPORT MI US,20080706,0,0,0,278,172,-9999
GHCND:USW00094850,MARQUETTE WEATHER SERVICE OFFICE AIRPORT MI US,20080707,33,0,0,228,139,-9999
GHCND:USW00094850,MARQUETTE WEATHER SERVICE OFFICE AIRPORT MI US,20080708,5,0,0,278,156,-9999
GHCND:USW00094850,MARQUETTE WEATHER SERVICE OFFICE AIRPORT MI US,20080709,0,0,0,211,89,-9999
GHCND:USW00094850,MARQUETTE WEATHER SERVICE OFFICE AIRPORT MI US,20080710,140,0,0,211,89,-9999
GHCND:USW00094850,MARQUETTE WEATHER SERVICE OFFICE AIRPORT MI US,20080711,0,0,0,233,122,-9999
GHCND:USW00094850,MARQUETTE WEATHER SERVICE OFFICE AIRPORT MI US,20080712,20,0,0,250,172,-9999
GHCND:USW00094850,MARQUETTE WEATHER SERVICE OFFICE AIRPORT MI US,20080713,3,0,0,178,128,-9999
GHCND:USW00094850,MARQUETTE WEATHER SERVICE OFFICE AIRPORT MI US,20080714,0,0,0,222,122,-9999
GHCND:USW00094850,MARQUETTE WEATHER SERVICE OFFICE AIRPORT MI US,20080715,18,0,0,267,144,-9999
GHCND:USW00094850,MARQUETTE WEATHER SERVICE OFFICE AIRPORT MI US,20080716,0,0,0,256,122,-9999
GHCND:USW00094850,MARQUETTE WEATHER SERVICE OFFICE AIRPORT MI US,20080717,305,0,0,261,167,-9999
GHCND:USW00094850,MARQUETTE WEATHER SERVICE OFFICE AIRPORT MI US,20080718,0,0,0,261,156,-9999
GHCND:USW00094850,MARQUETTE WEATHER SERVICE OFFICE AIRPORT MI US,20080719,0,0,0,217,111,-9999
GHCND:USW00094850,MARQUETTE WEATHER SERVICE OFFICE AIRPORT MI US,20080720,18,0,0,206,122,-9999
GHCND:USW00094850,MARQUETTE WEATHER SERVICE OFFICE AIRPORT MI US,20080721,3,0,0,178,122,-9999
GHCND:USW00094850,MARQUETTE WEATHER SERVICE OFFICE AIRPORT MI US,20080722,0,0,0,211,133,-9999
GHCND:USW00094850,MARQUETTE WEATHER SERVICE OFFICE AIRPORT MI US,20080723,0,0,0,233,106,-9999
GHCND:USW00094850,MARQUETTE WEATHER SERVICE OFFICE AIRPORT MI US,20080724,0,0,0,261,89,-9999
GHCND:USW00094850,MARQUETTE WEATHER SERVICE OFFICE AIRPORT MI US,20080725,64,0,0,267,167,-9999
GHCND:USW00094850,MARQUETTE WEATHER SERVICE OFFICE AIRPORT MI US,20080726,0,0,0,239,144,-9999
GHCND:USW00094850,MARQUETTE WEATHER SERVICE OFFICE AIRPORT MI US,20080727,0,0,0,261,144,-9999
GHCND:USW00094850,MARQUETTE WEATHER SERVICE OFFICE AIRPORT MI US,20080728,0,0,0,228,106,-9999
GHCND:USW00094850,MARQUETTE WEATHER SERVICE OFFICE AIRPORT MI US,20080729,36,0,0,239,139,-9999
GHCND:USW00094850,MARQUETTE WEATHER SERVICE OFFICE AIRPORT MI US,20080730,0,0,0,244,139,-9999
GHCND:USW00094850,MARQUETTE WEATHER SERVICE OFFICE AIRPORT MI US,20080731,0,0,0,217,139,-9999
GHCND:USW00094850,MARQUETTE WEATHER SERVICE OFFICE AIRPORT MI US,20080801,0,0,0,267,111,-9999
GHCND:USW00094850,MARQUETTE WEATHER SERVICE OFFICE AIRPORT MI US,20080802,0,0,0,239,111,-9999
GHCND:USW00094850,MARQUETTE WEATHER SERVICE OFFICE AIRPORT MI US,20080803,0,0,0,283,117,-9999
GHCND:USW00094850,MARQUETTE WEATHER SERVICE OFFICE AIRPORT MI US,20080804,41,0,0,250,161,-9999
GHCND:USW00094850,MARQUETTE WEATHER SERVICE OFFICE AIRPORT MI US,20080805,0,0,0,250,139,-9999
GHCND:USW00094850,MARQUETTE WEATHER SERVICE OFFICE AIRPORT MI US,20080806,0,0,0,244,117,-9999
GHCND:USW00094850,MARQUETTE WEATHER SERVICE OFFICE AIRPORT MI US,20080807,0,0,0,211,133,-9999
GHCND:USW00094850,MARQUETTE WEATHER SERVICE OFFICE AIRPORT MI US,20080808,13,0,0,256,100,-9999
GHCND:USW00094850,MARQUETTE WEATHER SERVICE OFFICE AIRPORT MI US,20080809,18,0,0,161,111,-9999
GHCND:USW00094850,MARQUETTE WEATHER SERVICE OFFICE AIRPORT MI US,20080810,0,0,0,189,89,-9999
GHCND:USW00094850,MARQUETTE WEATHER SERVICE OFFICE AIRPORT MI US,20080811,0,0,0,222,67,-9999
GHCND:USW00094850,MARQUETTE WEATHER SERVICE OFFICE AIRPORT MI US,20080812,0,0,0,250,89,-9999
GHCND:USW00094850,MARQUETTE WEATHER SERVICE OFFICE AIRPORT MI US,20080813,0,0,0,233,106,-9999
GHCND:USW00094850,MARQUETTE WEATHER SERVICE OFFICE AIRPORT MI US,20080814,0,0,0,217,83,-9999
GHCND:USW00094850,MARQUETTE WEATHER SERVICE OFFICE AIRPORT MI US,20080815,0,0,0,239,83,-9999
GHCND:USW00094850,MARQUETTE WEATHER SERVICE OFFICE AIRPORT MI US,20080816,0,0,0,272,117,-9999
GHCND:USW00094850,MARQUETTE WEATHER SERVICE OFFICE AIRPORT MI US,20080817,0,0,0,300,161,-9999
GHCND:USW00094850,MARQUETTE WEATHER SERVICE OFFICE AIRPORT MI US,20080818,0,0,0,233,106,-9999
GHCND:USW00094850,MARQUETTE WEATHER SERVICE OFFICE AIRPORT MI US,20080819,0,0,0,222,72,-9999
GHCND:USW00094850,MARQUETTE WEATHER SERVICE OFFICE AIRPORT MI US,20080820,0,0,0,283,106,-9999
GHCND:USW00094850,MARQUETTE WEATHER SERVICE OFFICE AIRPORT MI US,20080821,0,0,0,267,139,-9999
GHCND:USW00094850,MARQUETTE WEATHER SERVICE OFFICE AIRPORT MI US,20080822,0,0,0,283,167,-9999
GHCND:USW00094850,MARQUETTE WEATHER SERVICE OFFICE AIRPORT MI US,20080823,38,0,0,250,133,-9999
GHCND:USW00094850,MARQUETTE WEATHER SERVICE OFFICE AIRPORT MI US,20080824,0,0,0,200,72,-9999
GHCND:USW00094850,MARQUETTE WEATHER SERVICE OFFICE AIRPORT MI US,20080825,0,0,0,211,33,-9999
GHCND:USW00094850,MARQUETTE WEATHER SERVICE OFFICE AIRPORT MI US,20080826,0,0,0,261,72,-9999
GHCND:USW00094850,MARQUETTE WEATHER SERVICE OFFICE AIRPORT MI US,20080827,0,0,0,267,111,-9999
GHCND:USW00094850,MARQUETTE WEATHER SERVICE OFFICE AIRPORT MI US,20080828,3,0,0,222,106,-9999
GHCND:USW00094850,MARQUETTE WEATHER SERVICE OFFICE AIRPORT MI US,20080829,0,0,0,228,94,-9999
GHCND:USW00094850,MARQUETTE WEATHER SERVICE OFFICE AIRPORT MI US,20080830,0,0,0,250,100,-9999
GHCND:USW00094850,MARQUETTE WEATHER SERVICE OFFICE AIRPORT MI US,20080831,0,0,0,322,106,-9999
GHCND:USW00094850,MARQUETTE WEATHER SERVICE OFFICE AIRPORT MI US,20080901,0,0,0,311,156,-9999
GHCND:USW00094850,MARQUETTE WEATHER SERVICE OFFICE AIRPORT MI US,20080902,38,0,0,322,167,-9999
GHCND:USW00094850,MARQUETTE WEATHER SERVICE OFFICE AIRPORT MI US,20080903,0,0,0,183,83,-9999
GHCND:USW00094850,MARQUETTE WEATHER SERVICE OFFICE AIRPORT MI US,20080904,8,0,0,144,89,-9999
GHCND:USW00094850,MARQUETTE WEATHER SERVICE OFFICE AIRPORT MI US,20080905,0,0,0,183,83,-9999
GHCND:USW00094850,MARQUETTE WEATHER SERVICE OFFICE AIRPORT MI US,20080906,36,0,0,189,94,-9999
GHCND:USW00094850,MARQUETTE WEATHER SERVICE OFFICE AIRPORT MI US,20080907,15,0,0,200,72,-9999
GHCND:USW00094850,MARQUETTE WEATHER SERVICE OFFICE AIRPORT MI US,20080908,20,0,0,144,44,-9999
GHCND:USW00094850,MARQUETTE WEATHER SERVICE OFFICE AIRPORT MI US,20080909,5,0,0,156,22,-9999
GHCND:USW00094850,MARQUETTE WEATHER SERVICE OFFICE AIRPORT MI US,20080910,0,0,0,194,22,-9999
GHCND:USW00094850,MARQUETTE WEATHER SERVICE OFFICE AIRPORT MI US,20080911,51,0,0,222,122,-9999
GHCND:USW00094850,MARQUETTE WEATHER SERVICE OFFICE AIRPORT MI US,20080912,0,0,0,211,89,-9999
GHCND:USW00094850,MARQUETTE WEATHER SERVICE OFFICE AIRPORT MI US,20080913,363,0,0,194,78,-9999
GHCND:USW00094850,MARQUETTE WEATHER SERVICE OFFICE AIRPORT MI US,20080914,198,0,0,133,72,-9999
GHCND:USW00094850,MARQUETTE WEATHER SERVICE OFFICE AIRPORT MI US,20080915,3,0,0,139,44,-9999
GHCND:USW00094850,MARQUETTE WEATHER SERVICE OFFICE AIRPORT MI US,20080916,0,0,0,228,44,-9999
GHCND:USW00094850,MARQUETTE WEATHER SERVICE OFFICE AIRPORT MI US,20080917,0,0,0,183,67,-9999
GHCND:USW00094850,MARQUETTE WEATHER SERVICE OFFICE AIRPORT MI US,20080918,0,0,0,189,61,-9999
GHCND:USW00094850,MARQUETTE WEATHER SERVICE OFFICE AIRPORT MI US,20080919,0,0,0,261,122,-9999
GHCND:USW00094850,MARQUETTE WEATHER SERVICE OFFICE AIRPORT MI US,20080920,0,0,0,178,28,-9999
GHCND:USW00094850,MARQUETTE WEATHER SERVICE OFFICE AIRPORT MI US,20080921,0,0,0,194,11,-9999
GHCND:USW00094850,MARQUETTE WEATHER SERVICE OFFICE AIRPORT MI US,20080922,0,0,0,194,117,-9999
GHCND:USW00094850,MARQUETTE WEATHER SERVICE OFFICE AIRPORT MI US,20080923,0,0,0,261,139,-9999
GHCND:USW00094850,MARQUETTE WEATHER SERVICE OFFICE AIRPORT MI US,20080924,8,0,0,228,100,-9999
GHCND:USW00094850,MARQUETTE WEATHER SERVICE OFFICE AIRPORT MI US,20080925,0,0,0,206,50,-9999
GHCND:USW00094850,MARQUETTE WEATHER SERVICE OFFICE AIRPORT MI US,20080926,0,0,0,261,133,-9999
GHCND:USW00094850,MARQUETTE WEATHER SERVICE OFFICE AIRPORT MI US,20080927,13,0,0,183,94,-9999
GHCND:USW00094850,MARQUETTE WEATHER SERVICE OFFICE AIRPORT MI US,20080928,18,0,0,117,72,-9999
GHCND:USW00094850,MARQUETTE WEATHER SERVICE OFFICE AIRPORT MI US,20080929,38,0,0,122,72,-9999
GHCND:USW00094850,MARQUETTE WEATHER SERVICE OFFICE AIRPORT MI US,20080930,124,0,0,106,61,-9999
GHCND:USW00094850,MARQUETTE WEATHER SERVICE OFFICE AIRPORT MI US,20081001,48,0,0,83,44,56
GHCND:USW00094850,MARQUETTE WEATHER SERVICE OFFICE AIRPORT MI US,20081002,51,0,0,89,22,33
GHCND:USW00094850,MARQUETTE WEATHER SERVICE OFFICE AIRPORT MI US,20081003,5,0,0,89,0,11
GHCND:USW00094850,MARQUETTE WEATHER SERVICE OFFICE AIRPORT MI US,20081004,0,0,0,100,-6,33
GHCND:USW00094850,MARQUETTE WEATHER SERVICE OFFICE AIRPORT MI US,20081005,0,0,0,133,28,56
GHCND:USW00094850,MARQUETTE WEATHER SERVICE OFFICE AIRPORT MI US,20081006,15,0,0,128,33,83
GHCND:USW00094850,MARQUETTE WEATHER SERVICE OFFICE AIRPORT MI US,20081007,20,0,0,156,78,89
GHCND:USW00094850,MARQUETTE WEATHER SERVICE OFFICE AIRPORT MI US,20081008,147,0,0,133,83,89
GHCND:USW00094850,MARQUETTE WEATHER SERVICE OFFICE AIRPORT MI US,20081009,0,0,0,144,56,61
GHCND:USW00094850,MARQUETTE WEATHER SERVICE OFFICE AIRPORT MI US,20081010,0,0,0,111,44,61
GHCND:USW00094850,MARQUETTE WEATHER SERVICE OFFICE AIRPORT MI US,20081011,0,0,0,217,33,128
GHCND:USW00094850,MARQUETTE WEATHER SERVICE OFFICE AIRPORT MI US,20081012,0,0,0,217,117,150
GHCND:USW00094850,MARQUETTE WEATHER SERVICE OFFICE AIRPORT MI US,20081013,18,0,0,250,111,111
GHCND:USW00094850,MARQUETTE WEATHER SERVICE OFFICE AIRPORT MI US,20081014,3,0,0,128,44,83
GHCND:USW00094850,MARQUETTE WEATHER SERVICE OFFICE AIRPORT MI US,20081015,0,0,0,144,61,67
GHCND:USW00094850,MARQUETTE WEATHER SERVICE OFFICE AIRPORT MI US,20081016,0,0,0,100,-17,-17
GHCND:USW00094850,MARQUETTE WEATHER SERVICE OFFICE AIRPORT MI US,20081017,0,0,0,89,-22,-22
GHCND:USW00094850,MARQUETTE WEATHER SERVICE OFFICE AIRPORT MI US,20081018,0,0,0,111,-44,61
GHCND:USW00094850,MARQUETTE WEATHER SERVICE OFFICE AIRPORT MI US,20081019,0,0,0,122,61,94
GHCND:USW00094850,MARQUETTE WEATHER SERVICE OFFICE AIRPORT MI US,20081020,30,0,0,94,22,28
GHCND:USW00094850,MARQUETTE WEATHER SERVICE OFFICE AIRPORT MI US,20081021,51,0,0,39,-28,-28
GHCND:USW00094850,MARQUETTE WEATHER SERVICE OFFICE AIRPORT MI US,20081022,0,0,0,89,-61,11
GHCND:USW00094850,MARQUETTE WEATHER SERVICE OFFICE AIRPORT MI US,20081023,0,0,0,117,6,50
GHCND:USW00094850,MARQUETTE WEATHER SERVICE OFFICE AIRPORT MI US,20081024,89,0,0,83,44,61
GHCND:USW00094850,MARQUETTE WEATHER SERVICE OFFICE AIRPORT MI US,20081025,3,0,0,83,44,44
GHCND:USW00094850,MARQUETTE WEATHER SERVICE OFFICE AIRPORT MI US,20081026,99,0,0,72,11,28
GHCND:USW00094850,MARQUETTE WEATHER SERVICE OFFICE AIRPORT MI US,20081027,86,25,56,28,-17,0
GHCND:USW00094850,MARQUETTE WEATHER SERVICE OFFICE AIRPORT MI US,20081028,0,51,0,33,-11,11
GHCND:USW00094850,MARQUETTE WEATHER SERVICE OFFICE AIRPORT MI US,20081029,0,0,0,50,-17,-6
GHCND:USW00094850,MARQUETTE WEATHER SERVICE OFFICE AIRPORT MI US,20081030,0,0,0,178,-11,117
GHCND:USW00094850,MARQUETTE WEATHER SERVICE OFFICE AIRPORT MI US,20081031,0,0,0,117,22,22
GHCND:USW00094850,MARQUETTE WEATHER SERVICE OFFICE AIRPORT MI US,20081101,0,0,0,78,-39,-6
GHCND:USW00094850,MARQUETTE WEATHER SERVICE OFFICE AIRPORT MI US,20081102,5,0,0,67,-11,61
GHCND:USW00094850,MARQUETTE WEATHER SERVICE OFFICE AIRPORT MI US,20081103,0,0,0,161,17,106
GHCND:USW00094850,MARQUETTE WEATHER SERVICE OFFICE AIRPORT MI US,20081104,0,0,0,194,106,139
GHCND:USW00094850,MARQUETTE WEATHER SERVICE OFFICE AIRPORT MI US,20081105,0,0,0,167,106,128
GHCND:USW00094850,MARQUETTE WEATHER SERVICE OFFICE AIRPORT MI US,20081106,69,0,0,178,94,106
GHCND:USW00094850,MARQUETTE WEATHER SERVICE OFFICE AIRPORT MI US,20081107,5,0,0,117,22,28
GHCND:USW00094850,MARQUETTE WEATHER SERVICE OFFICE AIRPORT MI US,20081108,71,0,41,28,-22,-22
GHCND:USW00094850,MARQUETTE WEATHER SERVICE OFFICE AIRPORT MI US,20081109,23,51,84,-22,-50,-39
GHCND:USW00094850,MARQUETTE WEATHER SERVICE OFFICE AIRPORT MI US,20081110,0,51,13,-17,-44,-28
GHCND:USW00094850,MARQUETTE WEATHER SERVICE OFFICE AIRPORT MI US,20081111,0,25,0,17,-39,-33
GHCND:USW00094850,MARQUETTE WEATHER SERVICE OFFICE AIRPORT MI US,20081112,71,25,0,39,-33,39
GHCND:USW00094850,MARQUETTE WEATHER SERVICE OFFICE AIRPORT MI US,20081113,23,0,0,44,33,44
GHCND:USW00094850,MARQUETTE WEATHER SERVICE OFFICE AIRPORT MI US,20081114,10,0,3,44,0,0
GHCND:USW00094850,MARQUETTE WEATHER SERVICE OFFICE AIRPORT MI US,20081115,58,0,18,0,-39,-39
GHCND:USW00094850,MARQUETTE WEATHER SERVICE OFFICE AIRPORT MI US,20081116,3,0,10,-28,-61,-61
GHCND:USW00094850,MARQUETTE WEATHER SERVICE OFFICE AIRPORT MI US,20081117,130,25,226,-44,-72,-67
GHCND:USW00094850,MARQUETTE WEATHER SERVICE OFFICE AIRPORT MI US,20081118,51,279,147,-50,-89,-61
GHCND:USW00094850,MARQUETTE WEATHER SERVICE OFFICE AIRPORT MI US,20081119,71,178,84,-22,-67,-39
GHCND:USW00094850,MARQUETTE WEATHER SERVICE OFFICE AIRPORT MI US,20081120,173,305,373,-39,-94,-94
GHCND:USW00094850,MARQUETTE WEATHER SERVICE OFFICE AIRPORT MI US,20081121,23,406,46,-89,-111,-106
GHCND:USW00094850,MARQUETTE WEATHER SERVICE OFFICE AIRPORT MI US,20081122,0,330,10,-44,-117,-83
GHCND:USW00094850,MARQUETTE WEATHER SERVICE OFFICE AIRPORT MI US,20081123,0,279,0,17,-94,-22
GHCND:USW00094850,MARQUETTE WEATHER SERVICE OFFICE AIRPORT MI US,20081124,0,254,0,0,-33,0
GHCND:USW00094850,MARQUETTE WEATHER SERVICE OFFICE AIRPORT MI US,20081125,0,229,0,0,-50,-44
GHCND:USW00094850,MARQUETTE WEATHER SERVICE OFFICE AIRPORT MI US,20081126,0,203,0,-11,-72,-28
GHCND:USW00094850,MARQUETTE WEATHER SERVICE OFFICE AIRPORT MI US,20081127,15,203,20,-17,-39,-17
GHCND:USW00094850,MARQUETTE WEATHER SERVICE OFFICE AIRPORT MI US,20081128,18,178,23,-11,-39,-28
GHCND:USW00094850,MARQUETTE WEATHER SERVICE OFFICE AIRPORT MI US,20081129,0,203,0,-17,-78,-61
GHCND:USW00094850,MARQUETTE WEATHER SERVICE OFFICE AIRPORT MI US,20081130,8,178,10,-17,-89,-44
GHCND:USW00094850,MARQUETTE WEATHER SERVICE OFFICE AIRPORT MI US,20081201,99,229,112,-39,-72,-67
GHCND:USW00094850,MARQUETTE WEATHER SERVICE OFFICE AIRPORT MI US,20081202,0,254,0,-56,-117,-56
GHCND:USW00094850,MARQUETTE WEATHER SERVICE OFFICE AIRPORT MI US,20081203,0,229,15,-28,-100,-100
GHCND:USW00094850,MARQUETTE WEATHER SERVICE OFFICE AIRPORT MI US,20081204,0,229,0,-78,-144,-144
GHCND:USW00094850,MARQUETTE WEATHER SERVICE OFFICE AIRPORT MI US,20081205,0,229,3,-106,-167,-122
GHCND:USW00094850,MARQUETTE WEATHER SERVICE OFFICE AIRPORT MI US,20081206,64,229,132,-67,-128,-128
GHCND:USW00094850,MARQUETTE WEATHER SERVICE OFFICE AIRPORT MI US,20081207,3,279,10,-106,-144,-128
GHCND:USW00094850,MARQUETTE WEATHER SERVICE OFFICE AIRPORT MI US,20081208,0,279,0,-94,-178,-94
GHCND:USW00094850,MARQUETTE WEATHER SERVICE OFFICE AIRPORT MI US,20081209,43,279,117,-44,-128,-122
GHCND:USW00094850,MARQUETTE WEATHER SERVICE OFFICE AIRPORT MI US,20081210,13,356,28,-89,-161,-94
GHCND:USW00094850,MARQUETTE WEATHER SERVICE OFFICE AIRPORT MI US,20081211,5,356,23,-61,-139,-133
GHCND:USW00094850,MARQUETTE WEATHER SERVICE OFFICE AIRPORT MI US,20081212,0,305,5,-111,-144,-133
GHCND:USW00094850,MARQUETTE WEATHER SERVICE OFFICE AIRPORT MI US,20081213,18,305,20,-17,-133,-17
GHCND:USW00094850,MARQUETTE WEATHER SERVICE OFFICE AIRPORT MI US,20081214,107,305,114,39,-22,11
GHCND:USW00094850,MARQUETTE WEATHER SERVICE OFFICE AIRPORT MI US,20081215,13,305,20,33,-211,-211
GHCND:USW00094850,MARQUETTE WEATHER SERVICE OFFICE AIRPORT MI US,20081216,10,279,10,-156,-256,-161
GHCND:USW00094850,MARQUETTE WEATHER SERVICE OFFICE AIRPORT MI US,20081217,5,305,13,-117,-189,-161
GHCND:USW00094850,MARQUETTE WEATHER SERVICE OFFICE AIRPORT MI US,20081218,3,305,8,-72,-206,-128
GHCND:USW00094850,MARQUETTE WEATHER SERVICE OFFICE AIRPORT MI US,20081219,94,457,394,-78,-133,-128
GHCND:USW00094850,MARQUETTE WEATHER SERVICE OFFICE AIRPORT MI US,20081220,3,584,28,-89,-233,-122
GHCND:USW00094850,MARQUETTE WEATHER SERVICE OFFICE AIRPORT MI US,20081221,127,533,290,-83,-133,-133
GHCND:USW00094850,MARQUETTE WEATHER SERVICE OFFICE AIRPORT MI US,20081222,0,533,3,-128,-233,-206
GHCND:USW00094850,MARQUETTE WEATHER SERVICE OFFICE AIRPORT MI US,20081223,43,508,53,-83,-217,-83
GHCND:USW00094850,MARQUETTE WEATHER SERVICE OFFICE AIRPORT MI US,20081224,30,508,71,-67,-94,-94
GHCND:USW00094850,MARQUETTE WEATHER SERVICE OFFICE AIRPORT MI US,20081225,0,559,18,-78,-183,-89
GHCND:USW00094850,MARQUETTE WEATHER SERVICE OFFICE AIRPORT MI US,20081226,53,559,94,0,-122,0
GHCND:USW00094850,MARQUETTE WEATHER SERVICE OFFICE AIRPORT MI US,20081227,28,508,3,56,0,0
GHCND:USW00094850,MARQUETTE WEATHER SERVICE OFFICE AIRPORT MI US,20081228,71,457,81,6,-67,-56
GHCND:USW00094850,MARQUETTE WEATHER SERVICE OFFICE AIRPORT MI US,20081229,38,457,58,-33,-100,-100
GHCND:USW00094850,MARQUETTE WEATHER SERVICE OFFICE AIRPORT MI US,20081230,5,457,18,-94,-128,-128
GHCND:USW00094850,MARQUETTE WEATHER SERVICE OFFICE AIRPORT MI US,20081231,5,483,10,-94,-217,-161
