STATION,STATION_NAME,DATE,PRCP,SNWD,TMAX,TMIN,AWND,WDF2,WDF5,WSF2,WSF5,PGTM
GHCND:USW00093206,SAN LUIS OBISPO MCCHESNEY FIELD CA US,20070101,0,-9999,178,67,34,310,320,81,94,1305
GHCND:USW00093206,SAN LUIS OBISPO MCCHESNEY FIELD CA US,20070102,0,-9999,217,33,23,310,310,72,81,1433
GHCND:USW00093206,SAN LUIS OBISPO MCCHESNEY FIELD CA US,20070103,0,-9999,183,44,37,310,320,98,112,1556
GHCND:USW00093206,SAN LUIS OBISPO MCCHESNEY FIELD CA US,20070104,25,-9999,128,56,34,300,300,130,148,1413
GHCND:USW00093206,SAN LUIS OBISPO MCCHESNEY FIELD CA US,20070105,0,-9999,144,33,41,320,330,98,116,946
GHCND:USW00093206,SAN LUIS OBISPO MCCHESNEY FIELD CA US,20070106,0,-9999,178,17,36,360,10,89,148,1936
GHCND:USW00093206,SAN LUIS OBISPO MCCHESNEY FIELD CA US,20070107,0,-9999,228,78,38,10,20,125,183,348
GHCND:USW00093206,SAN LUIS OBISPO MCCHESNEY FIELD CA US,20070108,0,-9999,278,56,15,290,70,54,63,1831
GHCND:USW00093206,SAN LUIS OBISPO MCCHESNEY FIELD CA US,20070109,0,-9999,261,44,10,300,310,40,45,1653
GHCND:USW00093206,SAN LUIS OBISPO MCCHESNEY FIELD CA US,20070110,0,-9999,200,28,24,310,310,76,94,1654
GHCND:USW00093206,SAN LUIS OBISPO MCCHESNEY FIELD CA US,20070111,0,-9999,122,28,32,290,10,81,98,949
GHCND:USW00093206,SAN LUIS OBISPO MCCHESNEY FIELD CA US,20070112,0,-9999,117,-5,33,290,320,89,103,1456
GHCND:USW00093206,SAN LUIS OBISPO MCCHESNEY FIELD CA US,20070113,0,-9999,122,-10,27,320,320,72,81,424
GHCND:USW00093206,SAN LUIS OBISPO MCCHESNEY FIELD CA US,20070114,0,-9999,128,-60,18,60,350,67,76,2015
GHCND:USW00093206,SAN LUIS OBISPO MCCHESNEY FIELD CA US,20070115,0,-9999,172,-43,19,20,10,67,94,1543
GHCND:USW00093206,SAN LUIS OBISPO MCCHESNEY FIELD CA US,20070116,0,-9999,194,-5,30,320,320,98,125,1617
GHCND:USW00093206,SAN LUIS OBISPO MCCHESNEY FIELD CA US,20070117,20,-9999,128,22,26,20,20,76,103,1423
GHCND:USW00093206,SAN LUIS OBISPO MCCHESNEY FIELD CA US,20070118,0,-9999,178,6,32,300,300,98,107,1508
GHCND:USW00093206,SAN LUIS OBISPO MCCHESNEY FIELD CA US,20070119,0,-9999,189,-21,28,310,300,94,116,1456
GHCND:USW00093206,SAN LUIS OBISPO MCCHESNEY FIELD CA US,20070120,0,-9999,167,0,16,310,290,63,76,1322
GHCND:USW00093206,SAN LUIS OBISPO MCCHESNEY FIELD CA US,20070121,0,-9999,183,11,25,310,300,72,81,1539
GHCND:USW00093206,SAN LUIS OBISPO MCCHESNEY FIELD CA US,20070122,0,-9999,189,-16,12,310,300,54,63,1624
GHCND:USW00093206,SAN LUIS OBISPO MCCHESNEY FIELD CA US,20070123,0,-9999,228,-16,13,300,310,67,72,1617
GHCND:USW00093206,SAN LUIS OBISPO MCCHESNEY FIELD CA US,20070124,0,-9999,222,-10,18,310,310,89,98,1554
GHCND:USW00093206,SAN LUIS OBISPO MCCHESNEY FIELD CA US,20070125,0,-9999,206,61,16,310,300,76,89,1451
GHCND:USW00093206,SAN LUIS OBISPO MCCHESNEY FIELD CA US,20070126,3,-9999,167,72,17,300,310,67,81,1539
GHCND:USW00093206,SAN LUIS OBISPO MCCHESNEY FIELD CA US,20070127,287,-9999,133,89,17,160,170,58,67,1950
GHCND:USW00093206,SAN LUIS OBISPO MCCHESNEY FIELD CA US,20070128,48,-9999,156,78,14,250,230,54,63,1458
GHCND:USW00093206,SAN LUIS OBISPO MCCHESNEY FIELD CA US,20070129,13,-9999,167,94,13,300,300,67,81,1658
GHCND:USW00093206,SAN LUIS OBISPO MCCHESNEY FIELD CA US,20070130,0,-9999,150,89,16,310,300,63,72,1513
GHCND:USW00093206,SAN LUIS OBISPO MCCHESNEY FIELD CA US,20070131,0,-9999,150,61,23,310,310,94,103,1505
GHCND:USW00093206,SAN LUIS OBISPO MCCHESNEY FIELD CA US,20070201,0,-9999,150,39,31,310,310,89,103,1725
GHCND:USW00093206,SAN LUIS OBISPO MCCHESNEY FIELD CA US,20070202,0,-9999,161,22,20,320,330,72,81,1537
GHCND:USW00093206,SAN LUIS OBISPO MCCHESNEY FIELD CA US,20070203,3,-9999,211,6,15,310,300,72,76,1457
GHCND:USW00093206,SAN LUIS OBISPO MCCHESNEY FIELD CA US,20070204,3,-9999,256,22,10,300,300,54,63,1604
GHCND:USW00093206,SAN LUIS OBISPO MCCHESNEY FIELD CA US,20070205,0,-9999,244,44,18,310,310,81,98,1722
GHCND:USW00093206,SAN LUIS OBISPO MCCHESNEY FIELD CA US,20070206,0,-9999,183,56,25,300,290,81,94,1125
GHCND:USW00093206,SAN LUIS OBISPO MCCHESNEY FIELD CA US,20070207,20,-9999,161,67,12,310,310,58,63,1423
GHCND:USW00093206,SAN LUIS OBISPO MCCHESNEY FIELD CA US,20070208,5,-9999,144,100,12,210,210,45,54,1543
GHCND:USW00093206,SAN LUIS OBISPO MCCHESNEY FIELD CA US,20070209,3,-9999,178,89,15,210,210,54,63,1355
GHCND:USW00093206,SAN LUIS OBISPO MCCHESNEY FIELD CA US,20070210,18,-9999,172,111,32,190,190,63,81,1641
GHCND:USW00093206,SAN LUIS OBISPO MCCHESNEY FIELD CA US,20070211,63,-9999,167,106,31,300,320,76,94,1451
GHCND:USW00093206,SAN LUIS OBISPO MCCHESNEY FIELD CA US,20070212,30,-9999,156,89,17,320,290,72,98,1412
GHCND:USW00093206,SAN LUIS OBISPO MCCHESNEY FIELD CA US,20070213,13,-9999,156,50,31,300,300,107,130,1509
GHCND:USW00093206,SAN LUIS OBISPO MCCHESNEY FIELD CA US,20070214,8,-9999,183,56,39,310,320,94,107,1426
GHCND:USW00093206,SAN LUIS OBISPO MCCHESNEY FIELD CA US,20070215,3,-9999,211,56,33,300,300,94,112,1330
GHCND:USW00093206,SAN LUIS OBISPO MCCHESNEY FIELD CA US,20070216,3,-9999,250,133,35,330,330,89,125,1054
GHCND:USW00093206,SAN LUIS OBISPO MCCHESNEY FIELD CA US,20070217,0,-9999,289,111,26,300,300,94,107,1556
GHCND:USW00093206,SAN LUIS OBISPO MCCHESNEY FIELD CA US,20070218,3,-9999,150,100,33,320,320,72,94,255
GHCND:USW00093206,SAN LUIS OBISPO MCCHESNEY FIELD CA US,20070219,0,-9999,178,56,40,320,310,103,130,1535
GHCND:USW00093206,SAN LUIS OBISPO MCCHESNEY FIELD CA US,20070220,0,-9999,161,28,20,310,310,81,94,1647
GHCND:USW00093206,SAN LUIS OBISPO MCCHESNEY FIELD CA US,20070221,0,-9999,161,33,21,300,300,72,76,1507
GHCND:USW00093206,SAN LUIS OBISPO MCCHESNEY FIELD CA US,20070222,5,-9999,128,56,29,160,150,94,125,758
GHCND:USW00093206,SAN LUIS OBISPO MCCHESNEY FIELD CA US,20070223,5,-9999,133,28,35,300,290,94,112,1650
GHCND:USW00093206,SAN LUIS OBISPO MCCHESNEY FIELD CA US,20070224,3,-9999,172,39,34,310,310,103,125,1520
GHCND:USW00093206,SAN LUIS OBISPO MCCHESNEY FIELD CA US,20070225,3,-9999,150,72,31,300,290,98,112,1413
GHCND:USW00093206,SAN LUIS OBISPO MCCHESNEY FIELD CA US,20070226,3,-9999,150,61,30,230,230,81,116,2252
GHCND:USW00093206,SAN LUIS OBISPO MCCHESNEY FIELD CA US,20070227,279,-9999,128,56,30,320,280,81,98,1942
GHCND:USW00093206,SAN LUIS OBISPO MCCHESNEY FIELD CA US,20070228,33,-9999,128,33,27,300,290,89,103,1732
GHCND:USW00093206,SAN LUIS OBISPO MCCHESNEY FIELD CA US,20070301,0,-9999,150,44,45,300,310,89,107,1211
GHCND:USW00093206,SAN LUIS OBISPO MCCHESNEY FIELD CA US,20070302,0,-9999,189,61,42,310,310,103,116,1539
GHCND:USW00093206,SAN LUIS OBISPO MCCHESNEY FIELD CA US,20070303,0,-9999,222,78,23,310,360,67,81,102
GHCND:USW00093206,SAN LUIS OBISPO MCCHESNEY FIELD CA US,20070304,0,-9999,222,44,25,310,320,81,94,1559
GHCND:USW00093206,SAN LUIS OBISPO MCCHESNEY FIELD CA US,20070305,0,-9999,233,50,20,310,310,76,94,1501
GHCND:USW00093206,SAN LUIS OBISPO MCCHESNEY FIELD CA US,20070306,0,-9999,222,39,22,310,310,94,107,1351
GHCND:USW00093206,SAN LUIS OBISPO MCCHESNEY FIELD CA US,20070307,3,-9999,178,94,29,310,310,103,112,1533
GHCND:USW00093206,SAN LUIS OBISPO MCCHESNEY FIELD CA US,20070308,0,-9999,194,78,36,310,300,98,112,1622
GHCND:USW00093206,SAN LUIS OBISPO MCCHESNEY FIELD CA US,20070309,0,-9999,172,78,40,320,320,125,143,1518
GHCND:USW00093206,SAN LUIS OBISPO MCCHESNEY FIELD CA US,20070310,0,-9999,250,83,31,10,30,76,103,1332
GHCND:USW00093206,SAN LUIS OBISPO MCCHESNEY FIELD CA US,20070311,0,-9999,317,117,25,80,80,72,94,948
GHCND:USW00093206,SAN LUIS OBISPO MCCHESNEY FIELD CA US,20070312,0,-9999,322,78,12,310,310,76,81,1604
GHCND:USW00093206,SAN LUIS OBISPO MCCHESNEY FIELD CA US,20070313,0,-9999,272,83,19,300,310,72,81,1333
GHCND:USW00093206,SAN LUIS OBISPO MCCHESNEY FIELD CA US,20070314,0,-9999,200,78,24,310,310,94,98,1659
GHCND:USW00093206,SAN LUIS OBISPO MCCHESNEY FIELD CA US,20070315,3,-9999,222,50,18,310,310,81,94,1536
GHCND:USW00093206,SAN LUIS OBISPO MCCHESNEY FIELD CA US,20070316,3,-9999,211,72,18,300,300,54,63,1401
GHCND:USW00093206,SAN LUIS OBISPO MCCHESNEY FIELD CA US,20070317,0,-9999,161,89,28,300,300,72,81,1556
GHCND:USW00093206,SAN LUIS OBISPO MCCHESNEY FIELD CA US,20070318,0,-9999,189,100,30,310,310,81,98,1613
GHCND:USW00093206,SAN LUIS OBISPO MCCHESNEY FIELD CA US,20070319,0,-9999,172,100,22,310,220,54,67,1210
GHCND:USW00093206,SAN LUIS OBISPO MCCHESNEY FIELD CA US,20070320,69,-9999,139,106,22,300,300,81,94,1900
GHCND:USW00093206,SAN LUIS OBISPO MCCHESNEY FIELD CA US,20070321,0,-9999,178,78,33,300,310,89,98,1601
GHCND:USW00093206,SAN LUIS OBISPO MCCHESNEY FIELD CA US,20070322,0,-9999,256,61,31,310,310,116,139,1521
GHCND:USW00093206,SAN LUIS OBISPO MCCHESNEY FIELD CA US,20070323,0,-9999,222,72,30,310,300,98,107,1328
GHCND:USW00093206,SAN LUIS OBISPO MCCHESNEY FIELD CA US,20070324,0,-9999,156,106,27,300,300,58,63,1540
GHCND:USW00093206,SAN LUIS OBISPO MCCHESNEY FIELD CA US,20070325,0,-9999,194,117,39,310,300,107,125,1615
GHCND:USW00093206,SAN LUIS OBISPO MCCHESNEY FIELD CA US,20070326,30,-9999,178,89,26,310,310,107,130,1957
GHCND:USW00093206,SAN LUIS OBISPO MCCHESNEY FIELD CA US,20070327,8,-9999,150,56,57,300,300,148,183,1740
GHCND:USW00093206,SAN LUIS OBISPO MCCHESNEY FIELD CA US,20070328,0,-9999,183,22,36,310,310,107,125,1553
GHCND:USW00093206,SAN LUIS OBISPO MCCHESNEY FIELD CA US,20070329,0,-9999,233,33,24,310,300,89,98,1251
GHCND:USW00093206,SAN LUIS OBISPO MCCHESNEY FIELD CA US,20070330,0,-9999,244,39,20,310,310,81,89,1359
GHCND:USW00093206,SAN LUIS OBISPO MCCHESNEY FIELD CA US,20070331,0,-9999,211,61,27,310,300,94,103,1425
GHCND:USW00093206,SAN LUIS OBISPO MCCHESNEY FIELD CA US,20070401,3,-9999,222,56,42,310,310,125,134,1510
GHCND:USW00093206,SAN LUIS OBISPO MCCHESNEY FIELD CA US,20070402,3,-9999,217,67,31,310,310,107,130,1411
GHCND:USW00093206,SAN LUIS OBISPO MCCHESNEY FIELD CA US,20070403,0,-9999,244,61,22,310,310,89,103,1617
GHCND:USW00093206,SAN LUIS OBISPO MCCHESNEY FIELD CA US,20070404,0,-9999,206,83,18,300,300,76,89,1759
GHCND:USW00093206,SAN LUIS OBISPO MCCHESNEY FIELD CA US,20070405,0,-9999,211,100,28,310,310,72,81,1727
GHCND:USW00093206,SAN LUIS OBISPO MCCHESNEY FIELD CA US,20070406,0,-9999,194,100,37,310,300,107,116,1344
GHCND:USW00093206,SAN LUIS OBISPO MCCHESNEY FIELD CA US,20070407,0,-9999,222,100,44,310,310,112,125,1246
GHCND:USW00093206,SAN LUIS OBISPO MCCHESNEY FIELD CA US,20070408,0,-9999,217,94,40,310,320,112,130,1412
GHCND:USW00093206,SAN LUIS OBISPO MCCHESNEY FIELD CA US,20070409,0,-9999,206,67,55,310,310,139,161,1458
GHCND:USW00093206,SAN LUIS OBISPO MCCHESNEY FIELD CA US,20070410,0,-9999,261,89,59,320,320,116,134,1415
GHCND:USW00093206,SAN LUIS OBISPO MCCHESNEY FIELD CA US,20070411,0,-9999,178,72,55,300,290,112,139,1622
GHCND:USW00093206,SAN LUIS OBISPO MCCHESNEY FIELD CA US,20070412,0,-9999,167,61,62,300,290,134,174,1501
GHCND:USW00093206,SAN LUIS OBISPO MCCHESNEY FIELD CA US,20070413,0,-9999,228,44,41,320,310,103,125,1356
GHCND:USW00093206,SAN LUIS OBISPO MCCHESNEY FIELD CA US,20070414,10,-9999,161,44,30,300,300,107,134,1845
GHCND:USW00093206,SAN LUIS OBISPO MCCHESNEY FIELD CA US,20070415,0,-9999,178,61,40,310,320,112,130,1318
GHCND:USW00093206,SAN LUIS OBISPO MCCHESNEY FIELD CA US,20070416,0,-9999,228,44,25,300,290,81,98,1639
GHCND:USW00093206,SAN LUIS OBISPO MCCHESNEY FIELD CA US,20070417,0,-9999,183,78,-9999,300,310,116,170,1606
GHCND:USW00093206,SAN LUIS OBISPO MCCHESNEY FIELD CA US,20070418,0,-9999,172,56,66,300,300,130,165,1745
GHCND:USW00093206,SAN LUIS OBISPO MCCHESNEY FIELD CA US,20070419,33,-9999,161,44,43,300,300,107,134,1257
GHCND:USW00093206,SAN LUIS OBISPO MCCHESNEY FIELD CA US,20070420,112,-9999,156,61,32,320,290,72,134,1415
GHCND:USW00093206,SAN LUIS OBISPO MCCHESNEY FIELD CA US,20070421,0,-9999,194,33,28,320,320,103,125,1321
GHCND:USW00093206,SAN LUIS OBISPO MCCHESNEY FIELD CA US,20070422,74,-9999,161,94,36,310,300,89,103,1621
GHCND:USW00093206,SAN LUIS OBISPO MCCHESNEY FIELD CA US,20070423,0,-9999,206,67,47,310,310,134,161,1434
GHCND:USW00093206,SAN LUIS OBISPO MCCHESNEY FIELD CA US,20070424,0,-9999,217,72,49,320,330,134,157,1347
GHCND:USW00093206,SAN LUIS OBISPO MCCHESNEY FIELD CA US,20070425,0,-9999,189,78,55,310,300,125,148,1351
GHCND:USW00093206,SAN LUIS OBISPO MCCHESNEY FIELD CA US,20070426,0,-9999,233,78,48,310,300,112,139,1241
GHCND:USW00093206,SAN LUIS OBISPO MCCHESNEY FIELD CA US,20070427,3,-9999,317,78,22,310,300,103,125,1426
GHCND:USW00093206,SAN LUIS OBISPO MCCHESNEY FIELD CA US,20070428,0,-9999,283,89,20,270,300,63,76,1331
GHCND:USW00093206,SAN LUIS OBISPO MCCHESNEY FIELD CA US,20070429,0,-9999,228,83,22,300,300,72,94,1406
GHCND:USW00093206,SAN LUIS OBISPO MCCHESNEY FIELD CA US,20070430,0,-9999,228,78,19,290,310,63,76,1431
GHCND:USW00093206,SAN LUIS OBISPO MCCHESNEY FIELD CA US,20070501,0,-9999,233,67,26,300,300,134,174,1544
GHCND:USW00093206,SAN LUIS OBISPO MCCHESNEY FIELD CA US,20070502,0,-9999,206,78,39,320,300,94,112,1352
GHCND:USW00093206,SAN LUIS OBISPO MCCHESNEY FIELD CA US,20070503,3,-9999,183,72,59,300,310,130,161,1621
GHCND:USW00093206,SAN LUIS OBISPO MCCHESNEY FIELD CA US,20070504,20,-9999,183,94,44,290,290,107,134,1601
GHCND:USW00093206,SAN LUIS OBISPO MCCHESNEY FIELD CA US,20070505,0,-9999,217,78,51,310,310,125,148,1414
GHCND:USW00093206,SAN LUIS OBISPO MCCHESNEY FIELD CA US,20070506,0,-9999,289,56,24,310,310,103,116,1403
GHCND:USW00093206,SAN LUIS OBISPO MCCHESNEY FIELD CA US,20070507,0,-9999,333,78,20,310,300,89,112,1523
GHCND:USW00093206,SAN LUIS OBISPO MCCHESNEY FIELD CA US,20070508,0,-9999,356,89,27,320,320,116,143,1323
GHCND:USW00093206,SAN LUIS OBISPO MCCHESNEY FIELD CA US,20070509,0,-9999,250,67,21,290,300,76,94,1526
GHCND:USW00093206,SAN LUIS OBISPO MCCHESNEY FIELD CA US,20070510,0,-9999,228,100,27,290,270,67,103,509
GHCND:USW00093206,SAN LUIS OBISPO MCCHESNEY FIELD CA US,20070511,0,-9999,211,106,36,300,310,81,98,1525
GHCND:USW00093206,SAN LUIS OBISPO MCCHESNEY FIELD CA US,20070512,0,-9999,206,83,40,310,310,94,116,1556
GHCND:USW00093206,SAN LUIS OBISPO MCCHESNEY FIELD CA US,20070513,0,-9999,211,83,42,310,310,107,130,1533
GHCND:USW00093206,SAN LUIS OBISPO MCCHESNEY FIELD CA US,20070514,0,-9999,206,61,38,310,300,98,125,1342
GHCND:USW00093206,SAN LUIS OBISPO MCCHESNEY FIELD CA US,20070515,0,-9999,189,106,30,300,310,89,103,1657
GHCND:USW00093206,SAN LUIS OBISPO MCCHESNEY FIELD CA US,20070516,0,-9999,211,89,27,300,60,94,134,635
GHCND:USW00093206,SAN LUIS OBISPO MCCHESNEY FIELD CA US,20070517,0,-9999,233,78,47,300,310,107,134,1214
GHCND:USW00093206,SAN LUIS OBISPO MCCHESNEY FIELD CA US,20070518,3,-9999,217,72,-9999,310,310,134,157,1419
GHCND:USW00093206,SAN LUIS OBISPO MCCHESNEY FIELD CA US,20070519,0,-9999,228,100,65,310,300,134,161,1346
GHCND:USW00093206,SAN LUIS OBISPO MCCHESNEY FIELD CA US,20070520,0,-9999,233,89,64,300,300,125,148,1503
GHCND:USW00093206,SAN LUIS OBISPO MCCHESNEY FIELD CA US,20070521,0,-9999,222,89,41,300,300,103,116,1302
GHCND:USW00093206,SAN LUIS OBISPO MCCHESNEY FIELD CA US,20070522,0,-9999,256,50,24,290,300,76,94,1708
GHCND:USW00093206,SAN LUIS OBISPO MCCHESNEY FIELD CA US,20070523,0,-9999,222,83,22,310,280,72,81,1255
GHCND:USW00093206,SAN LUIS OBISPO MCCHESNEY FIELD CA US,20070524,0,-9999,233,89,18,300,300,67,76,1533
GHCND:USW00093206,SAN LUIS OBISPO MCCHESNEY FIELD CA US,20070525,0,-9999,222,94,20,300,290,54,67,1437
GHCND:USW00093206,SAN LUIS OBISPO MCCHESNEY FIELD CA US,20070526,0,-9999,200,106,28,300,300,67,81,1633
GHCND:USW00093206,SAN LUIS OBISPO MCCHESNEY FIELD CA US,20070527,0,-9999,217,106,30,300,300,89,107,1718
GHCND:USW00093206,SAN LUIS OBISPO MCCHESNEY FIELD CA US,20070528,0,-9999,183,111,20,160,160,54,76,1247
GHCND:USW00093206,SAN LUIS OBISPO MCCHESNEY FIELD CA US,20070529,0,-9999,200,111,23,200,210,67,98,1559
GHCND:USW00093206,SAN LUIS OBISPO MCCHESNEY FIELD CA US,20070530,0,-9999,200,111,34,220,210,112,116,553
GHCND:USW00093206,SAN LUIS OBISPO MCCHESNEY FIELD CA US,20070531,0,-9999,206,106,50,300,300,103,130,1228
GHCND:USW00093206,SAN LUIS OBISPO MCCHESNEY FIELD CA US,20070601,0,-9999,211,117,36,300,310,81,98,1443
GHCND:USW00093206,SAN LUIS OBISPO MCCHESNEY FIELD CA US,20070602,0,-9999,217,100,28,300,310,76,98,704
GHCND:USW00093206,SAN LUIS OBISPO MCCHESNEY FIELD CA US,20070603,0,-9999,222,106,30,300,310,94,107,1731
GHCND:USW00093206,SAN LUIS OBISPO MCCHESNEY FIELD CA US,20070604,0,-9999,217,111,39,300,300,98,116,1615
GHCND:USW00093206,SAN LUIS OBISPO MCCHESNEY FIELD CA US,20070605,0,-9999,206,111,53,300,300,134,165,1443
GHCND:USW00093206,SAN LUIS OBISPO MCCHESNEY FIELD CA US,20070606,0,-9999,200,94,63,300,310,139,179,1642
GHCND:USW00093206,SAN LUIS OBISPO MCCHESNEY FIELD CA US,20070607,0,-9999,222,83,48,310,300,112,134,1521
GHCND:USW00093206,SAN LUIS OBISPO MCCHESNEY FIELD CA US,20070608,0,-9999,222,61,39,310,310,103,125,1359
GHCND:USW00093206,SAN LUIS OBISPO MCCHESNEY FIELD CA US,20070609,0,-9999,256,89,33,290,310,98,116,1436
GHCND:USW00093206,SAN LUIS OBISPO MCCHESNEY FIELD CA US,20070610,0,-9999,289,89,29,300,300,112,134,1540
GHCND:USW00093206,SAN LUIS OBISPO MCCHESNEY FIELD CA US,20070611,0,-9999,239,106,24,290,310,81,98,1536
GHCND:USW00093206,SAN LUIS OBISPO MCCHESNEY FIELD CA US,20070612,0,-9999,272,89,17,300,270,58,76,451
GHCND:USW00093206,SAN LUIS OBISPO MCCHESNEY FIELD CA US,20070613,0,-9999,294,100,12,270,270,45,58,1213
GHCND:USW00093206,SAN LUIS OBISPO MCCHESNEY FIELD CA US,20070614,0,-9999,278,122,19,210,200,63,72,1024
GHCND:USW00093206,SAN LUIS OBISPO MCCHESNEY FIELD CA US,20070615,0,-9999,244,117,17,210,200,40,72,648
GHCND:USW00093206,SAN LUIS OBISPO MCCHESNEY FIELD CA US,20070616,0,-9999,228,122,36,300,290,89,103,1718
GHCND:USW00093206,SAN LUIS OBISPO MCCHESNEY FIELD CA US,20070617,0,-9999,228,111,18,300,350,63,72,1920
GHCND:USW00093206,SAN LUIS OBISPO MCCHESNEY FIELD CA US,20070618,0,-9999,211,111,17,220,200,58,76,1200
GHCND:USW00093206,SAN LUIS OBISPO MCCHESNEY FIELD CA US,20070619,0,-9999,211,122,22,250,210,58,67,1531
GHCND:USW00093206,SAN LUIS OBISPO MCCHESNEY FIELD CA US,20070620,0,-9999,244,128,40,310,300,89,103,1425
GHCND:USW00093206,SAN LUIS OBISPO MCCHESNEY FIELD CA US,20070621,0,-9999,267,111,54,310,290,107,130,1605
GHCND:USW00093206,SAN LUIS OBISPO MCCHESNEY FIELD CA US,20070622,0,-9999,294,100,53,310,270,130,264,2258
GHCND:USW00093206,SAN LUIS OBISPO MCCHESNEY FIELD CA US,20070623,0,-9999,244,94,41,300,310,112,130,1438
GHCND:USW00093206,SAN LUIS OBISPO MCCHESNEY FIELD CA US,20070624,0,-9999,244,67,46,300,300,125,143,1643
GHCND:USW00093206,SAN LUIS OBISPO MCCHESNEY FIELD CA US,20070625,0,-9999,250,78,36,310,310,98,112,1250
GHCND:USW00093206,SAN LUIS OBISPO MCCHESNEY FIELD CA US,20070626,0,-9999,261,94,38,300,310,89,103,1535
GHCND:USW00093206,SAN LUIS OBISPO MCCHESNEY FIELD CA US,20070627,0,-9999,-9999,-9999,28,310,320,103,116,1432
GHCND:USW00093206,SAN LUIS OBISPO MCCHESNEY FIELD CA US,20070628,0,-9999,256,89,42,310,310,116,148,1502
GHCND:USW00093206,SAN LUIS OBISPO MCCHESNEY FIELD CA US,20070629,0,-9999,267,106,55,310,300,130,157,1416
GHCND:USW00093206,SAN LUIS OBISPO MCCHESNEY FIELD CA US,20070630,0,-9999,244,100,55,310,330,112,362,56
GHCND:USW00093206,SAN LUIS OBISPO MCCHESNEY FIELD CA US,20070701,0,-9999,256,106,49,310,300,125,148,1313
GHCND:USW00093206,SAN LUIS OBISPO MCCHESNEY FIELD CA US,20070702,0,-9999,356,100,45,310,330,125,161,1401
GHCND:USW00093206,SAN LUIS OBISPO MCCHESNEY FIELD CA US,20070703,0,-9999,267,117,58,310,300,130,161,1239
GHCND:USW00093206,SAN LUIS OBISPO MCCHESNEY FIELD CA US,20070704,0,-9999,272,111,38,310,310,107,125,1058
GHCND:USW00093206,SAN LUIS OBISPO MCCHESNEY FIELD CA US,20070705,0,-9999,267,106,21,260,220,63,103,1915
GHCND:USW00093206,SAN LUIS OBISPO MCCHESNEY FIELD CA US,20070706,0,-9999,261,111,23,300,260,58,89,1340
GHCND:USW00093206,SAN LUIS OBISPO MCCHESNEY FIELD CA US,20070707,0,-9999,228,122,43,290,30,94,586,2252
GHCND:USW00093206,SAN LUIS OBISPO MCCHESNEY FIELD CA US,20070708,0,-9999,233,122,17,280,290,58,72,1401
GHCND:USW00093206,SAN LUIS OBISPO MCCHESNEY FIELD CA US,20070709,0,-9999,206,117,24,230,220,58,76,1445
GHCND:USW00093206,SAN LUIS OBISPO MCCHESNEY FIELD CA US,20070710,0,-9999,189,144,16,200,250,45,103,931
GHCND:USW00093206,SAN LUIS OBISPO MCCHESNEY FIELD CA US,20070711,0,-9999,228,133,27,310,210,72,125,441
GHCND:USW00093206,SAN LUIS OBISPO MCCHESNEY FIELD CA US,20070712,0,-9999,244,106,40,320,210,98,273,355
GHCND:USW00093206,SAN LUIS OBISPO MCCHESNEY FIELD CA US,20070713,0,-9999,267,117,53,310,300,107,130,1506
GHCND:USW00093206,SAN LUIS OBISPO MCCHESNEY FIELD CA US,20070714,0,-9999,250,128,32,240,210,94,116,726
GHCND:USW00093206,SAN LUIS OBISPO MCCHESNEY FIELD CA US,20070715,0,-9999,289,122,21,300,300,67,89,1521
GHCND:USW00093206,SAN LUIS OBISPO MCCHESNEY FIELD CA US,20070716,0,-9999,244,133,37,300,300,94,107,1613
GHCND:USW00093206,SAN LUIS OBISPO MCCHESNEY FIELD CA US,20070717,0,-9999,239,128,40,310,320,125,157,1503
GHCND:USW00093206,SAN LUIS OBISPO MCCHESNEY FIELD CA US,20070718,0,-9999,261,122,48,220,330,179,367,2128
GHCND:USW00093206,SAN LUIS OBISPO MCCHESNEY FIELD CA US,20070719,0,-9999,278,133,55,310,330,148,420,2337
GHCND:USW00093206,SAN LUIS OBISPO MCCHESNEY FIELD CA US,20070720,0,-9999,272,117,45,310,360,116,309,1840
GHCND:USW00093206,SAN LUIS OBISPO MCCHESNEY FIELD CA US,20070721,0,-9999,261,156,-9999,310,310,98,112,1632
GHCND:USW00093206,SAN LUIS OBISPO MCCHESNEY FIELD CA US,20070722,0,-9999,294,128,26,300,330,103,380,600
GHCND:USW00093206,SAN LUIS OBISPO MCCHESNEY FIELD CA US,20070723,0,-9999,250,133,21,300,40,72,139,310
GHCND:USW00093206,SAN LUIS OBISPO MCCHESNEY FIELD CA US,20070724,0,-9999,283,128,34,300,290,98,148,1436
GHCND:USW00093206,SAN LUIS OBISPO MCCHESNEY FIELD CA US,20070725,0,-9999,267,128,34,290,300,103,157,2027
GHCND:USW00093206,SAN LUIS OBISPO MCCHESNEY FIELD CA US,20070726,0,-9999,256,122,-9999,300,360,81,107,2011
GHCND:USW00093206,SAN LUIS OBISPO MCCHESNEY FIELD CA US,20070727,0,-9999,250,117,34,70,150,89,233,555
GHCND:USW00093206,SAN LUIS OBISPO MCCHESNEY FIELD CA US,20070728,0,-9999,256,117,26,30,290,76,103,1909
GHCND:USW00093206,SAN LUIS OBISPO MCCHESNEY FIELD CA US,20070729,0,-9999,272,117,28,290,300,94,107,1705
GHCND:USW00093206,SAN LUIS OBISPO MCCHESNEY FIELD CA US,20070730,0,-9999,267,117,22,300,280,67,165,458
GHCND:USW00093206,SAN LUIS OBISPO MCCHESNEY FIELD CA US,20070731,0,-9999,261,122,26,290,90,67,116,507
GHCND:USW00093206,SAN LUIS OBISPO MCCHESNEY FIELD CA US,20070801,0,-9999,244,122,25,310,180,63,183,502
GHCND:USW00093206,SAN LUIS OBISPO MCCHESNEY FIELD CA US,20070802,0,-9999,239,133,34,310,300,72,89,1509
GHCND:USW00093206,SAN LUIS OBISPO MCCHESNEY FIELD CA US,20070803,0,-9999,250,122,28,300,90,63,81,2240
GHCND:USW00093206,SAN LUIS OBISPO MCCHESNEY FIELD CA US,20070804,0,-9999,256,122,22,300,240,45,67,1413
GHCND:USW00093206,SAN LUIS OBISPO MCCHESNEY FIELD CA US,20070805,0,-9999,233,133,30,300,280,76,112,2202
GHCND:USW00093206,SAN LUIS OBISPO MCCHESNEY FIELD CA US,20070806,0,-9999,228,133,38,300,290,94,112,1554
GHCND:USW00093206,SAN LUIS OBISPO MCCHESNEY FIELD CA US,20070807,0,-9999,244,106,37,310,300,103,125,1426
GHCND:USW00093206,SAN LUIS OBISPO MCCHESNEY FIELD CA US,20070808,0,-9999,233,100,36,70,80,98,112,2049
GHCND:USW00093206,SAN LUIS OBISPO MCCHESNEY FIELD CA US,20070809,0,-9999,244,106,30,310,320,81,103,1927
GHCND:USW00093206,SAN LUIS OBISPO MCCHESNEY FIELD CA US,20070810,0,-9999,250,122,19,310,300,58,76,1305
GHCND:USW00093206,SAN LUIS OBISPO MCCHESNEY FIELD CA US,20070811,0,-9999,250,128,26,310,310,89,98,1601
GHCND:USW00093206,SAN LUIS OBISPO MCCHESNEY FIELD CA US,20070812,0,-9999,278,106,15,300,350,58,98,1607
GHCND:USW00093206,SAN LUIS OBISPO MCCHESNEY FIELD CA US,20070813,0,-9999,289,106,33,310,270,98,273,2056
GHCND:USW00093206,SAN LUIS OBISPO MCCHESNEY FIELD CA US,20070814,0,-9999,272,117,30,300,310,94,107,1657
GHCND:USW00093206,SAN LUIS OBISPO MCCHESNEY FIELD CA US,20070815,0,-9999,256,117,40,310,310,103,116,1613
GHCND:USW00093206,SAN LUIS OBISPO MCCHESNEY FIELD CA US,20070816,0,-9999,317,117,64,310,240,130,179,1611
GHCND:USW00093206,SAN LUIS OBISPO MCCHESNEY FIELD CA US,20070817,0,-9999,311,122,59,310,300,112,165,219
GHCND:USW00093206,SAN LUIS OBISPO MCCHESNEY FIELD CA US,20070818,0,-9999,283,106,32,290,260,98,116,1458
GHCND:USW00093206,SAN LUIS OBISPO MCCHESNEY FIELD CA US,20070819,0,-9999,289,94,20,310,10,98,125,1712
GHCND:USW00093206,SAN LUIS OBISPO MCCHESNEY FIELD CA US,20070820,0,-9999,306,94,25,300,20,94,237,1001
GHCND:USW00093206,SAN LUIS OBISPO MCCHESNEY FIELD CA US,20070821,0,-9999,294,122,23,300,300,76,89,1631
GHCND:USW00093206,SAN LUIS OBISPO MCCHESNEY FIELD CA US,20070822,0,-9999,256,128,17,170,250,45,67,1239
GHCND:USW00093206,SAN LUIS OBISPO MCCHESNEY FIELD CA US,20070823,0,-9999,217,117,24,100,110,63,76,1352
GHCND:USW00093206,SAN LUIS OBISPO MCCHESNEY FIELD CA US,20070824,0,-9999,228,117,13,310,100,45,63,1149
GHCND:USW00093206,SAN LUIS OBISPO MCCHESNEY FIELD CA US,20070825,0,-9999,256,106,21,310,310,54,72,1430
GHCND:USW00093206,SAN LUIS OBISPO MCCHESNEY FIELD CA US,20070826,0,-9999,244,156,36,300,310,72,98,1615
GHCND:USW00093206,SAN LUIS OBISPO MCCHESNEY FIELD CA US,20070827,0,-9999,283,139,21,300,290,76,89,1418
GHCND:USW00093206,SAN LUIS OBISPO MCCHESNEY FIELD CA US,20070828,0,-9999,283,139,19,310,310,63,72,1402
GHCND:USW00093206,SAN LUIS OBISPO MCCHESNEY FIELD CA US,20070829,5,-9999,289,122,22,300,300,81,94,1405
GHCND:USW00093206,SAN LUIS OBISPO MCCHESNEY FIELD CA US,20070830,5,-9999,322,161,22,290,290,76,98,713
GHCND:USW00093206,SAN LUIS OBISPO MCCHESNEY FIELD CA US,20070831,0,-9999,306,139,26,310,330,94,250,2046
GHCND:USW00093206,SAN LUIS OBISPO MCCHESNEY FIELD CA US,20070901,0,-9999,339,133,30,310,320,98,116,1356
GHCND:USW00093206,SAN LUIS OBISPO MCCHESNEY FIELD CA US,20070902,0,-9999,406,156,53,310,300,116,148,1353
GHCND:USW00093206,SAN LUIS OBISPO MCCHESNEY FIELD CA US,20070903,0,-9999,283,122,34,300,250,103,130,1648
GHCND:USW00093206,SAN LUIS OBISPO MCCHESNEY FIELD CA US,20070904,0,-9999,311,117,55,310,310,143,174,1306
GHCND:USW00093206,SAN LUIS OBISPO MCCHESNEY FIELD CA US,20070905,0,-9999,267,100,12,100,220,72,107,1925
GHCND:USW00093206,SAN LUIS OBISPO MCCHESNEY FIELD CA US,20070906,0,-9999,228,111,18,210,210,67,89,1920
GHCND:USW00093206,SAN LUIS OBISPO MCCHESNEY FIELD CA US,20070907,0,-9999,244,139,21,230,290,63,76,1614
GHCND:USW00093206,SAN LUIS OBISPO MCCHESNEY FIELD CA US,20070908,0,-9999,256,106,29,300,290,76,94,1546
GHCND:USW00093206,SAN LUIS OBISPO MCCHESNEY FIELD CA US,20070909,0,-9999,250,111,25,300,310,81,103,1509
GHCND:USW00093206,SAN LUIS OBISPO MCCHESNEY FIELD CA US,20070910,0,-9999,244,106,34,310,300,98,112,1531
GHCND:USW00093206,SAN LUIS OBISPO MCCHESNEY FIELD CA US,20070911,0,-9999,233,139,34,300,300,94,103,1656
GHCND:USW00093206,SAN LUIS OBISPO MCCHESNEY FIELD CA US,20070912,0,-9999,239,139,38,310,10,98,134,1651
GHCND:USW00093206,SAN LUIS OBISPO MCCHESNEY FIELD CA US,20070913,0,-9999,261,128,67,300,300,134,161,1448
GHCND:USW00093206,SAN LUIS OBISPO MCCHESNEY FIELD CA US,20070914,0,-9999,267,133,63,310,310,139,157,1359
GHCND:USW00093206,SAN LUIS OBISPO MCCHESNEY FIELD CA US,20070915,0,-9999,256,111,48,300,290,125,148,1459
GHCND:USW00093206,SAN LUIS OBISPO MCCHESNEY FIELD CA US,20070916,0,-9999,228,100,38,300,300,116,139,1444
GHCND:USW00093206,SAN LUIS OBISPO MCCHESNEY FIELD CA US,20070917,0,-9999,250,94,34,310,250,107,139,1302
GHCND:USW00093206,SAN LUIS OBISPO MCCHESNEY FIELD CA US,20070918,0,-9999,217,133,23,300,310,76,89,1746
GHCND:USW00093206,SAN LUIS OBISPO MCCHESNEY FIELD CA US,20070919,0,-9999,189,111,32,300,240,103,130,1432
GHCND:USW00093206,SAN LUIS OBISPO MCCHESNEY FIELD CA US,20070920,0,-9999,200,83,24,300,60,58,89,951
GHCND:USW00093206,SAN LUIS OBISPO MCCHESNEY FIELD CA US,20070921,0,-9999,244,83,22,210,210,76,94,1354
GHCND:USW00093206,SAN LUIS OBISPO MCCHESNEY FIELD CA US,20070922,0,-9999,222,106,22,300,40,89,143,416
GHCND:USW00093206,SAN LUIS OBISPO MCCHESNEY FIELD CA US,20070923,0,-9999,222,72,22,300,290,76,98,1545
GHCND:USW00093206,SAN LUIS OBISPO MCCHESNEY FIELD CA US,20070924,0,-9999,278,100,30,310,300,107,157,1443
GHCND:USW00093206,SAN LUIS OBISPO MCCHESNEY FIELD CA US,20070925,0,-9999,311,122,19,300,290,89,98,1427
GHCND:USW00093206,SAN LUIS OBISPO MCCHESNEY FIELD CA US,20070926,0,-9999,322,122,20,310,310,67,81,1402
GHCND:USW00093206,SAN LUIS OBISPO MCCHESNEY FIELD CA US,20070927,0,-9999,250,111,22,300,240,54,72,1305
GHCND:USW00093206,SAN LUIS OBISPO MCCHESNEY FIELD CA US,20070928,0,-9999,194,133,24,300,290,67,81,1509
GHCND:USW00093206,SAN LUIS OBISPO MCCHESNEY FIELD CA US,20070929,0,-9999,250,100,36,310,330,112,134,1552
GHCND:USW00093206,SAN LUIS OBISPO MCCHESNEY FIELD CA US,20070930,0,-9999,267,89,24,310,310,76,89,1254
GHCND:USW00093206,SAN LUIS OBISPO MCCHESNEY FIELD CA US,20071001,0,-9999,244,83,45,310,310,134,148,1509
GHCND:USW00093206,SAN LUIS OBISPO MCCHESNEY FIELD CA US,20071002,0,-9999,317,122,30,310,310,112,130,1603
GHCND:USW00093206,SAN LUIS OBISPO MCCHESNEY FIELD CA US,20071003,0,-9999,256,100,26,230,210,250,724,1959
GHCND:USW00093206,SAN LUIS OBISPO MCCHESNEY FIELD CA US,20071004,0,-9999,217,83,31,310,300,125,148,1519
GHCND:USW00093206,SAN LUIS OBISPO MCCHESNEY FIELD CA US,20071005,0,-9999,172,83,47,300,300,125,165,1623
GHCND:USW00093206,SAN LUIS OBISPO MCCHESNEY FIELD CA US,20071006,0,-9999,228,61,34,310,300,107,130,1528
GHCND:USW00093206,SAN LUIS OBISPO MCCHESNEY FIELD CA US,20071007,0,-9999,289,72,26,310,310,107,130,1549
GHCND:USW00093206,SAN LUIS OBISPO MCCHESNEY FIELD CA US,20071008,0,-9999,294,72,16,310,310,72,81,1334
GHCND:USW00093206,SAN LUIS OBISPO MCCHESNEY FIELD CA US,20071009,0,-9999,200,56,18,310,300,76,94,1517
GHCND:USW00093206,SAN LUIS OBISPO MCCHESNEY FIELD CA US,20071010,5,-9999,200,89,42,310,300,107,134,1547
GHCND:USW00093206,SAN LUIS OBISPO MCCHESNEY FIELD CA US,20071011,0,-9999,233,89,33,320,320,112,139,1408
GHCND:USW00093206,SAN LUIS OBISPO MCCHESNEY FIELD CA US,20071012,48,-9999,183,94,18,160,140,72,103,1224
GHCND:USW00093206,SAN LUIS OBISPO MCCHESNEY FIELD CA US,20071013,8,-9999,233,106,25,300,290,103,130,1818
GHCND:USW00093206,SAN LUIS OBISPO MCCHESNEY FIELD CA US,20071014,0,-9999,222,78,28,300,280,76,183,2357
GHCND:USW00093206,SAN LUIS OBISPO MCCHESNEY FIELD CA US,20071015,0,-9999,194,117,34,300,280,94,183,2357
GHCND:USW00093206,SAN LUIS OBISPO MCCHESNEY FIELD CA US,20071016,46,-9999,200,111,43,300,200,103,130,2213
GHCND:USW00093206,SAN LUIS OBISPO MCCHESNEY FIELD CA US,20071017,10,-9999,206,122,43,300,290,112,139,1422
GHCND:USW00093206,SAN LUIS OBISPO MCCHESNEY FIELD CA US,20071018,0,-9999,261,106,38,290,350,98,130,1149
GHCND:USW00093206,SAN LUIS OBISPO MCCHESNEY FIELD CA US,20071019,0,-9999,278,111,45,310,310,134,161,1458
GHCND:USW00093206,SAN LUIS OBISPO MCCHESNEY FIELD CA US,20071020,0,-9999,239,117,62,330,350,103,148,920
GHCND:USW00093206,SAN LUIS OBISPO MCCHESNEY FIELD CA US,20071021,0,-9999,283,122,41,360,360,103,161,549
GHCND:USW00093206,SAN LUIS OBISPO MCCHESNEY FIELD CA US,20071022,0,-9999,294,94,13,310,300,81,94,1519
GHCND:USW00093206,SAN LUIS OBISPO MCCHESNEY FIELD CA US,20071023,0,-9999,350,128,18,310,300,81,94,1640
GHCND:USW00093206,SAN LUIS OBISPO MCCHESNEY FIELD CA US,20071024,0,-9999,350,100,11,290,300,67,76,1422
GHCND:USW00093206,SAN LUIS OBISPO MCCHESNEY FIELD CA US,20071025,0,-9999,239,89,20,310,300,89,98,1624
GHCND:USW00093206,SAN LUIS OBISPO MCCHESNEY FIELD CA US,20071026,0,-9999,200,89,20,310,310,89,94,1632
GHCND:USW00093206,SAN LUIS OBISPO MCCHESNEY FIELD CA US,20071027,56,-9999,189,89,8,220,150,67,94,2115
GHCND:USW00093206,SAN LUIS OBISPO MCCHESNEY FIELD CA US,20071028,0,-9999,250,100,14,320,320,76,81,1813
GHCND:USW00093206,SAN LUIS OBISPO MCCHESNEY FIELD CA US,20071029,0,-9999,211,106,25,300,290,94,112,1757
GHCND:USW00093206,SAN LUIS OBISPO MCCHESNEY FIELD CA US,20071030,0,-9999,200,117,43,300,300,94,116,1207
GHCND:USW00093206,SAN LUIS OBISPO MCCHESNEY FIELD CA US,20071031,0,-9999,239,100,37,310,230,103,139,1158
GHCND:USW00093206,SAN LUIS OBISPO MCCHESNEY FIELD CA US,20071101,0,-9999,261,78,31,300,300,107,130,1337
GHCND:USW00093206,SAN LUIS OBISPO MCCHESNEY FIELD CA US,20071102,0,-9999,272,83,14,300,280,63,76,1542
GHCND:USW00093206,SAN LUIS OBISPO MCCHESNEY FIELD CA US,20071103,0,-9999,322,83,16,50,20,63,89,1410
GHCND:USW00093206,SAN LUIS OBISPO MCCHESNEY FIELD CA US,20071104,0,-9999,211,61,11,300,300,58,67,1338
GHCND:USW00093206,SAN LUIS OBISPO MCCHESNEY FIELD CA US,20071105,3,-9999,161,78,8,130,250,36,45,1542
GHCND:USW00093206,SAN LUIS OBISPO MCCHESNEY FIELD CA US,20071106,0,-9999,189,94,13,310,310,54,63,1659
GHCND:USW00093206,SAN LUIS OBISPO MCCHESNEY FIELD CA US,20071107,0,-9999,183,106,8,300,240,36,58,1419
GHCND:USW00093206,SAN LUIS OBISPO MCCHESNEY FIELD CA US,20071108,0,-9999,139,100,5,170,150,58,94,21
GHCND:USW00093206,SAN LUIS OBISPO MCCHESNEY FIELD CA US,20071109,0,-9999,189,83,18,210,220,67,94,1258
GHCND:USW00093206,SAN LUIS OBISPO MCCHESNEY FIELD CA US,20071110,3,-9999,222,56,27,270,240,94,116,1443
GHCND:USW00093206,SAN LUIS OBISPO MCCHESNEY FIELD CA US,20071111,10,-9999,183,117,32,310,250,103,130,1411
GHCND:USW00093206,SAN LUIS OBISPO MCCHESNEY FIELD CA US,20071112,0,-9999,261,83,26,300,300,98,125,1322
GHCND:USW00093206,SAN LUIS OBISPO MCCHESNEY FIELD CA US,20071113,0,-9999,278,117,26,360,340,76,98,1228
GHCND:USW00093206,SAN LUIS OBISPO MCCHESNEY FIELD CA US,20071114,0,-9999,311,128,26,300,290,81,103,1600
GHCND:USW00093206,SAN LUIS OBISPO MCCHESNEY FIELD CA US,20071115,0,-9999,289,94,26,300,300,107,125,1247
GHCND:USW00093206,SAN LUIS OBISPO MCCHESNEY FIELD CA US,20071116,0,-9999,178,100,38,310,290,107,134,1322
GHCND:USW00093206,SAN LUIS OBISPO MCCHESNEY FIELD CA US,20071117,0,-9999,256,83,24,310,310,112,134,1540
GHCND:USW00093206,SAN LUIS OBISPO MCCHESNEY FIELD CA US,20071118,3,-9999,289,67,29,300,250,112,192,1407
GHCND:USW00093206,SAN LUIS OBISPO MCCHESNEY FIELD CA US,20071119,0,-9999,256,50,30,300,300,107,125,1625
GHCND:USW00093206,SAN LUIS OBISPO MCCHESNEY FIELD CA US,20071120,0,-9999,228,111,25,290,10,67,89,1525
GHCND:USW00093206,SAN LUIS OBISPO MCCHESNEY FIELD CA US,20071121,0,-9999,217,56,15,300,300,72,81,1536
GHCND:USW00093206,SAN LUIS OBISPO MCCHESNEY FIELD CA US,20071122,0,-9999,206,22,9,250,260,36,54,1410
GHCND:USW00093206,SAN LUIS OBISPO MCCHESNEY FIELD CA US,20071123,0,-9999,222,28,16,80,320,81,130,1943
GHCND:USW00093206,SAN LUIS OBISPO MCCHESNEY FIELD CA US,20071124,0,-9999,244,11,21,310,310,94,103,1347
GHCND:USW00093206,SAN LUIS OBISPO MCCHESNEY FIELD CA US,20071125,0,-9999,172,11,12,300,300,58,67,1505
GHCND:USW00093206,SAN LUIS OBISPO MCCHESNEY FIELD CA US,20071126,0,-9999,239,0,13,310,290,89,103,1610
GHCND:USW00093206,SAN LUIS OBISPO MCCHESNEY FIELD CA US,20071127,0,-9999,250,22,26,80,120,98,139,2155
GHCND:USW00093206,SAN LUIS OBISPO MCCHESNEY FIELD CA US,20071128,0,-9999,244,72,25,40,20,89,139,221
GHCND:USW00093206,SAN LUIS OBISPO MCCHESNEY FIELD CA US,20071129,0,-9999,233,33,15,300,300,72,81,1153
GHCND:USW00093206,SAN LUIS OBISPO MCCHESNEY FIELD CA US,20071130,0,-9999,167,44,23,300,230,98,130,1347
GHCND:USW00093206,SAN LUIS OBISPO MCCHESNEY FIELD CA US,20071201,0,-9999,139,6,17,290,300,72,98,1225
GHCND:USW00093206,SAN LUIS OBISPO MCCHESNEY FIELD CA US,20071202,0,-9999,167,6,13,130,130,63,76,1213
GHCND:USW00093206,SAN LUIS OBISPO MCCHESNEY FIELD CA US,20071203,0,-9999,200,11,17,300,300,89,98,1442
GHCND:USW00093206,SAN LUIS OBISPO MCCHESNEY FIELD CA US,20071204,0,-9999,267,33,39,270,300,112,134,1454
GHCND:USW00093206,SAN LUIS OBISPO MCCHESNEY FIELD CA US,20071205,0,-9999,250,94,35,310,320,98,112,1240
GHCND:USW00093206,SAN LUIS OBISPO MCCHESNEY FIELD CA US,20071206,117,-9999,183,61,30,160,160,103,143,2157
GHCND:USW00093206,SAN LUIS OBISPO MCCHESNEY FIELD CA US,20071207,8,-9999,139,56,57,300,300,130,165,1525
GHCND:USW00093206,SAN LUIS OBISPO MCCHESNEY FIELD CA US,20071208,0,-9999,122,22,37,20,20,112,157,2040
GHCND:USW00093206,SAN LUIS OBISPO MCCHESNEY FIELD CA US,20071209,0,-9999,172,50,32,300,290,76,107,438
GHCND:USW00093206,SAN LUIS OBISPO MCCHESNEY FIELD CA US,20071210,0,-9999,178,17,22,300,300,81,98,1530
GHCND:USW00093206,SAN LUIS OBISPO MCCHESNEY FIELD CA US,20071211,0,-9999,183,44,22,50,60,89,103,614
GHCND:USW00093206,SAN LUIS OBISPO MCCHESNEY FIELD CA US,20071212,0,-9999,183,-5,15,310,300,81,94,1558
GHCND:USW00093206,SAN LUIS OBISPO MCCHESNEY FIELD CA US,20071213,0,-9999,178,6,15,310,310,81,94,1633
GHCND:USW00093206,SAN LUIS OBISPO MCCHESNEY FIELD CA US,20071214,0,-9999,172,11,13,300,290,58,72,1421
GHCND:USW00093206,SAN LUIS OBISPO MCCHESNEY FIELD CA US,20071215,0,-9999,183,0,13,300,300,72,81,1605
GHCND:USW00093206,SAN LUIS OBISPO MCCHESNEY FIELD CA US,20071216,0,-9999,161,-10,15,310,310,76,89,1306
GHCND:USW00093206,SAN LUIS OBISPO MCCHESNEY FIELD CA US,20071217,28,-9999,139,33,13,110,120,63,81,1901
GHCND:USW00093206,SAN LUIS OBISPO MCCHESNEY FIELD CA US,20071218,610,-9999,139,111,41,190,190,107,157,1306
GHCND:USW00093206,SAN LUIS OBISPO MCCHESNEY FIELD CA US,20071219,0,-9999,156,67,22,250,320,72,116,1825
GHCND:USW00093206,SAN LUIS OBISPO MCCHESNEY FIELD CA US,20071220,20,-9999,133,67,36,290,290,103,134,1505
GHCND:USW00093206,SAN LUIS OBISPO MCCHESNEY FIELD CA US,20071221,0,-9999,144,50,36,330,330,72,112,522
GHCND:USW00093206,SAN LUIS OBISPO MCCHESNEY FIELD CA US,20071222,0,-9999,178,0,16,310,230,76,94,120
GHCND:USW00093206,SAN LUIS OBISPO MCCHESNEY FIELD CA US,20071223,0,-9999,217,44,30,360,320,89,134,2359
GHCND:USW00093206,SAN LUIS OBISPO MCCHESNEY FIELD CA US,20071224,0,-9999,200,83,59,330,330,125,157,659
GHCND:USW00093206,SAN LUIS OBISPO MCCHESNEY FIELD CA US,20071225,0,-9999,172,50,38,300,320,76,98,1719
GHCND:USW00093206,SAN LUIS OBISPO MCCHESNEY FIELD CA US,20071226,0,-9999,144,50,51,300,300,107,134,2050
GHCND:USW00093206,SAN LUIS OBISPO MCCHESNEY FIELD CA US,20071227,0,-9999,128,22,31,310,330,76,107,19
GHCND:USW00093206,SAN LUIS OBISPO MCCHESNEY FIELD CA US,20071228,0,-9999,122,22,17,230,20,76,94,2044
GHCND:USW00093206,SAN LUIS OBISPO MCCHESNEY FIELD CA US,20071229,0,-9999,156,44,30,330,330,103,134,2044
GHCND:USW00093206,SAN LUIS OBISPO MCCHESNEY FIELD CA US,20071230,0,-9999,189,78,37,320,310,89,112,804
GHCND:USW00093206,SAN LUIS OBISPO MCCHESNEY FIELD CA US,20071231,0,-9999,200,50,17,50,70,98,125,308
GHCND:USW00093206,SAN LUIS OBISPO MCCHESNEY FIELD CA US,20080101,0,-9999,233,11,6,300,300,54,58,1620
GHCND:USW00093206,SAN LUIS OBISPO MCCHESNEY FIELD CA US,20080102,0,-9999,211,6,10,310,310,45,58,1534
GHCND:USW00093206,SAN LUIS OBISPO MCCHESNEY FIELD CA US,20080103,0,-9999,161,44,21,110,120,58,72,2343
GHCND:USW00093206,SAN LUIS OBISPO MCCHESNEY FIELD CA US,20080104,516,-9999,150,106,73,110,310,36,89,2021
GHCND:USW00093206,SAN LUIS OBISPO MCCHESNEY FIELD CA US,20080105,99,-9999,133,100,33,180,180,112,165,1937
GHCND:USW00093206,SAN LUIS OBISPO MCCHESNEY FIELD CA US,20080106,76,-9999,122,72,16,290,280,63,81,238
GHCND:USW00093206,SAN LUIS OBISPO MCCHESNEY FIELD CA US,20080107,0,-9999,133,50,33,350,350,72,98,922
GHCND:USW00093206,SAN LUIS OBISPO MCCHESNEY FIELD CA US,20080108,5,-9999,122,39,11,140,80,40,72,603
GHCND:USW00093206,SAN LUIS OBISPO MCCHESNEY FIELD CA US,20080109,0,-9999,167,61,21,350,340,67,89,1523
GHCND:USW00093206,SAN LUIS OBISPO MCCHESNEY FIELD CA US,20080110,0,-9999,183,56,30,300,250,98,134,1405
GHCND:USW00093206,SAN LUIS OBISPO MCCHESNEY FIELD CA US,20080111,0,-9999,211,72,20,330,320,72,89,1439
GHCND:USW00093206,SAN LUIS OBISPO MCCHESNEY FIELD CA US,20080112,0,-9999,194,50,34,320,320,107,130,1244
GHCND:USW00093206,SAN LUIS OBISPO MCCHESNEY FIELD CA US,20080113,0,-9999,200,67,21,310,320,63,76,1544
GHCND:USW00093206,SAN LUIS OBISPO MCCHESNEY FIELD CA US,20080114,0,-9999,211,28,9,300,300,63,72,1626
GHCND:USW00093206,SAN LUIS OBISPO MCCHESNEY FIELD CA US,20080115,3,-9999,194,22,25,310,290,98,116,1527
GHCND:USW00093206,SAN LUIS OBISPO MCCHESNEY FIELD CA US,20080116,0,-9999,161,50,27,310,320,98,125,1107
GHCND:USW00093206,SAN LUIS OBISPO MCCHESNEY FIELD CA US,20080117,0,-9999,178,0,17,300,290,76,89,1548
GHCND:USW00093206,SAN LUIS OBISPO MCCHESNEY FIELD CA US,20080118,0,-9999,194,-5,19,300,300,76,94,1514
GHCND:USW00093206,SAN LUIS OBISPO MCCHESNEY FIELD CA US,20080119,0,-9999,200,-5,19,300,310,98,112,1541
GHCND:USW00093206,SAN LUIS OBISPO MCCHESNEY FIELD CA US,20080120,0,-9999,128,0,22,280,310,76,103,1632
GHCND:USW00093206,SAN LUIS OBISPO MCCHESNEY FIELD CA US,20080121,15,-9999,122,28,23,130,140,72,94,2328
GHCND:USW00093206,SAN LUIS OBISPO MCCHESNEY FIELD CA US,20080122,333,-9999,117,83,48,130,130,81,107,1205
GHCND:USW00093206,SAN LUIS OBISPO MCCHESNEY FIELD CA US,20080123,409,-9999,100,39,21,200,210,63,89,32
GHCND:USW00093206,SAN LUIS OBISPO MCCHESNEY FIELD CA US,20080124,262,-9999,100,50,44,120,110,103,134,1357
GHCND:USW00093206,SAN LUIS OBISPO MCCHESNEY FIELD CA US,20080125,3,-9999,150,89,77,130,160,134,174,1224
GHCND:USW00093206,SAN LUIS OBISPO MCCHESNEY FIELD CA US,20080126,43,-9999,194,83,62,130,140,143,183,2341
GHCND:USW00093206,SAN LUIS OBISPO MCCHESNEY FIELD CA US,20080127,157,-9999,144,106,62,170,160,148,219,1126
GHCND:USW00093206,SAN LUIS OBISPO MCCHESNEY FIELD CA US,20080128,25,-9999,122,56,33,290,290,130,157,1011
GHCND:USW00093206,SAN LUIS OBISPO MCCHESNEY FIELD CA US,20080129,0,-9999,133,17,23,290,300,89,103,1628
GHCND:USW00093206,SAN LUIS OBISPO MCCHESNEY FIELD CA US,20080130,8,-9999,139,44,32,350,350,94,134,1155
GHCND:USW00093206,SAN LUIS OBISPO MCCHESNEY FIELD CA US,20080131,0,-9999,156,39,19,300,300,107,130,1433
GHCND:USW00093206,SAN LUIS OBISPO MCCHESNEY FIELD CA US,20080201,5,-9999,144,67,34,290,290,98,125,1538
GHCND:USW00093206,SAN LUIS OBISPO MCCHESNEY FIELD CA US,20080202,51,-9999,133,44,37,300,290,81,98,1408
GHCND:USW00093206,SAN LUIS OBISPO MCCHESNEY FIELD CA US,20080203,231,-9999,133,67,47,300,300,130,170,1315
GHCND:USW00093206,SAN LUIS OBISPO MCCHESNEY FIELD CA US,20080204,0,-9999,133,39,33,280,290,81,103,1519
GHCND:USW00093206,SAN LUIS OBISPO MCCHESNEY FIELD CA US,20080205,0,-9999,161,22,20,310,310,81,94,1527
GHCND:USW00093206,SAN LUIS OBISPO MCCHESNEY FIELD CA US,20080206,0,-9999,167,17,32,310,330,89,125,1109
GHCND:USW00093206,SAN LUIS OBISPO MCCHESNEY FIELD CA US,20080207,0,-9999,194,67,25,330,330,81,112,1209
GHCND:USW00093206,SAN LUIS OBISPO MCCHESNEY FIELD CA US,20080208,0,-9999,217,89,27,300,340,89,125,1528
GHCND:USW00093206,SAN LUIS OBISPO MCCHESNEY FIELD CA US,20080209,0,-9999,261,61,15,310,320,58,72,1416
GHCND:USW00093206,SAN LUIS OBISPO MCCHESNEY FIELD CA US,20080210,0,-9999,261,44,17,310,310,89,103,1720
GHCND:USW00093206,SAN LUIS OBISPO MCCHESNEY FIELD CA US,20080211,0,-9999,267,89,16,320,310,67,81,1603
GHCND:USW00093206,SAN LUIS OBISPO MCCHESNEY FIELD CA US,20080212,0,-9999,261,56,14,300,310,89,98,1638
GHCND:USW00093206,SAN LUIS OBISPO MCCHESNEY FIELD CA US,20080213,0,-9999,150,50,19,310,310,63,72,426
GHCND:USW00093206,SAN LUIS OBISPO MCCHESNEY FIELD CA US,20080214,0,-9999,172,39,26,360,350,81,134,1133
GHCND:USW00093206,SAN LUIS OBISPO MCCHESNEY FIELD CA US,20080215,0,-9999,172,0,22,310,310,63,72,1833
GHCND:USW00093206,SAN LUIS OBISPO MCCHESNEY FIELD CA US,20080216,0,-9999,178,17,20,300,290,94,107,1518
GHCND:USW00093206,SAN LUIS OBISPO MCCHESNEY FIELD CA US,20080217,0,-9999,156,72,24,310,290,81,98,1513
GHCND:USW00093206,SAN LUIS OBISPO MCCHESNEY FIELD CA US,20080218,0,-9999,133,89,17,310,310,63,76,1527
GHCND:USW00093206,SAN LUIS OBISPO MCCHESNEY FIELD CA US,20080219,10,-9999,150,89,10,110,280,36,54,1646
GHCND:USW00093206,SAN LUIS OBISPO MCCHESNEY FIELD CA US,20080220,30,-9999,144,78,26,310,300,89,103,1425
GHCND:USW00093206,SAN LUIS OBISPO MCCHESNEY FIELD CA US,20080221,112,-9999,144,67,27,160,150,89,116,1427
GHCND:USW00093206,SAN LUIS OBISPO MCCHESNEY FIELD CA US,20080222,28,-9999,133,72,22,300,290,76,103,1318
GHCND:USW00093206,SAN LUIS OBISPO MCCHESNEY FIELD CA US,20080223,117,-9999,172,72,57,130,110,170,228,1615
GHCND:USW00093206,SAN LUIS OBISPO MCCHESNEY FIELD CA US,20080224,33,-9999,156,89,36,210,220,94,134,1307
GHCND:USW00093206,SAN LUIS OBISPO MCCHESNEY FIELD CA US,20080225,0,-9999,178,61,26,20,20,67,98,1424
GHCND:USW00093206,SAN LUIS OBISPO MCCHESNEY FIELD CA US,20080226,0,-9999,239,56,21,310,300,72,81,1746
GHCND:USW00093206,SAN LUIS OBISPO MCCHESNEY FIELD CA US,20080227,0,-9999,239,56,26,310,320,107,134,1642
GHCND:USW00093206,SAN LUIS OBISPO MCCHESNEY FIELD CA US,20080228,0,-9999,233,83,31,300,300,89,107,1542
GHCND:USW00093206,SAN LUIS OBISPO MCCHESNEY FIELD CA US,20080229,0,-9999,139,89,16,300,310,54,58,1825
GHCND:USW00093206,SAN LUIS OBISPO MCCHESNEY FIELD CA US,20080301,0,-9999,172,83,45,300,330,94,112,1025
GHCND:USW00093206,SAN LUIS OBISPO MCCHESNEY FIELD CA US,20080302,0,-9999,200,78,26,360,20,72,98,1302
GHCND:USW00093206,SAN LUIS OBISPO MCCHESNEY FIELD CA US,20080303,0,-9999,206,39,14,310,310,67,76,1631
GHCND:USW00093206,SAN LUIS OBISPO MCCHESNEY FIELD CA US,20080304,0,-9999,228,56,30,300,310,116,139,1504
GHCND:USW00093206,SAN LUIS OBISPO MCCHESNEY FIELD CA US,20080305,0,-9999,233,44,26,320,320,89,107,1724
GHCND:USW00093206,SAN LUIS OBISPO MCCHESNEY FIELD CA US,20080306,0,-9999,211,33,13,300,300,72,94,1637
GHCND:USW00093206,SAN LUIS OBISPO MCCHESNEY FIELD CA US,20080307,0,-9999,222,44,24,310,300,94,107,1545
GHCND:USW00093206,SAN LUIS OBISPO MCCHESNEY FIELD CA US,20080308,0,-9999,217,78,43,300,310,107,125,1419
GHCND:USW00093206,SAN LUIS OBISPO MCCHESNEY FIELD CA US,20080309,0,-9999,233,72,26,300,300,89,107,1453
GHCND:USW00093206,SAN LUIS OBISPO MCCHESNEY FIELD CA US,20080310,0,-9999,256,56,17,310,310,89,103,1744
GHCND:USW00093206,SAN LUIS OBISPO MCCHESNEY FIELD CA US,20080311,0,-9999,250,83,46,300,300,116,134,1551
GHCND:USW00093206,SAN LUIS OBISPO MCCHESNEY FIELD CA US,20080312,0,-9999,217,94,50,300,310,125,148,1402
GHCND:USW00093206,SAN LUIS OBISPO MCCHESNEY FIELD CA US,20080313,0,-9999,189,83,52,310,330,112,130,1540
GHCND:USW00093206,SAN LUIS OBISPO MCCHESNEY FIELD CA US,20080314,0,-9999,161,72,51,300,300,116,139,1429
GHCND:USW00093206,SAN LUIS OBISPO MCCHESNEY FIELD CA US,20080315,36,-9999,139,33,27,310,310,130,174,1227
GHCND:USW00093206,SAN LUIS OBISPO MCCHESNEY FIELD CA US,20080316,0,-9999,161,11,32,310,290,103,143,1419
GHCND:USW00093206,SAN LUIS OBISPO MCCHESNEY FIELD CA US,20080317,0,-9999,194,50,37,300,310,98,112,1649
GHCND:USW00093206,SAN LUIS OBISPO MCCHESNEY FIELD CA US,20080318,0,-9999,178,39,35,310,310,112,134,1443
GHCND:USW00093206,SAN LUIS OBISPO MCCHESNEY FIELD CA US,20080319,0,-9999,156,67,26,310,300,89,103,1713
GHCND:USW00093206,SAN LUIS OBISPO MCCHESNEY FIELD CA US,20080320,0,-9999,200,56,60,310,310,116,143,1720
GHCND:USW00093206,SAN LUIS OBISPO MCCHESNEY FIELD CA US,20080321,0,-9999,233,94,35,330,330,94,107,53
GHCND:USW00093206,SAN LUIS OBISPO MCCHESNEY FIELD CA US,20080322,0,-9999,267,83,35,310,300,103,125,1606
GHCND:USW00093206,SAN LUIS OBISPO MCCHESNEY FIELD CA US,20080323,0,-9999,278,83,23,70,80,94,192,1736
GHCND:USW00093206,SAN LUIS OBISPO MCCHESNEY FIELD CA US,20080324,0,-9999,250,67,36,310,310,107,130,1417
GHCND:USW00093206,SAN LUIS OBISPO MCCHESNEY FIELD CA US,20080325,0,-9999,244,83,56,310,300,125,143,1517
GHCND:USW00093206,SAN LUIS OBISPO MCCHESNEY FIELD CA US,20080326,0,-9999,194,89,68,300,290,125,148,1456
GHCND:USW00093206,SAN LUIS OBISPO MCCHESNEY FIELD CA US,20080327,0,-9999,194,67,57,300,330,94,134,344
GHCND:USW00093206,SAN LUIS OBISPO MCCHESNEY FIELD CA US,20080328,0,-9999,172,61,48,300,300,107,130,1515
GHCND:USW00093206,SAN LUIS OBISPO MCCHESNEY FIELD CA US,20080329,0,-9999,167,72,30,300,300,94,112,1503
GHCND:USW00093206,SAN LUIS OBISPO MCCHESNEY FIELD CA US,20080330,0,-9999,128,44,43,300,300,94,116,1522
GHCND:USW00093206,SAN LUIS OBISPO MCCHESNEY FIELD CA US,20080331,0,-9999,144,11,32,300,300,89,107,1624
GHCND:USW00093206,SAN LUIS OBISPO MCCHESNEY FIELD CA US,20080401,0,-9999,167,22,-9999,-9999,-9999,-9999,-9999,-9999
GHCND:USW00093206,SAN LUIS OBISPO MCCHESNEY FIELD CA US,20080402,94,-9999,144,39,-9999,-9999,-9999,-9999,-9999,-9999
GHCND:USW00093206,SAN LUIS OBISPO MCCHESNEY FIELD CA US,20080403,5,-9999,206,94,-9999,-9999,-9999,-9999,-9999,-9999
GHCND:USW00093206,SAN LUIS OBISPO MCCHESNEY FIELD CA US,20080404,0,-9999,222,78,-9999,-9999,-9999,-9999,-9999,-9999
GHCND:USW00093206,SAN LUIS OBISPO MCCHESNEY FIELD CA US,20080405,0,-9999,167,61,-9999,-9999,-9999,-9999,-9999,-9999
GHCND:USW00093206,SAN LUIS OBISPO MCCHESNEY FIELD CA US,20080406,0,-9999,178,61,-9999,-9999,-9999,-9999,-9999,-9999
GHCND:USW00093206,SAN LUIS OBISPO MCCHESNEY FIELD CA US,20080407,0,-9999,172,78,-9999,-9999,-9999,-9999,-9999,-9999
GHCND:USW00093206,SAN LUIS OBISPO MCCHESNEY FIELD CA US,20080408,0,-9999,156,67,-9999,-9999,-9999,-9999,-9999,-9999
GHCND:USW00093206,SAN LUIS OBISPO MCCHESNEY FIELD CA US,20080409,0,-9999,167,28,-9999,-9999,-9999,-9999,-9999,-9999
GHCND:USW00093206,SAN LUIS OBISPO MCCHESNEY FIELD CA US,20080410,0,-9999,228,56,-9999,-9999,-9999,-9999,-9999,-9999
GHCND:USW00093206,SAN LUIS OBISPO MCCHESNEY FIELD CA US,20080411,0,-9999,272,72,-9999,-9999,-9999,-9999,-9999,-9999
GHCND:USW00093206,SAN LUIS OBISPO MCCHESNEY FIELD CA US,20080412,0,-9999,322,89,-9999,-9999,-9999,-9999,-9999,-9999
GHCND:USW00093206,SAN LUIS OBISPO MCCHESNEY FIELD CA US,20080413,0,-9999,328,89,-9999,-9999,-9999,-9999,-9999,-9999
GHCND:USW00093206,SAN LUIS OBISPO MCCHESNEY FIELD CA US,20080414,0,-9999,189,67,-9999,-9999,-9999,-9999,-9999,-9999
GHCND:USW00093206,SAN LUIS OBISPO MCCHESNEY FIELD CA US,20080415,0,-9999,172,67,-9999,-9999,-9999,-9999,-9999,-9999
GHCND:USW00093206,SAN LUIS OBISPO MCCHESNEY FIELD CA US,20080416,0,-9999,206,72,-9999,-9999,-9999,-9999,-9999,-9999
GHCND:USW00093206,SAN LUIS OBISPO MCCHESNEY FIELD CA US,20080417,0,-9999,272,61,-9999,-9999,-9999,-9999,-9999,-9999
GHCND:USW00093206,SAN LUIS OBISPO MCCHESNEY FIELD CA US,20080418,0,-9999,200,72,-9999,-9999,-9999,-9999,-9999,-9999
GHCND:USW00093206,SAN LUIS OBISPO MCCHESNEY FIELD CA US,20080419,0,-9999,144,67,-9999,-9999,-9999,-9999,-9999,-9999
GHCND:USW00093206,SAN LUIS OBISPO MCCHESNEY FIELD CA US,20080420,0,-9999,161,56,-9999,-9999,-9999,-9999,-9999,-9999
GHCND:USW00093206,SAN LUIS OBISPO MCCHESNEY FIELD CA US,20080421,0,-9999,183,67,-9999,-9999,-9999,-9999,-9999,-9999
GHCND:USW00093206,SAN LUIS OBISPO MCCHESNEY FIELD CA US,20080422,0,-9999,156,44,-9999,-9999,-9999,-9999,-9999,-9999
GHCND:USW00093206,SAN LUIS OBISPO MCCHESNEY FIELD CA US,20080423,0,-9999,172,83,-9999,-9999,-9999,-9999,-9999,-9999
GHCND:USW00093206,SAN LUIS OBISPO MCCHESNEY FIELD CA US,20080429,0,-9999,194,83,-9999,-9999,-9999,-9999,-9999,-9999
GHCND:USW00093206,SAN LUIS OBISPO MCCHESNEY FIELD CA US,20080430,0,-9999,189,78,-9999,-9999,-9999,-9999,-9999,-9999
GHCND:USW00093206,SAN LUIS OBISPO MCCHESNEY FIELD CA US,20080501,0,-9999,233,67,51,310,310,112,134,1346
GHCND:USW00093206,SAN LUIS OBISPO MCCHESNEY FIELD CA US,20080502,0,-9999,250,78,43,310,320,116,134,1311
GHCND:USW00093206,SAN LUIS OBISPO MCCHESNEY FIELD CA US,20080503,0,-9999,211,56,32,310,310,107,130,1307
GHCND:USW00093206,SAN LUIS OBISPO MCCHESNEY FIELD CA US,20080504,0,-9999,139,100,24,310,310,76,94,1409
GHCND:USW00093206,SAN LUIS OBISPO MCCHESNEY FIELD CA US,20080505,0,-9999,183,83,34,290,300,76,94,1338
GHCND:USW00093206,SAN LUIS OBISPO MCCHESNEY FIELD CA US,20080506,0,-9999,189,78,28,310,140,72,241,1859
GHCND:USW00093206,SAN LUIS OBISPO MCCHESNEY FIELD CA US,20080507,0,-9999,161,100,38,310,320,112,143,1422
GHCND:USW00093206,SAN LUIS OBISPO MCCHESNEY FIELD CA US,20080508,0,-9999,178,83,47,300,290,103,130,1352
GHCND:USW00093206,SAN LUIS OBISPO MCCHESNEY FIELD CA US,20080509,0,-9999,200,78,25,310,300,81,98,1636
GHCND:USW00093206,SAN LUIS OBISPO MCCHESNEY FIELD CA US,20080510,0,-9999,206,67,25,300,310,76,89,1653
GHCND:USW00093206,SAN LUIS OBISPO MCCHESNEY FIELD CA US,20080511,0,-9999,211,78,27,300,300,98,125,1611
GHCND:USW00093206,SAN LUIS OBISPO MCCHESNEY FIELD CA US,20080512,0,-9999,194,72,34,300,300,103,116,1533
GHCND:USW00093206,SAN LUIS OBISPO MCCHESNEY FIELD CA US,20080513,0,-9999,261,50,19,290,290,67,76,1556
GHCND:USW00093206,SAN LUIS OBISPO MCCHESNEY FIELD CA US,20080514,0,-9999,311,72,19,300,300,89,98,1454
GHCND:USW00093206,SAN LUIS OBISPO MCCHESNEY FIELD CA US,20080515,0,-9999,328,117,19,320,300,76,89,1632
GHCND:USW00093206,SAN LUIS OBISPO MCCHESNEY FIELD CA US,20080516,0,-9999,317,133,19,290,290,72,103,1445
GHCND:USW00093206,SAN LUIS OBISPO MCCHESNEY FIELD CA US,20080517,0,-9999,356,133,32,300,300,103,112,1447
GHCND:USW00093206,SAN LUIS OBISPO MCCHESNEY FIELD CA US,20080518,0,-9999,317,100,37,300,300,98,107,1811
GHCND:USW00093206,SAN LUIS OBISPO MCCHESNEY FIELD CA US,20080519,0,-9999,228,94,37,300,310,89,98,1507
GHCND:USW00093206,SAN LUIS OBISPO MCCHESNEY FIELD CA US,20080520,0,-9999,217,100,38,290,290,98,116,1408
GHCND:USW00093206,SAN LUIS OBISPO MCCHESNEY FIELD CA US,20080521,0,-9999,183,89,78,300,310,134,161,1340
GHCND:USW00093206,SAN LUIS OBISPO MCCHESNEY FIELD CA US,20080522,0,-9999,178,83,57,300,300,116,148,1614
GHCND:USW00093206,SAN LUIS OBISPO MCCHESNEY FIELD CA US,20080523,0,-9999,167,89,24,210,200,67,81,1418
GHCND:USW00093206,SAN LUIS OBISPO MCCHESNEY FIELD CA US,20080524,0,-9999,172,106,26,230,230,81,107,1323
GHCND:USW00093206,SAN LUIS OBISPO MCCHESNEY FIELD CA US,20080525,0,-9999,167,100,18,330,320,54,81,813
GHCND:USW00093206,SAN LUIS OBISPO MCCHESNEY FIELD CA US,20080526,0,-9999,200,67,37,310,300,98,116,1523
GHCND:USW00093206,SAN LUIS OBISPO MCCHESNEY FIELD CA US,20080527,0,-9999,194,89,30,310,310,94,112,1616
GHCND:USW00093206,SAN LUIS OBISPO MCCHESNEY FIELD CA US,20080528,0,-9999,206,61,35,330,350,98,125,1505
GHCND:USW00093206,SAN LUIS OBISPO MCCHESNEY FIELD CA US,20080529,0,-9999,222,83,40,310,300,103,130,1440
GHCND:USW00093206,SAN LUIS OBISPO MCCHESNEY FIELD CA US,20080530,0,-9999,200,67,53,320,300,103,116,1636
GHCND:USW00093206,SAN LUIS OBISPO MCCHESNEY FIELD CA US,20080531,0,-9999,189,106,41,310,300,98,116,1523
GHCND:USW00093206,SAN LUIS OBISPO MCCHESNEY FIELD CA US,20080601,0,-9999,217,89,46,300,310,125,143,1611
GHCND:USW00093206,SAN LUIS OBISPO MCCHESNEY FIELD CA US,20080602,0,-9999,194,61,40,310,310,107,125,1447
GHCND:USW00093206,SAN LUIS OBISPO MCCHESNEY FIELD CA US,20080603,0,-9999,222,61,57,310,310,134,161,1327
GHCND:USW00093206,SAN LUIS OBISPO MCCHESNEY FIELD CA US,20080604,0,-9999,183,94,61,310,310,125,157,1604
GHCND:USW00093206,SAN LUIS OBISPO MCCHESNEY FIELD CA US,20080605,0,-9999,228,67,47,300,300,116,139,1455
GHCND:USW00093206,SAN LUIS OBISPO MCCHESNEY FIELD CA US,20080606,0,-9999,206,94,67,310,310,134,170,1549
GHCND:USW00093206,SAN LUIS OBISPO MCCHESNEY FIELD CA US,20080607,0,-9999,233,89,61,310,250,130,157,136
GHCND:USW00093206,SAN LUIS OBISPO MCCHESNEY FIELD CA US,20080608,0,-9999,267,94,41,310,310,107,134,1247
GHCND:USW00093206,SAN LUIS OBISPO MCCHESNEY FIELD CA US,20080609,0,-9999,306,94,13,300,320,58,76,1455
GHCND:USW00093206,SAN LUIS OBISPO MCCHESNEY FIELD CA US,20080610,0,-9999,294,100,14,310,120,63,89,1605
GHCND:USW00093206,SAN LUIS OBISPO MCCHESNEY FIELD CA US,20080611,0,-9999,289,106,39,310,310,89,107,1432
GHCND:USW00093206,SAN LUIS OBISPO MCCHESNEY FIELD CA US,20080612,0,-9999,239,94,29,290,290,63,81,1317
GHCND:USW00093206,SAN LUIS OBISPO MCCHESNEY FIELD CA US,20080613,0,-9999,233,100,20,310,310,63,94,1443
GHCND:USW00093206,SAN LUIS OBISPO MCCHESNEY FIELD CA US,20080614,0,-9999,233,117,32,300,290,67,81,1502
GHCND:USW00093206,SAN LUIS OBISPO MCCHESNEY FIELD CA US,20080615,0,-9999,233,106,41,300,300,45,58,2331
GHCND:USW00093206,SAN LUIS OBISPO MCCHESNEY FIELD CA US,20080616,0,-9999,233,100,38,300,290,76,89,1542
GHCND:USW00093206,SAN LUIS OBISPO MCCHESNEY FIELD CA US,20080617,0,-9999,250,100,24,280,290,67,76,1617
GHCND:USW00093206,SAN LUIS OBISPO MCCHESNEY FIELD CA US,20080618,0,-9999,378,122,55,310,300,125,148,1312
GHCND:USW00093206,SAN LUIS OBISPO MCCHESNEY FIELD CA US,20080619,0,-9999,417,194,31,310,300,112,130,1612
GHCND:USW00093206,SAN LUIS OBISPO MCCHESNEY FIELD CA US,20080620,0,-9999,450,189,28,300,300,130,157,1457
GHCND:USW00093206,SAN LUIS OBISPO MCCHESNEY FIELD CA US,20080621,0,-9999,422,172,31,310,310,103,139,1612
GHCND:USW00093206,SAN LUIS OBISPO MCCHESNEY FIELD CA US,20080622,0,-9999,250,106,46,300,300,98,116,1441
GHCND:USW00093206,SAN LUIS OBISPO MCCHESNEY FIELD CA US,20080623,0,-9999,217,100,51,310,310,107,130,1613
GHCND:USW00093206,SAN LUIS OBISPO MCCHESNEY FIELD CA US,20080624,0,-9999,222,106,33,300,300,89,98,1623
GHCND:USW00093206,SAN LUIS OBISPO MCCHESNEY FIELD CA US,20080625,0,-9999,211,94,24,300,290,89,103,1618
GHCND:USW00093206,SAN LUIS OBISPO MCCHESNEY FIELD CA US,20080626,0,-9999,222,111,22,330,310,54,67,1513
GHCND:USW00093206,SAN LUIS OBISPO MCCHESNEY FIELD CA US,20080627,0,-9999,228,111,15,210,240,54,72,1555
GHCND:USW00093206,SAN LUIS OBISPO MCCHESNEY FIELD CA US,20080628,0,-9999,239,122,21,330,280,63,107,1348
GHCND:USW00093206,SAN LUIS OBISPO MCCHESNEY FIELD CA US,20080629,0,-9999,250,117,29,300,300,81,103,1629
GHCND:USW00093206,SAN LUIS OBISPO MCCHESNEY FIELD CA US,20080630,0,-9999,233,117,47,300,300,103,125,1311
GHCND:USW00093206,SAN LUIS OBISPO MCCHESNEY FIELD CA US,20080701,0,-9999,222,117,51,290,290,89,103,1419
GHCND:USW00093206,SAN LUIS OBISPO MCCHESNEY FIELD CA US,20080702,0,-9999,222,111,43,300,300,103,130,1524
GHCND:USW00093206,SAN LUIS OBISPO MCCHESNEY FIELD CA US,20080703,0,-9999,306,111,47,300,310,125,148,1502
GHCND:USW00093206,SAN LUIS OBISPO MCCHESNEY FIELD CA US,20080704,0,-9999,244,122,47,310,310,125,143,1213
GHCND:USW00093206,SAN LUIS OBISPO MCCHESNEY FIELD CA US,20080705,0,-9999,261,117,26,130,260,103,376,119
GHCND:USW00093206,SAN LUIS OBISPO MCCHESNEY FIELD CA US,20080706,0,-9999,244,111,28,310,300,94,103,1401
GHCND:USW00093206,SAN LUIS OBISPO MCCHESNEY FIELD CA US,20080707,0,-9999,272,117,18,300,300,45,76,1938
GHCND:USW00093206,SAN LUIS OBISPO MCCHESNEY FIELD CA US,20080708,0,-9999,278,117,18,300,280,58,107,1829
GHCND:USW00093206,SAN LUIS OBISPO MCCHESNEY FIELD CA US,20080709,0,-9999,256,128,10,290,310,40,58,1500
GHCND:USW00093206,SAN LUIS OBISPO MCCHESNEY FIELD CA US,20080710,0,-9999,267,144,17,300,300,63,72,1458
GHCND:USW00093206,SAN LUIS OBISPO MCCHESNEY FIELD CA US,20080711,0,-9999,250,150,22,210,210,63,273,27
GHCND:USW00093206,SAN LUIS OBISPO MCCHESNEY FIELD CA US,20080712,0,-9999,267,156,17,300,150,45,89,453
GHCND:USW00093206,SAN LUIS OBISPO MCCHESNEY FIELD CA US,20080713,0,-9999,261,144,31,300,70,67,89,1943
GHCND:USW00093206,SAN LUIS OBISPO MCCHESNEY FIELD CA US,20080714,0,-9999,244,156,42,230,210,98,116,448
GHCND:USW00093206,SAN LUIS OBISPO MCCHESNEY FIELD CA US,20080715,0,-9999,250,156,52,300,300,94,112,1645
GHCND:USW00093206,SAN LUIS OBISPO MCCHESNEY FIELD CA US,20080716,0,-9999,244,139,48,300,300,94,107,1342
GHCND:USW00093206,SAN LUIS OBISPO MCCHESNEY FIELD CA US,20080717,0,-9999,261,128,49,300,150,107,170,650
GHCND:USW00093206,SAN LUIS OBISPO MCCHESNEY FIELD CA US,20080718,0,-9999,244,122,45,300,300,81,98,1419
GHCND:USW00093206,SAN LUIS OBISPO MCCHESNEY FIELD CA US,20080719,0,-9999,228,122,23,160,170,54,76,1213
GHCND:USW00093206,SAN LUIS OBISPO MCCHESNEY FIELD CA US,20080720,0,-9999,222,128,30,300,310,72,89,1808
GHCND:USW00093206,SAN LUIS OBISPO MCCHESNEY FIELD CA US,20080721,0,-9999,233,122,33,310,10,89,107,1933
GHCND:USW00093206,SAN LUIS OBISPO MCCHESNEY FIELD CA US,20080722,0,-9999,250,111,17,290,300,58,130,441
GHCND:USW00093206,SAN LUIS OBISPO MCCHESNEY FIELD CA US,20080723,0,-9999,250,111,21,290,100,63,89,1700
GHCND:USW00093206,SAN LUIS OBISPO MCCHESNEY FIELD CA US,20080724,0,-9999,244,117,31,300,300,89,103,1519
GHCND:USW00093206,SAN LUIS OBISPO MCCHESNEY FIELD CA US,20080725,0,-9999,294,111,19,310,310,54,67,1332
GHCND:USW00093206,SAN LUIS OBISPO MCCHESNEY FIELD CA US,20080726,0,-9999,333,122,22,310,280,63,72,1436
GHCND:USW00093206,SAN LUIS OBISPO MCCHESNEY FIELD CA US,20080727,0,-9999,261,139,30,300,290,76,94,1522
GHCND:USW00093206,SAN LUIS OBISPO MCCHESNEY FIELD CA US,20080728,0,-9999,228,139,24,300,300,58,67,2048
GHCND:USW00093206,SAN LUIS OBISPO MCCHESNEY FIELD CA US,20080729,0,-9999,261,133,22,300,300,76,94,1557
GHCND:USW00093206,SAN LUIS OBISPO MCCHESNEY FIELD CA US,20080730,0,-9999,272,117,22,320,320,63,72,1348
GHCND:USW00093206,SAN LUIS OBISPO MCCHESNEY FIELD CA US,20080731,0,-9999,261,133,21,310,310,89,103,1745
GHCND:USW00093206,SAN LUIS OBISPO MCCHESNEY FIELD CA US,20080801,0,-9999,311,117,31,300,300,103,116,1423
GHCND:USW00093206,SAN LUIS OBISPO MCCHESNEY FIELD CA US,20080802,0,-9999,306,128,43,310,310,98,116,1224
GHCND:USW00093206,SAN LUIS OBISPO MCCHESNEY FIELD CA US,20080803,0,-9999,267,122,27,290,300,67,76,1618
GHCND:USW00093206,SAN LUIS OBISPO MCCHESNEY FIELD CA US,20080804,0,-9999,261,122,26,310,310,72,81,1254
GHCND:USW00093206,SAN LUIS OBISPO MCCHESNEY FIELD CA US,20080805,0,-9999,283,122,21,290,290,63,76,1545
GHCND:USW00093206,SAN LUIS OBISPO MCCHESNEY FIELD CA US,20080806,0,-9999,283,133,24,300,290,67,76,1450
GHCND:USW00093206,SAN LUIS OBISPO MCCHESNEY FIELD CA US,20080807,0,-9999,239,133,41,300,300,89,98,1722
GHCND:USW00093206,SAN LUIS OBISPO MCCHESNEY FIELD CA US,20080808,0,-9999,244,133,44,300,290,94,103,1445
GHCND:USW00093206,SAN LUIS OBISPO MCCHESNEY FIELD CA US,20080809,0,-9999,283,122,28,310,300,89,103,1647
GHCND:USW00093206,SAN LUIS OBISPO MCCHESNEY FIELD CA US,20080810,0,-9999,256,122,29,310,310,98,112,1531
GHCND:USW00093206,SAN LUIS OBISPO MCCHESNEY FIELD CA US,20080811,0,-9999,267,133,25,290,290,63,72,1732
GHCND:USW00093206,SAN LUIS OBISPO MCCHESNEY FIELD CA US,20080812,0,-9999,256,133,27,300,290,76,94,1503
GHCND:USW00093206,SAN LUIS OBISPO MCCHESNEY FIELD CA US,20080813,0,-9999,278,133,21,270,280,58,67,1441
GHCND:USW00093206,SAN LUIS OBISPO MCCHESNEY FIELD CA US,20080814,0,-9999,278,133,25,300,290,58,72,1625
GHCND:USW00093206,SAN LUIS OBISPO MCCHESNEY FIELD CA US,20080815,10,-9999,289,144,15,150,240,58,76,1403
GHCND:USW00093206,SAN LUIS OBISPO MCCHESNEY FIELD CA US,20080816,0,-9999,278,144,15,300,300,67,76,1627
GHCND:USW00093206,SAN LUIS OBISPO MCCHESNEY FIELD CA US,20080817,0,-9999,261,150,22,240,220,72,161,2318
GHCND:USW00093206,SAN LUIS OBISPO MCCHESNEY FIELD CA US,20080818,0,-9999,244,144,36,300,300,94,116,1601
GHCND:USW00093206,SAN LUIS OBISPO MCCHESNEY FIELD CA US,20080819,0,-9999,250,150,49,300,310,112,139,1519
GHCND:USW00093206,SAN LUIS OBISPO MCCHESNEY FIELD CA US,20080820,0,-9999,306,133,48,300,330,116,165,541
GHCND:USW00093206,SAN LUIS OBISPO MCCHESNEY FIELD CA US,20080821,0,-9999,300,144,40,310,310,116,139,1428
GHCND:USW00093206,SAN LUIS OBISPO MCCHESNEY FIELD CA US,20080822,0,-9999,261,150,25,310,240,58,72,1032
GHCND:USW00093206,SAN LUIS OBISPO MCCHESNEY FIELD CA US,20080823,0,-9999,256,150,26,300,300,72,81,1640
GHCND:USW00093206,SAN LUIS OBISPO MCCHESNEY FIELD CA US,20080824,0,-9999,278,144,24,300,220,94,335,103
GHCND:USW00093206,SAN LUIS OBISPO MCCHESNEY FIELD CA US,20080825,0,-9999,294,128,21,300,290,67,89,1321
GHCND:USW00093206,SAN LUIS OBISPO MCCHESNEY FIELD CA US,20080826,0,-9999,278,133,21,290,300,67,76,1541
GHCND:USW00093206,SAN LUIS OBISPO MCCHESNEY FIELD CA US,20080827,0,-9999,294,133,12,300,310,54,72,1141
GHCND:USW00093206,SAN LUIS OBISPO MCCHESNEY FIELD CA US,20080828,0,-9999,289,117,11,280,210,45,94,54
GHCND:USW00093206,SAN LUIS OBISPO MCCHESNEY FIELD CA US,20080829,0,-9999,294,122,17,290,290,67,81,1307
GHCND:USW00093206,SAN LUIS OBISPO MCCHESNEY FIELD CA US,20080830,0,-9999,278,133,21,300,290,72,76,1437
GHCND:USW00093206,SAN LUIS OBISPO MCCHESNEY FIELD CA US,20080831,0,-9999,261,122,23,300,300,81,98,1632
GHCND:USW00093206,SAN LUIS OBISPO MCCHESNEY FIELD CA US,20080901,0,-9999,333,94,20,310,310,89,103,1456
GHCND:USW00093206,SAN LUIS OBISPO MCCHESNEY FIELD CA US,20080902,0,-9999,322,139,19,300,120,72,112,2059
GHCND:USW00093206,SAN LUIS OBISPO MCCHESNEY FIELD CA US,20080903,0,-9999,300,122,17,280,150,58,94,1955
GHCND:USW00093206,SAN LUIS OBISPO MCCHESNEY FIELD CA US,20080904,0,-9999,306,117,18,290,290,58,67,1531
GHCND:USW00093206,SAN LUIS OBISPO MCCHESNEY FIELD CA US,20080905,0,-9999,283,139,19,290,330,54,183,2051
GHCND:USW00093206,SAN LUIS OBISPO MCCHESNEY FIELD CA US,20080906,0,-9999,294,133,11,290,120,45,170,2138
GHCND:USW00093206,SAN LUIS OBISPO MCCHESNEY FIELD CA US,20080907,0,-9999,272,133,15,290,90,63,89,547
GHCND:USW00093206,SAN LUIS OBISPO MCCHESNEY FIELD CA US,20080908,0,-9999,256,150,22,310,310,54,67,1733
GHCND:USW00093206,SAN LUIS OBISPO MCCHESNEY FIELD CA US,20080909,0,-9999,233,150,23,300,300,63,81,1501
GHCND:USW00093206,SAN LUIS OBISPO MCCHESNEY FIELD CA US,20080910,0,-9999,233,144,26,300,290,72,81,1649
GHCND:USW00093206,SAN LUIS OBISPO MCCHESNEY FIELD CA US,20080911,0,-9999,261,117,29,300,300,89,139,110
GHCND:USW00093206,SAN LUIS OBISPO MCCHESNEY FIELD CA US,20080912,0,-9999,244,150,22,290,210,67,107,40
GHCND:USW00093206,SAN LUIS OBISPO MCCHESNEY FIELD CA US,20080913,0,-9999,233,144,27,310,330,67,237,2329
GHCND:USW00093206,SAN LUIS OBISPO MCCHESNEY FIELD CA US,20080914,0,-9999,256,133,30,300,300,72,81,1829
GHCND:USW00093206,SAN LUIS OBISPO MCCHESNEY FIELD CA US,20080915,0,-9999,250,133,46,310,310,81,103,1716
GHCND:USW00093206,SAN LUIS OBISPO MCCHESNEY FIELD CA US,20080916,0,-9999,239,144,43,300,300,81,98,1427
GHCND:USW00093206,SAN LUIS OBISPO MCCHESNEY FIELD CA US,20080917,0,-9999,222,133,41,320,320,103,411,333
GHCND:USW00093206,SAN LUIS OBISPO MCCHESNEY FIELD CA US,20080918,0,-9999,233,100,35,300,300,94,107,1438
GHCND:USW00093206,SAN LUIS OBISPO MCCHESNEY FIELD CA US,20080919,0,-9999,239,106,32,290,280,81,107,1517
GHCND:USW00093206,SAN LUIS OBISPO MCCHESNEY FIELD CA US,20080920,0,-9999,250,139,56,300,220,116,286,259
GHCND:USW00093206,SAN LUIS OBISPO MCCHESNEY FIELD CA US,20080921,0,-9999,250,122,46,300,330,116,148,1528
GHCND:USW00093206,SAN LUIS OBISPO MCCHESNEY FIELD CA US,20080922,0,-9999,322,111,29,300,310,116,143,1509
GHCND:USW00093206,SAN LUIS OBISPO MCCHESNEY FIELD CA US,20080923,0,-9999,283,128,17,210,90,58,103,207
GHCND:USW00093206,SAN LUIS OBISPO MCCHESNEY FIELD CA US,20080924,0,-9999,256,100,13,290,90,45,98,2142
GHCND:USW00093206,SAN LUIS OBISPO MCCHESNEY FIELD CA US,20080925,0,-9999,317,117,22,310,150,81,268,511
GHCND:USW00093206,SAN LUIS OBISPO MCCHESNEY FIELD CA US,20080926,0,-9999,339,128,17,300,260,67,76,1116
GHCND:USW00093206,SAN LUIS OBISPO MCCHESNEY FIELD CA US,20080927,0,-9999,283,128,15,300,300,67,76,1720
GHCND:USW00093206,SAN LUIS OBISPO MCCHESNEY FIELD CA US,20080928,0,-9999,250,133,28,300,280,76,130,1857
GHCND:USW00093206,SAN LUIS OBISPO MCCHESNEY FIELD CA US,20080929,0,-9999,244,139,37,300,350,89,116,1812
GHCND:USW00093206,SAN LUIS OBISPO MCCHESNEY FIELD CA US,20080930,3,-9999,322,111,22,310,210,89,300,2014
GHCND:USW00093206,SAN LUIS OBISPO MCCHESNEY FIELD CA US,20081001,0,-9999,322,139,26,310,300,103,125,1531
GHCND:USW00093206,SAN LUIS OBISPO MCCHESNEY FIELD CA US,20081002,0,-9999,250,122,40,300,160,98,174,2206
GHCND:USW00093206,SAN LUIS OBISPO MCCHESNEY FIELD CA US,20081003,0,-9999,233,156,28,200,330,165,380,2158
GHCND:USW00093206,SAN LUIS OBISPO MCCHESNEY FIELD CA US,20081004,30,-9999,217,139,34,300,30,89,389,2259
GHCND:USW00093206,SAN LUIS OBISPO MCCHESNEY FIELD CA US,20081005,0,-9999,250,122,46,310,80,116,201,1321
GHCND:USW00093206,SAN LUIS OBISPO MCCHESNEY FIELD CA US,20081006,0,-9999,328,128,26,310,150,107,259,2241
GHCND:USW00093206,SAN LUIS OBISPO MCCHESNEY FIELD CA US,20081007,0,-9999,378,139,22,310,100,76,125,2233
GHCND:USW00093206,SAN LUIS OBISPO MCCHESNEY FIELD CA US,20081008,0,-9999,367,133,41,300,310,116,139,1525
GHCND:USW00093206,SAN LUIS OBISPO MCCHESNEY FIELD CA US,20081009,0,-9999,278,117,54,300,250,130,420,502
GHCND:USW00093206,SAN LUIS OBISPO MCCHESNEY FIELD CA US,20081010,0,-9999,211,106,57,290,290,116,148,1457
GHCND:USW00093206,SAN LUIS OBISPO MCCHESNEY FIELD CA US,20081011,0,-9999,200,50,35,300,300,98,139,1441
GHCND:USW00093206,SAN LUIS OBISPO MCCHESNEY FIELD CA US,20081012,0,-9999,233,44,26,310,300,107,130,1511
GHCND:USW00093206,SAN LUIS OBISPO MCCHESNEY FIELD CA US,20081013,0,-9999,283,89,22,300,310,89,98,1621
GHCND:USW00093206,SAN LUIS OBISPO MCCHESNEY FIELD CA US,20081014,0,-9999,311,72,25,310,320,98,112,1437
GHCND:USW00093206,SAN LUIS OBISPO MCCHESNEY FIELD CA US,20081015,0,-9999,350,94,19,310,330,89,148,6
GHCND:USW00093206,SAN LUIS OBISPO MCCHESNEY FIELD CA US,20081016,0,-9999,344,128,13,300,310,63,94,1327
GHCND:USW00093206,SAN LUIS OBISPO MCCHESNEY FIELD CA US,20081017,0,-9999,333,94,8,220,210,72,103,2224
GHCND:USW00093206,SAN LUIS OBISPO MCCHESNEY FIELD CA US,20081018,0,-9999,228,128,26,300,20,67,165,2204
GHCND:USW00093206,SAN LUIS OBISPO MCCHESNEY FIELD CA US,20081019,0,-9999,206,117,37,300,30,81,130,2015
GHCND:USW00093206,SAN LUIS OBISPO MCCHESNEY FIELD CA US,20081020,0,-9999,233,106,42,310,310,107,125,1741
GHCND:USW00093206,SAN LUIS OBISPO MCCHESNEY FIELD CA US,20081021,0,-9999,317,133,25,220,210,103,125,2110
GHCND:USW00093206,SAN LUIS OBISPO MCCHESNEY FIELD CA US,20081022,0,-9999,367,133,18,300,300,76,94,1511
GHCND:USW00093206,SAN LUIS OBISPO MCCHESNEY FIELD CA US,20081023,0,-9999,361,106,9,300,300,58,67,1509
GHCND:USW00093206,SAN LUIS OBISPO MCCHESNEY FIELD CA US,20081024,0,-9999,344,111,19,310,320,98,116,1357
GHCND:USW00093206,SAN LUIS OBISPO MCCHESNEY FIELD CA US,20081025,0,-9999,267,61,13,290,300,58,67,1300
GHCND:USW00093206,SAN LUIS OBISPO MCCHESNEY FIELD CA US,20081026,0,-9999,228,89,19,290,280,58,94,1201
GHCND:USW00093206,SAN LUIS OBISPO MCCHESNEY FIELD CA US,20081027,0,-9999,233,100,16,170,150,98,264,2015
GHCND:USW00093206,SAN LUIS OBISPO MCCHESNEY FIELD CA US,20081028,0,-9999,239,111,22,300,300,94,103,1551
GHCND:USW00093206,SAN LUIS OBISPO MCCHESNEY FIELD CA US,20081029,3,-9999,289,94,15,310,310,89,107,1415
GHCND:USW00093206,SAN LUIS OBISPO MCCHESNEY FIELD CA US,20081030,20,-9999,256,100,19,260,260,81,107,1230
GHCND:USW00093206,SAN LUIS OBISPO MCCHESNEY FIELD CA US,20081031,3,-9999,222,156,15,240,20,67,94,330
GHCND:USW00093206,SAN LUIS OBISPO MCCHESNEY FIELD CA US,20081101,119,-9999,217,167,22,200,100,67,103,719
GHCND:USW00093206,SAN LUIS OBISPO MCCHESNEY FIELD CA US,20081102,8,-9999,222,139,25,300,310,76,94,1523
GHCND:USW00093206,SAN LUIS OBISPO MCCHESNEY FIELD CA US,20081103,127,-9999,189,111,21,160,360,76,103,109
GHCND:USW00093206,SAN LUIS OBISPO MCCHESNEY FIELD CA US,20081104,0,-9999,194,106,36,330,330,89,125,2220
GHCND:USW00093206,SAN LUIS OBISPO MCCHESNEY FIELD CA US,20081105,0,-9999,217,100,29,40,340,76,112,327
GHCND:USW00093206,SAN LUIS OBISPO MCCHESNEY FIELD CA US,20081106,0,-9999,-9999,100,22,10,360,98,130,1504
GHCND:USW00093206,SAN LUIS OBISPO MCCHESNEY FIELD CA US,20081107,0,-9999,317,100,22,300,300,9,116,1414
GHCND:USW00093206,SAN LUIS OBISPO MCCHESNEY FIELD CA US,20081108,3,-9999,283,83,46,300,290,116,161,2112
GHCND:USW00093206,SAN LUIS OBISPO MCCHESNEY FIELD CA US,20081109,0,-9999,183,117,57,290,20,116,174,200
GHCND:USW00093206,SAN LUIS OBISPO MCCHESNEY FIELD CA US,20081110,0,-9999,194,89,34,310,290,94,107,1537
GHCND:USW00093206,SAN LUIS OBISPO MCCHESNEY FIELD CA US,20081111,0,-9999,244,72,25,300,300,103,116,1540
GHCND:USW00093206,SAN LUIS OBISPO MCCHESNEY FIELD CA US,20081112,0,-9999,256,144,31,320,30,76,103,1152
GHCND:USW00093206,SAN LUIS OBISPO MCCHESNEY FIELD CA US,20081113,0,-9999,267,150,36,300,320,81,116,1100
GHCND:USW00093206,SAN LUIS OBISPO MCCHESNEY FIELD CA US,20081114,0,-9999,328,150,25,360,340,89,130,744
GHCND:USW00093206,SAN LUIS OBISPO MCCHESNEY FIELD CA US,20081115,0,-9999,339,111,12,310,310,58,67,1455
GHCND:USW00093206,SAN LUIS OBISPO MCCHESNEY FIELD CA US,20081116,0,-9999,328,94,10,290,290,54,63,1616
GHCND:USW00093206,SAN LUIS OBISPO MCCHESNEY FIELD CA US,20081117,0,-9999,322,83,10,300,300,67,76,1341
GHCND:USW00093206,SAN LUIS OBISPO MCCHESNEY FIELD CA US,20081118,0,-9999,244,72,13,300,300,58,67,1537
GHCND:USW00093206,SAN LUIS OBISPO MCCHESNEY FIELD CA US,20081119,0,-9999,228,100,26,300,300,89,107,1421
GHCND:USW00093206,SAN LUIS OBISPO MCCHESNEY FIELD CA US,20081120,0,-9999,261,106,22,350,350,81,107,1347
GHCND:USW00093206,SAN LUIS OBISPO MCCHESNEY FIELD CA US,20081121,0,-9999,261,106,23,340,340,67,81,1142
GHCND:USW00093206,SAN LUIS OBISPO MCCHESNEY FIELD CA US,20081122,0,-9999,283,83,14,300,310,76,89,1431
GHCND:USW00093206,SAN LUIS OBISPO MCCHESNEY FIELD CA US,20081123,0,-9999,211,67,13,310,210,58,63,1522
GHCND:USW00093206,SAN LUIS OBISPO MCCHESNEY FIELD CA US,20081124,0,-9999,194,106,7,220,340,45,72,741
GHCND:USW00093206,SAN LUIS OBISPO MCCHESNEY FIELD CA US,20081125,79,-9999,200,106,8,190,120,54,81,705
GHCND:USW00093206,SAN LUIS OBISPO MCCHESNEY FIELD CA US,20081126,86,-9999,178,122,11,210,330,54,179,425
GHCND:USW00093206,SAN LUIS OBISPO MCCHESNEY FIELD CA US,20081127,0,-9999,189,111,24,300,300,81,94,1325
GHCND:USW00093206,SAN LUIS OBISPO MCCHESNEY FIELD CA US,20081128,0,-9999,217,89,16,10,20,63,81,1425
GHCND:USW00093206,SAN LUIS OBISPO MCCHESNEY FIELD CA US,20081129,0,-9999,261,78,10,320,330,45,94,1501
GHCND:USW00093206,SAN LUIS OBISPO MCCHESNEY FIELD CA US,20081130,0,-9999,239,72,17,300,300,81,94,1431
GHCND:USW00093206,SAN LUIS OBISPO MCCHESNEY FIELD CA US,20081201,0,-9999,178,106,19,290,280,94,103,1321
GHCND:USW00093206,SAN LUIS OBISPO MCCHESNEY FIELD CA US,20081202,0,-9999,228,94,25,310,30,89,174,340
GHCND:USW00093206,SAN LUIS OBISPO MCCHESNEY FIELD CA US,20081203,0,-9999,206,61,14,300,30,67,116,430
GHCND:USW00093206,SAN LUIS OBISPO MCCHESNEY FIELD CA US,20081204,3,-9999,172,67,15,300,140,63,81,621
GHCND:USW00093206,SAN LUIS OBISPO MCCHESNEY FIELD CA US,20081205,0,-9999,233,28,5,290,290,36,54,1506
GHCND:USW00093206,SAN LUIS OBISPO MCCHESNEY FIELD CA US,20081206,0,-9999,239,44,14,320,320,63,76,1644
GHCND:USW00093206,SAN LUIS OBISPO MCCHESNEY FIELD CA US,20081207,0,-9999,200,89,26,300,290,72,89,1612
GHCND:USW00093206,SAN LUIS OBISPO MCCHESNEY FIELD CA US,20081208,0,-9999,172,83,22,300,300,76,98,1604
GHCND:USW00093206,SAN LUIS OBISPO MCCHESNEY FIELD CA US,20081209,0,-9999,206,39,22,290,300,72,89,1514
GHCND:USW00093206,SAN LUIS OBISPO MCCHESNEY FIELD CA US,20081210,0,-9999,222,22,12,310,110,58,134,1921
GHCND:USW00093206,SAN LUIS OBISPO MCCHESNEY FIELD CA US,20081211,0,-9999,244,50,12,90,90,54,58,131
GHCND:USW00093206,SAN LUIS OBISPO MCCHESNEY FIELD CA US,20081212,0,-9999,178,61,16,310,300,67,72,1509
GHCND:USW00093206,SAN LUIS OBISPO MCCHESNEY FIELD CA US,20081213,10,-9999,139,33,28,290,290,98,130,1425
GHCND:USW00093206,SAN LUIS OBISPO MCCHESNEY FIELD CA US,20081214,231,-9999,139,0,30,170,160,94,139,2208
GHCND:USW00093206,SAN LUIS OBISPO MCCHESNEY FIELD CA US,20081215,61,-9999,144,61,18,290,290,116,139,1435
GHCND:USW00093206,SAN LUIS OBISPO MCCHESNEY FIELD CA US,20081216,38,-9999,122,28,8,300,30,58,170,242
GHCND:USW00093206,SAN LUIS OBISPO MCCHESNEY FIELD CA US,20081217,0,-9999,122,33,26,340,340,67,98,1307
GHCND:USW00093206,SAN LUIS OBISPO MCCHESNEY FIELD CA US,20081218,0,-9999,150,0,13,300,340,67,89,706
GHCND:USW00093206,SAN LUIS OBISPO MCCHESNEY FIELD CA US,20081219,0,-9999,161,22,18,290,290,72,89,1440
GHCND:USW00093206,SAN LUIS OBISPO MCCHESNEY FIELD CA US,20081220,0,-9999,172,50,25,360,350,94,116,1440
GHCND:USW00093206,SAN LUIS OBISPO MCCHESNEY FIELD CA US,20081221,5,-9999,194,50,28,310,310,89,98,1617
GHCND:USW00093206,SAN LUIS OBISPO MCCHESNEY FIELD CA US,20081222,58,-9999,150,50,27,290,310,98,125,346
GHCND:USW00093206,SAN LUIS OBISPO MCCHESNEY FIELD CA US,20081223,0,-9999,139,22,14,300,310,58,72,1425
GHCND:USW00093206,SAN LUIS OBISPO MCCHESNEY FIELD CA US,20081224,0,-9999,144,78,51,140,140,125,157,1320
GHCND:USW00093206,SAN LUIS OBISPO MCCHESNEY FIELD CA US,20081225,58,-9999,139,28,47,300,300,139,192,1357
GHCND:USW00093206,SAN LUIS OBISPO MCCHESNEY FIELD CA US,20081226,0,-9999,139,6,18,320,320,67,94,1311
GHCND:USW00093206,SAN LUIS OBISPO MCCHESNEY FIELD CA US,20081227,0,-9999,167,11,11,30,40,58,76,1535
GHCND:USW00093206,SAN LUIS OBISPO MCCHESNEY FIELD CA US,20081228,0,-9999,189,33,22,340,320,72,89,1541
GHCND:USW00093206,SAN LUIS OBISPO MCCHESNEY FIELD CA US,20081229,0,-9999,222,28,20,20,20,67,89,1613
GHCND:USW00093206,SAN LUIS OBISPO MCCHESNEY FIELD CA US,20081230,0,-9999,233,72,14,20,30,76,112,241
GHCND:USW00093206,SAN LUIS OBISPO MCCHESNEY FIELD CA US,20081231,0,-9999,222,56,31,310,330,89,125,1356
